{"type":"FeatureCollection","features":[{"type":"Feature","geometry":{"type":"MultiPolygon","coordinates":[[[[117.7,4.16],[117.84,4.04],[117.94,4.06],[117.91,4.16],[117.7,4.16]]],[[[124.45,-9.18],[124.43,-9.29],[124.35,-9.37],[124.33,-9.47],[124.26,-9.5],[124.2,-9.37],[124.12,-9.43],[124.03,-9.34],[123.86,-9.49],[123.69,-9.61],[123.65,-9.89],[123.59,-9.93],[123.59,-10.05],[123.68,-10.02],[123.75,-10.1],[123.55,-10.19],[123.47,-10.34],[123.72,-10.37],[123.83,-10.36],[123.93,-10.29],[124.03,-10.28],[124.11,-10.18],[124.42,-10.16],[124.56,-10.01],[124.74,-9.9],[124.85,-9.75],[124.97,-9.66],[125,-9.54],[125.06,-9.49],[124.97,-9.19],[125.14,-9.19],[125.15,-9.04],[125.1,-8.99],[124.95,-9.08],[124.92,-8.96],[124.69,-9.07],[124.56,-9.17],[124.45,-9.18]]],[[[117.57,4.16],[117.41,4.2],[117.23,4.35],[116.8,4.33],[116.71,4.37],[116.58,4.33],[116.53,4.39],[116.42,4.29],[116.31,4.38],[116.13,4.38],[116.02,4.27],[115.98,4.33],[115.82,4.34],[115.82,4.28],[115.65,4.17],[115.61,4],[115.54,3.9],[115.59,3.86],[115.54,3.63],[115.6,3.43],[115.52,3.36],[115.48,3.21],[115.52,3.16],[115.46,3.03],[115.21,2.98],[115.07,2.83],[115.06,2.61],[115.14,2.6],[115.2,2.53],[114.97,2.36],[114.92,2.3],[114.78,2.25],[114.75,2.15],[114.78,2.04],[114.85,2.03],[114.83,1.9],[114.71,1.86],[114.65,1.64],[114.5,1.44],[114.4,1.5],[114.16,1.43],[114.05,1.47],[113.91,1.44],[113.81,1.34],[113.65,1.23],[113.52,1.31],[113.4,1.29],[113.32,1.35],[113.09,1.43],[112.97,1.42],[113.02,1.54],[112.86,1.58],[112.81,1.55],[112.47,1.57],[112.18,1.45],[112.18,1.37],[112.1,1.16],[111.91,1.11],[111.82,1.01],[111.66,1.03],[111.54,1],[111.35,1.01],[111.2,1.08],[110.88,1.01],[110.76,0.92],[110.55,0.85],[110.42,0.91],[110.26,1.04],[110.17,1.17],[110.05,1.22],[109.93,1.38],[109.84,1.4],[109.68,1.57],[109.65,1.76],[109.55,1.81],[109.53,1.89],[109.65,2.08],[109.56,1.99],[109.34,1.94],[109.35,1.81],[109.25,1.67],[109.1,1.56],[109.06,1.38],[108.93,1.14],[108.98,1],[108.94,0.88],[108.86,0.83],[108.93,0.64],[108.92,0.34],[109.1,0.24],[109.17,0.11],[109.16,0.03],[109.2,-0.22],[109.09,-0.29],[109.12,-0.5],[109.36,-0.65],[109.25,-0.7],[109.27,-0.85],[109.41,-0.91],[109.44,-0.85],[109.58,-0.89],[109.61,-0.96],[109.73,-0.95],[109.84,-1.09],[109.92,-1.1],[109.93,-1.22],[110.03,-1.29],[110.07,-1.43],[110.04,-1.63],[109.99,-1.73],[109.92,-1.77],[109.95,-1.87],[110.08,-1.92],[110.13,-2.07],[110.1,-2.24],[110.14,-2.29],[110.16,-2.44],[110.22,-2.53],[110.21,-2.65],[110.25,-2.79],[110.21,-2.9],[110.26,-3],[110.51,-2.87],[110.62,-2.91],[110.66,-3.08],[110.76,-3.01],[110.91,-3.08],[111.06,-3.06],[111.3,-2.94],[111.45,-2.93],[111.58,-3.01],[111.76,-2.91],[111.83,-3.06],[111.82,-3.19],[111.84,-3.36],[111.82,-3.54],[111.91,-3.57],[112.12,-3.38],[112.3,-3.31],[112.39,-3.34],[112.53,-3.44],[112.62,-3.42],[113.02,-3.16],[112.95,-3.09],[113.02,-3.04],[113.18,-3.08],[113.24,-3.18],[113.35,-3.25],[113.47,-3.18],[113.62,-3.18],[113.64,-3.3],[113.63,-3.46],[113.71,-3.47],[113.89,-3.43],[114.04,-3.36],[114.26,-3.4],[114.41,-3.48],[114.52,-3.48],[114.54,-3.56],[114.61,-3.68],[114.6,-3.85],[114.63,-4.01],[114.61,-4.13],[114.71,-4.17],[115.06,-3.99],[115.58,-3.78],[115.76,-3.7],[115.84,-3.63],[115.99,-3.58],[116.02,-3.41],[116.16,-3.17],[116.27,-3.14],[116.11,-2.93],[116.33,-2.93],[116.37,-2.82],[116.37,-2.65],[116.39,-2.57],[116.54,-2.51],[116.6,-2.22],[116.53,-2.17],[116.41,-2.2],[116.36,-2.09],[116.46,-2.02],[116.47,-1.91],[116.33,-1.7],[116.56,-1.61],[116.54,-1.48],[116.61,-1.42],[116.76,-1.36],[116.82,-1.26],[117.02,-1.2],[117.16,-0.98],[117.25,-0.91],[117.27,-0.83],[117.38,-0.84],[117.62,-0.78],[117.54,-0.69],[117.59,-0.57],[117.6,-0.42],[117.49,-0.39],[117.43,-0.26],[117.53,-0.03],[117.47,0.11],[117.51,0.28],[117.62,0.5],[117.72,0.64],[117.74,0.74],[117.81,0.81],[118.03,0.87],[117.98,0.98],[118.19,0.88],[118.57,0.8],[118.69,0.85],[118.81,0.81],[119,0.96],[119.01,1.04],[118.86,1.06],[118.78,1.2],[118.61,1.35],[118.52,1.37],[118.43,1.49],[118.13,1.66],[118.05,1.78],[117.92,1.82],[117.87,1.88],[117.86,2.04],[117.94,2.16],[118.05,2.21],[118.1,2.3],[117.98,2.47],[117.83,2.61],[117.78,2.76],[117.63,2.81],[117.66,3],[117.62,3.09],[117.48,3.1],[117.37,3.18],[117.37,3.3],[117.45,3.39],[117.33,3.44],[117.2,3.56],[117.22,3.65],[117.43,3.64],[117.55,3.66],[117.75,3.64],[117.82,3.7],[117.78,3.8],[117.52,4.05],[117.57,4.16]]],[[[140.97,-2.6],[140.74,-2.63],[140.73,-2.49],[140.61,-2.44],[140.39,-2.4],[140.33,-2.46],[140.1,-2.32],[140.06,-2.35],[139.87,-2.37],[139.78,-2.35],[139.47,-2.19],[139.28,-2.12],[139.11,-2.01],[138.8,-1.92],[138.67,-1.79],[138.36,-1.71],[138.07,-1.61],[137.93,-1.48],[137.79,-1.48],[137.53,-1.6],[137.35,-1.71],[137.14,-1.79],[137.1,-1.89],[137.21,-1.95],[137.23,-2.07],[137.02,-2.12],[136.75,-2.25],[136.48,-2.21],[136.36,-2.25],[136.35,-2.35],[136.24,-2.6],[136.02,-2.71],[135.97,-2.78],[135.89,-3],[135.75,-3.08],[135.56,-3.29],[135.47,-3.36],[135.34,-3.39],[134.99,-3.33],[134.9,-3.26],[134.82,-3.05],[134.7,-2.96],[134.67,-2.83],[134.66,-2.56],[134.56,-2.46],[134.47,-2.58],[134.53,-2.83],[134.46,-2.85],[134.4,-2.74],[134.33,-2.52],[134.19,-2.38],[134.16,-2.31],[134.15,-1.94],[134.09,-1.68],[134.21,-1.57],[134.23,-1.44],[134.28,-1.35],[134.2,-1.21],[134.14,-1.17],[134.04,-0.96],[134.1,-0.81],[133.98,-0.72],[133.75,-0.75],[133.39,-0.72],[133.16,-0.53],[132.91,-0.45],[132.71,-0.36],[132.44,-0.35],[132.27,-0.38],[132.1,-0.47],[131.88,-0.68],[131.59,-0.76],[131.5,-0.73],[131.24,-0.82],[131.29,-0.91],[131.25,-1.08],[131.18,-1.22],[131.03,-1.28],[131,-1.46],[131.13,-1.45],[131.21,-1.52],[131.32,-1.47],[131.43,-1.5],[131.57,-1.48],[131.71,-1.56],[131.86,-1.56],[131.93,-1.71],[131.97,-1.96],[132.07,-2.1],[132.22,-2.17],[132.35,-2.27],[132.56,-2.19],[132.7,-2.31],[132.82,-2.24],[132.94,-2.28],[133.17,-2.22],[133.3,-2.2],[133.55,-2.24],[133.84,-2.14],[133.95,-2.29],[133.71,-2.6],[133.61,-2.53],[133.32,-2.49],[133.26,-2.42],[133.03,-2.48],[132.84,-2.74],[132.74,-2.81],[132.59,-2.72],[132.2,-2.68],[132.12,-2.7],[132,-2.91],[132.07,-2.96],[132.27,-2.93],[132.55,-3.11],[132.6,-3.24],[132.67,-3.33],[132.81,-3.28],[132.83,-3.46],[132.93,-3.55],[132.88,-3.64],[132.76,-3.63],[132.73,-3.68],[132.79,-3.79],[132.84,-4],[132.97,-4.11],[133.08,-4.06],[133.27,-4.05],[133.46,-3.85],[133.41,-3.72],[133.59,-3.57],[133.55,-3.43],[133.66,-3.36],[133.67,-3.12],[133.88,-2.95],[133.86,-3.08],[133.68,-3.23],[133.7,-3.43],[133.65,-3.5],[133.71,-3.62],[133.84,-3.64],[133.96,-3.84],[134.02,-3.8],[134.19,-3.83],[134.19,-3.94],[134.33,-3.97],[134.43,-3.91],[134.53,-4.03],[134.69,-3.91],[134.66,-4.13],[134.82,-4.26],[135.23,-4.46],[135.43,-4.43],[135.73,-4.49],[135.91,-4.5],[136.04,-4.59],[136.27,-4.68],[136.35,-4.68],[136.82,-4.93],[136.95,-4.92],[137.35,-5.04],[137.58,-5.18],[137.71,-5.22],[137.82,-5.36],[137.92,-5.39],[137.99,-5.47],[138.07,-5.42],[138.05,-5.61],[138.07,-5.73],[138.27,-5.89],[138.37,-6.09],[138.39,-6.23],[138.47,-6.4],[138.71,-6.63],[138.68,-6.71],[138.82,-6.81],[138.74,-6.9],[138.61,-6.88],[138.57,-6.94],[138.76,-7.11],[138.69,-7.19],[138.84,-7.31],[138.94,-7.5],[139.09,-7.56],[139.01,-7.75],[138.99,-7.86],[138.91,-7.92],[138.91,-8.04],[138.92,-8.08],[138.86,-8.1],[138.85,-8.18],[138.91,-8.29],[139.09,-8.13],[139.2,-8.1],[139.36,-8.2],[139.51,-8.18],[139.63,-8.12],[139.93,-8.11],[140.03,-8.25],[140.25,-8.41],[140.51,-8.64],[140.62,-8.81],[140.86,-9.05],[140.98,-9.11],[140.98,-7.96],[140.98,-6.9],[140.92,-6.86],[140.85,-6.7],[140.95,-6.48],[140.98,-6.33],[140.98,-5.62],[140.98,-4.6],[140.97,-3.8],[140.97,-2.6]]],[[[117.66,-8.15],[117.49,-8.18],[117.49,-8.35],[117.57,-8.36],[117.66,-8.15]]],[[[120.76,-7.08],[120.62,-7],[120.62,-7.11],[120.67,-7.15],[120.76,-7.08]]],[[[134.61,-6.42],[134.45,-6.28],[134.36,-6.38],[134.46,-6.42],[134.51,-6.51],[134.61,-6.42]]],[[[134.38,-6.25],[134.33,-6.23],[134.23,-6.13],[134.23,-6.24],[134.33,-6.31],[134.38,-6.25]]],[[[109.91,-7.84],[110.03,-7.88],[110.48,-8.11],[111,-8.25],[111.12,-8.24],[111.17,-8.28],[111.28,-8.25],[111.44,-8.28],[111.67,-8.37],[111.78,-8.26],[112.03,-8.3],[112.37,-8.34],[112.67,-8.45],[112.83,-8.38],[112.9,-8.4],[112.99,-8.32],[113.2,-8.28],[113.47,-8.38],[113.75,-8.53],[114.2,-8.65],[114.3,-8.61],[114.39,-8.66],[114.39,-8.75],[114.6,-8.78],[114.59,-8.66],[114.45,-8.6],[114.36,-8.42],[114.45,-8.01],[114.47,-7.83],[114.26,-7.7],[114.14,-7.7],[114.02,-7.62],[113.95,-7.68],[113.8,-7.72],[113.53,-7.7],[113.3,-7.79],[113.13,-7.73],[113.06,-7.66],[112.85,-7.59],[112.76,-7.53],[112.82,-7.26],[112.7,-7.25],[112.54,-6.92],[112.36,-6.87],[112.19,-6.9],[112.07,-6.89],[111.96,-6.78],[111.88,-6.81],[111.74,-6.78],[111.61,-6.66],[111.49,-6.62],[111.43,-6.7],[111.16,-6.69],[111.05,-6.46],[110.93,-6.4],[110.73,-6.46],[110.67,-6.56],[110.65,-6.69],[110.57,-6.84],[110.49,-6.94],[110.36,-6.97],[110.2,-6.89],[109.9,-6.92],[109.73,-6.86],[109.53,-6.83],[109.35,-6.88],[109.14,-6.86],[109,-6.79],[108.92,-6.84],[108.84,-6.79],[108.75,-6.81],[108.61,-6.76],[108.54,-6.49],[108.46,-6.44],[108.37,-6.34],[108.36,-6.25],[108.22,-6.24],[108.09,-6.33],[107.81,-6.19],[107.68,-6.24],[107.62,-6.19],[107.47,-6.14],[107.35,-5.98],[107.15,-5.97],[107.04,-5.91],[106.99,-6.08],[106.79,-6.1],[106.66,-6.01],[106.5,-6.03],[106.26,-5.94],[106.21,-6],[106.11,-5.97],[106.02,-5.89],[105.89,-6.07],[105.83,-6.23],[105.82,-6.43],[105.78,-6.51],[105.62,-6.53],[105.63,-6.62],[105.45,-6.81],[105.36,-6.66],[105.28,-6.76],[105.31,-6.81],[105.56,-6.86],[105.78,-6.85],[105.96,-6.82],[106.05,-6.84],[106.33,-7],[106.45,-6.95],[106.54,-7.05],[106.4,-7.21],[106.38,-7.31],[106.52,-7.41],[107.11,-7.46],[107.41,-7.5],[107.59,-7.57],[107.69,-7.66],[107.95,-7.74],[108.33,-7.82],[108.45,-7.82],[108.54,-7.69],[108.89,-7.68],[109.01,-7.73],[109.1,-7.69],[109.37,-7.71],[109.43,-7.77],[109.66,-7.78],[109.91,-7.84]]],[[[119.85,-0.87],[119.74,-0.64],[119.68,-0.74],[119.54,-0.85],[119.45,-1.1],[119.33,-1.21],[119.3,-1.39],[119.33,-1.57],[119.31,-1.65],[119.35,-1.93],[119.22,-2.01],[119.13,-2.2],[119.14,-2.45],[119.02,-2.58],[118.9,-2.66],[118.79,-2.65],[118.77,-2.86],[118.88,-2.86],[118.85,-3.05],[118.77,-3.1],[118.85,-3.3],[118.84,-3.35],[118.92,-3.55],[119.3,-3.43],[119.5,-3.49],[119.51,-3.58],[119.46,-3.71],[119.57,-3.94],[119.63,-3.97],[119.61,-4.11],[119.63,-4.32],[119.59,-4.56],[119.49,-4.75],[119.53,-4.88],[119.45,-5.09],[119.38,-5.21],[119.36,-5.4],[119.47,-5.56],[119.65,-5.68],[119.81,-5.69],[119.92,-5.57],[120.1,-5.6],[120.32,-5.51],[120.46,-5.6],[120.38,-5.34],[120.26,-5.15],[120.31,-4.99],[120.31,-4.87],[120.39,-4.83],[120.44,-4.63],[120.4,-4.57],[120.38,-4.17],[120.35,-4.1],[120.37,-3.86],[120.45,-3.73],[120.4,-3.52],[120.41,-3.33],[120.38,-3.21],[120.29,-3.16],[120.23,-2.95],[120.54,-2.75],[120.58,-2.68],[120.78,-2.61],[121.01,-2.66],[121.07,-2.75],[121.08,-2.98],[121.05,-3.07],[121.07,-3.19],[120.98,-3.27],[120.87,-3.45],[120.89,-3.54],[121.16,-3.8],[121.24,-3.81],[121.35,-3.97],[121.56,-4.02],[121.63,-4.09],[121.59,-4.24],[121.54,-4.23],[121.49,-4.66],[121.55,-4.74],[121.7,-4.83],[121.82,-4.81],[121.99,-4.86],[122.11,-4.79],[122.04,-4.71],[122.09,-4.54],[122.24,-4.47],[122.6,-4.4],[122.77,-4.48],[122.9,-4.39],[122.91,-4.2],[122.87,-4.09],[122.78,-4.14],[122.68,-4.12],[122.62,-3.95],[122.53,-3.86],[122.44,-3.73],[122.36,-3.73],[122.25,-3.66],[122.2,-3.56],[122.27,-3.52],[122.3,-3.34],[122.39,-3.13],[122.27,-3],[122.31,-2.93],[122.19,-2.87],[122.18,-2.81],[122.02,-2.69],[122.02,-2.61],[121.88,-2.41],[121.82,-2.29],[121.7,-2.18],[121.56,-2.13],[121.54,-2.06],[121.33,-1.92],[121.31,-1.78],[121.44,-1.81],[121.54,-1.92],[121.69,-1.91],[121.8,-1.72],[122.04,-1.61],[122.18,-1.61],[122.37,-1.49],[122.48,-1.38],[122.65,-1.16],[122.72,-1.11],[122.81,-0.92],[123.06,-0.88],[123.24,-1.02],[123.31,-1.05],[123.39,-0.98],[123.45,-0.76],[123.4,-0.64],[123.24,-0.57],[123.08,-0.56],[123.03,-0.6],[122.82,-0.61],[122.91,-0.76],[122.72,-0.79],[122.61,-0.75],[122.21,-0.76],[122.11,-0.93],[121.93,-0.95],[121.71,-0.93],[121.6,-0.81],[121.45,-0.91],[121.27,-1.15],[121.2,-1.2],[121.17,-1.32],[121.07,-1.42],[120.99,-1.38],[120.89,-1.39],[120.8,-1.34],[120.68,-1.39],[120.57,-1.22],[120.58,-1.1],[120.5,-0.97],[120.39,-0.9],[120.33,-0.94],[120.24,-0.89],[120.09,-0.66],[120,-0.21],[120.03,-0.06],[120.08,0.01],[120.13,0.18],[120.27,0.38],[120.38,0.48],[120.5,0.53],[120.68,0.53],[120.89,0.42],[121.51,0.49],[121.53,0.54],[121.73,0.5],[121.8,0.43],[122.32,0.5],[122.65,0.48],[122.98,0.48],[123.07,0.52],[123.24,0.33],[123.39,0.3],[123.57,0.3],[123.63,0.27],[123.75,0.31],[124.07,0.35],[124.32,0.4],[124.5,0.53],[124.64,0.73],[124.66,0.81],[124.83,0.95],[124.9,0.97],[125.03,1.18],[125.14,1.42],[125.25,1.49],[125.17,1.59],[125.18,1.67],[125.04,1.68],[124.98,1.73],[124.84,1.59],[124.85,1.49],[124.69,1.4],[124.55,1.36],[124.59,1.2],[124.39,1.19],[124.32,1.04],[124.15,0.95],[124.01,0.9],[123.95,0.84],[123.83,0.83],[123.56,0.87],[123.38,0.93],[123.1,0.93],[122.97,0.96],[122.92,0.86],[122.85,0.82],[122.62,0.97],[122.45,1.02],[122.22,1.01],[122.09,1.06],[121.97,1.03],[121.93,1.1],[121.63,1.06],[121.48,1.12],[121.43,1.23],[121.27,1.23],[121.16,1.3],[120.97,1.35],[120.82,1.31],[120.8,1.05],[120.68,0.99],[120.57,0.78],[120.47,0.8],[120.34,0.87],[120.35,0.96],[120.28,0.99],[120.24,0.83],[120.06,0.74],[120.03,0.67],[120.03,0.52],[119.91,0.47],[119.79,0.2],[119.89,0.07],[119.83,-0.09],[119.68,0.03],[119.64,-0.05],[119.73,-0.12],[119.79,-0.11],[119.76,-0.47],[119.79,-0.61],[119.85,-0.72],[119.85,-0.87]]],[[[100.95,1.83],[100.86,2],[100.67,2.13],[100.51,2.2],[100.38,2.36],[100.31,2.57],[100.2,2.71],[100.13,2.68],[100.02,2.73],[99.98,2.95],[99.78,3.12],[99.75,3.18],[99.59,3.23],[99.42,3.39],[98.96,3.67],[98.8,3.73],[98.71,3.8],[98.68,3.92],[98.56,4],[98.36,4.09],[98.26,4.18],[98.28,4.43],[98.21,4.5],[98.06,4.56],[98.01,4.63],[97.91,4.89],[97.66,5.07],[97.5,5.25],[97.27,5.16],[96.97,5.27],[96.83,5.28],[96.65,5.22],[96.36,5.23],[96.13,5.28],[95.93,5.41],[95.89,5.51],[95.61,5.63],[95.51,5.6],[95.41,5.65],[95.2,5.55],[95.25,5.4],[95.2,5.29],[95.29,5.19],[95.42,4.85],[95.53,4.7],[96.13,4.14],[96.19,4.13],[96.43,3.83],[96.56,3.75],[96.76,3.75],[96.88,3.68],[97.02,3.52],[97.17,3.27],[97.27,3.21],[97.33,3.03],[97.42,2.93],[97.6,2.87],[97.64,2.67],[97.66,2.41],[97.74,2.28],[97.88,2.25],[97.96,2.27],[98.24,2.09],[98.27,2.04],[98.44,1.99],[98.54,1.94],[98.66,1.76],[98.77,1.75],[98.82,1.63],[98.75,1.54],[98.92,1.12],[98.98,0.83],[99.04,0.78],[99.04,0.65],[99.12,0.51],[99.14,0.26],[99.24,0.22],[99.32,0.24],[99.41,0.16],[99.61,0.1],[99.75,-0.03],[99.76,-0.17],[99.81,-0.29],[100,-0.46],[100.16,-0.67],[100.33,-0.86],[100.41,-1.07],[100.37,-1.15],[100.45,-1.27],[100.56,-1.32],[100.57,-1.44],[100.63,-1.51],[100.65,-1.62],[100.87,-1.91],[100.89,-2.04],[100.83,-2.14],[100.92,-2.33],[101.11,-2.59],[101.33,-2.74],[101.42,-2.93],[101.64,-3.25],[102.07,-3.55],[102.22,-3.64],[102.31,-3.84],[102.31,-3.99],[102.7,-4.27],[102.88,-4.42],[102.92,-4.49],[103.17,-4.62],[103.39,-4.81],[103.43,-4.87],[103.69,-4.95],[103.91,-5.13],[103.99,-5.31],[104.11,-5.45],[104.26,-5.54],[104.3,-5.64],[104.38,-5.69],[104.54,-5.84],[104.56,-5.93],[104.7,-5.93],[104.69,-5.81],[104.53,-5.56],[104.57,-5.5],[104.71,-5.53],[104.79,-5.61],[105.12,-5.78],[105.2,-5.68],[105.25,-5.46],[105.31,-5.47],[105.48,-5.66],[105.55,-5.66],[105.6,-5.81],[105.78,-5.83],[105.83,-5.65],[105.83,-5.38],[105.87,-5.26],[105.87,-5.04],[105.91,-4.94],[105.87,-4.85],[105.91,-4.47],[105.81,-4.24],[105.87,-4],[105.95,-3.87],[105.93,-3.8],[105.82,-3.67],[105.88,-3.45],[105.93,-3.36],[106.06,-3.27],[106.05,-3.05],[106.02,-2.97],[105.88,-2.95],[105.79,-2.86],[105.78,-2.69],[105.65,-2.65],[105.62,-2.59],[105.62,-2.4],[105.2,-2.35],[105.12,-2.38],[104.88,-2.28],[104.77,-2.43],[104.74,-2.34],[104.88,-2.16],[104.87,-2.08],[104.77,-2],[104.66,-2.03],[104.64,-1.92],[104.56,-1.86],[104.45,-1.53],[104.46,-1.38],[104.4,-1.19],[104.38,-1.03],[104.21,-1.07],[103.96,-0.98],[103.84,-1.03],[103.65,-0.94],[103.46,-0.76],[103.38,-0.73],[103.42,-0.52],[103.57,-0.47],[103.48,-0.37],[103.4,-0.38],[103.5,-0.25],[103.47,-0.18],[103.49,-0.12],[103.67,-0.02],[103.79,-0.01],[103.76,0.24],[103.69,0.33],[103.36,0.54],[103.22,0.49],[103.17,0.41],[103.06,0.37],[102.89,0.26],[102.72,0.26],[103.08,0.44],[103.08,0.52],[102.95,0.68],[102.88,0.73],[102.51,0.75],[102.43,0.8],[102.24,0.98],[102.19,1.07],[102.2,1.18],[102.15,1.25],[102.12,1.39],[102.02,1.44],[101.78,1.64],[101.57,1.66],[101.43,1.71],[101.38,1.77],[101.3,2.05],[101.07,2.22],[101.05,2.29],[100.91,2.3],[100.81,2.25],[100.8,2.16],[100.89,2.04],[100.95,1.83]]],[[[120.79,-9.96],[120.67,-9.88],[120.58,-9.73],[120.48,-9.64],[120.25,-9.61],[120.24,-9.51],[120.07,-9.44],[119.95,-9.29],[119.82,-9.38],[119.63,-9.34],[119.17,-9.39],[119.05,-9.42],[118.94,-9.55],[119.04,-9.68],[119.18,-9.74],[119.29,-9.74],[119.41,-9.79],[119.46,-9.75],[119.67,-9.8],[119.7,-9.85],[119.98,-9.99],[120.03,-10.11],[120.16,-10.22],[120.39,-10.26],[120.45,-10.31],[120.57,-10.23],[120.71,-10.21],[120.83,-10.09],[120.79,-9.96]]],[[[119.56,-8.52],[119.47,-8.48],[119.38,-8.57],[119.44,-8.68],[119.56,-8.52]]],[[[123.35,-8.27],[123.2,-8.23],[123.04,-8.33],[123.04,-8.41],[123.32,-8.38],[123.35,-8.27]]],[[[116.63,-8.27],[116.38,-8.2],[116.29,-8.24],[116.1,-8.41],[116.03,-8.44],[116.07,-8.58],[116.06,-8.71],[115.89,-8.76],[115.93,-8.85],[116.15,-8.88],[116.21,-8.92],[116.45,-8.89],[116.68,-8.56],[116.74,-8.39],[116.63,-8.27]]],[[[119.2,-8.61],[119.08,-8.65],[119.03,-8.55],[119.05,-8.47],[118.99,-8.31],[118.81,-8.3],[118.7,-8.37],[118.65,-8.29],[118.46,-8.25],[118.3,-8.37],[118.18,-8.23],[118.15,-8.13],[117.96,-8.08],[117.73,-8.16],[117.71,-8.23],[117.82,-8.35],[118,-8.47],[118.06,-8.45],[118.29,-8.61],[118.19,-8.66],[118.07,-8.66],[117.97,-8.75],[117.89,-8.7],[117.81,-8.72],[117.77,-8.6],[117.65,-8.55],[117.62,-8.44],[117.56,-8.4],[117.35,-8.45],[117.2,-8.36],[116.99,-8.5],[116.79,-8.58],[116.75,-8.67],[116.82,-8.79],[116.74,-8.87],[116.76,-9.02],[117.01,-9.11],[117.13,-9.09],[117.23,-9.02],[117.33,-9.06],[117.56,-9],[117.74,-8.91],[117.89,-8.94],[118.08,-8.84],[118.16,-8.87],[118.34,-8.69],[118.47,-8.86],[118.76,-8.8],[118.77,-8.71],[118.9,-8.69],[118.99,-8.76],[119.15,-8.74],[119.2,-8.61]]],[[[123.03,-8.29],[122.96,-8.13],[122.85,-8.07],[122.8,-8.11],[122.79,-8.23],[122.88,-8.29],[122.76,-8.36],[122.6,-8.39],[122.49,-8.47],[122.5,-8.58],[122.29,-8.63],[122.03,-8.5],[121.84,-8.47],[121.68,-8.51],[121.5,-8.6],[121.38,-8.57],[121.28,-8.47],[121.03,-8.39],[120.98,-8.34],[120.75,-8.33],[120.59,-8.23],[120.46,-8.27],[120.28,-8.27],[120.11,-8.39],[120.02,-8.39],[119.82,-8.55],[119.81,-8.74],[119.89,-8.81],[120.13,-8.77],[120.24,-8.82],[120.38,-8.8],[120.59,-8.8],[120.76,-8.86],[120.83,-8.82],[120.92,-8.93],[121.07,-8.94],[121.17,-8.89],[121.34,-8.92],[121.4,-8.79],[121.79,-8.88],[122.01,-8.8],[122.12,-8.73],[122.41,-8.74],[122.57,-8.67],[122.81,-8.61],[122.9,-8.46],[122.9,-8.36],[123.03,-8.29]]],[[[115.62,-8.29],[115.5,-8.17],[115.17,-8.05],[115.02,-8.17],[114.86,-8.19],[114.69,-8.13],[114.54,-8.13],[114.47,-8.22],[114.55,-8.33],[114.64,-8.4],[114.8,-8.4],[114.93,-8.47],[115.16,-8.66],[115.25,-8.71],[115.32,-8.62],[115.61,-8.5],[115.71,-8.37],[115.62,-8.29]]],[[[115.57,-6.9],[115.46,-6.84],[115.26,-6.84],[115.27,-6.98],[115.38,-6.91],[115.51,-6.94],[115.57,-6.9]]],[[[112.7,-5.73],[112.58,-5.79],[112.6,-5.85],[112.74,-5.81],[112.7,-5.73]]],[[[102.41,-5.4],[102.27,-5.31],[102.17,-5.28],[102.1,-5.33],[102.25,-5.44],[102.33,-5.47],[102.41,-5.4]]],[[[116.4,-3.39],[116.33,-3.55],[116.39,-3.64],[116.43,-3.41],[116.4,-3.39]]],[[[116.3,-3.72],[116.26,-3.41],[116.27,-3.22],[116.13,-3.32],[116.05,-3.5],[116.02,-3.72],[116.08,-3.82],[116.1,-4.06],[116.31,-3.88],[116.3,-3.72]]],[[[100.4,-3.18],[100.47,-3.11],[100.47,-3.01],[100.26,-2.79],[100.19,-2.79],[100.19,-2.97],[100.4,-3.18]]],[[[100.21,-2.69],[99.98,-2.48],[100.01,-2.82],[100.12,-2.83],[100.21,-2.69]]],[[[99.82,-2.29],[99.72,-2.16],[99.69,-2.07],[99.59,-2.01],[99.53,-2.16],[99.73,-2.32],[99.82,-2.29]]],[[[108.96,-1.57],[108.9,-1.53],[108.81,-1.56],[108.87,-1.66],[108.96,-1.57]]],[[[109.76,-1.1],[109.71,-0.98],[109.59,-0.97],[109.45,-1],[109.42,-1.25],[109.48,-1.3],[109.7,-1.19],[109.76,-1.1]]],[[[99.27,-1.63],[99.18,-1.5],[99.07,-1.24],[98.94,-1.06],[98.88,-0.91],[98.67,-0.95],[98.59,-1.2],[98.81,-1.53],[98.89,-1.68],[99.1,-1.8],[99.26,-1.76],[99.27,-1.63]]],[[[98.5,-0.46],[98.51,-0.36],[98.45,-0.26],[98.37,-0.35],[98.32,-0.53],[98.47,-0.56],[98.5,-0.46]]],[[[98.48,-0.16],[98.44,-0.05],[98.34,-0.04],[98.51,-0.32],[98.56,-0.28],[98.48,-0.16]]],[[[103.29,0.63],[103.21,0.71],[103.14,0.57],[103.17,0.51],[103.28,0.54],[103.29,0.63]]],[[[103.49,0.78],[103.4,0.88],[103.35,0.76],[103.42,0.66],[103.49,0.78]]],[[[103.44,1.01],[103.39,1.13],[103.32,1.06],[103.44,1.01]]],[[[103.05,0.8],[102.91,0.93],[102.74,1.02],[102.65,1],[102.56,1.13],[102.47,1.07],[102.5,0.97],[102.41,0.87],[102.56,0.78],[102.68,0.81],[102.85,0.8],[103.01,0.69],[103.05,0.8]]],[[[103.13,0.93],[103.04,1.05],[102.8,1.16],[102.72,1.15],[102.64,1.04],[102.79,1.03],[103.09,0.84],[103.13,0.93]]],[[[104.15,1.16],[104.04,1.18],[103.9,1.09],[103.95,1.01],[104.05,0.98],[104.13,1.05],[104.15,1.16]]],[[[104.66,1.1],[104.59,1.15],[104.4,1.2],[104.23,1.09],[104.25,1.02],[104.43,0.98],[104.48,0.86],[104.6,0.84],[104.65,0.92],[104.66,1.1]]],[[[102.47,1.24],[102.29,1.41],[102.22,1.41],[102.2,1.3],[102.24,1.22],[102.24,1.08],[102.37,0.94],[102.47,1],[102.45,1.1],[102.47,1.24]]],[[[102.5,1.36],[102.49,1.49],[102.35,1.56],[102.15,1.58],[102.05,1.63],[102,1.59],[102.14,1.46],[102.33,1.41],[102.44,1.3],[102.5,1.36]]],[[[101.72,2.06],[101.62,2.12],[101.53,2.06],[101.44,2.07],[101.39,1.93],[101.46,1.77],[101.58,1.71],[101.73,1.8],[101.78,1.95],[101.72,2.06]]],[[[96.48,2.42],[96.42,2.51],[96.25,2.6],[96.09,2.76],[95.98,2.79],[95.88,2.92],[95.77,2.91],[95.7,2.78],[95.93,2.6],[96.07,2.58],[96.31,2.37],[96.41,2.34],[96.48,2.42]]],[[[117.63,3.44],[117.53,3.4],[117.63,3.28],[117.68,3.42],[117.63,3.44]]],[[[117.52,3.48],[117.39,3.57],[117.27,3.59],[117.26,3.51],[117.52,3.48]]],[[[117.7,4.11],[117.59,4.06],[117.67,3.98],[117.74,4.03],[117.7,4.11]]],[[[108.4,3.88],[108.4,3.99],[108.26,4.13],[108.23,4.25],[107.99,4.01],[108.06,3.86],[108.18,3.82],[108.09,3.7],[108.17,3.65],[108.32,3.68],[108.4,3.88]]],[[[123.39,-10.59],[123.34,-10.49],[123.23,-10.54],[123.16,-10.63],[123.05,-10.71],[122.81,-10.78],[122.84,-10.92],[122.99,-10.86],[123.21,-10.81],[123.24,-10.74],[123.35,-10.67],[123.39,-10.59]]],[[[121.94,-10.43],[121.71,-10.55],[121.86,-10.6],[121.99,-10.52],[121.94,-10.43]]],[[[123.47,-10.15],[123.4,-10.16],[123.32,-10.27],[123.39,-10.33],[123.5,-10.2],[123.47,-10.15]]],[[[123.93,-8.23],[123.8,-8.18],[123.64,-8.29],[123.46,-8.28],[123.47,-8.37],[123.36,-8.41],[123.32,-8.53],[123.43,-8.59],[123.69,-8.44],[123.78,-8.31],[123.93,-8.23]]],[[[124.31,-8.22],[124.26,-8.18],[124.15,-8.33],[123.99,-8.34],[124.06,-8.55],[124.17,-8.53],[124.23,-8.38],[124.3,-8.32],[124.31,-8.22]]],[[[138.9,-8.34],[138.83,-8.19],[138.69,-8.18],[138.56,-8.31],[138.56,-8.37],[138.89,-8.4],[138.9,-8.34]]],[[[125.13,-8.22],[125.09,-8.16],[124.69,-8.16],[124.57,-8.13],[124.45,-8.15],[124.4,-8.22],[124.41,-8.31],[124.33,-8.41],[124.42,-8.46],[124.65,-8.4],[124.77,-8.41],[125.12,-8.35],[125.13,-8.22]]],[[[128.09,-8.13],[128.02,-8.14],[127.83,-8.1],[127.8,-8.18],[127.99,-8.25],[128.12,-8.18],[128.09,-8.13]]],[[[131.11,-8.13],[131.04,-8.08],[130.92,-8.2],[130.99,-8.23],[131.11,-8.13]]],[[[129.84,-7.88],[129.73,-7.8],[129.59,-7.84],[129.59,-7.92],[129.69,-8.04],[129.78,-8.05],[129.86,-7.93],[129.84,-7.88]]],[[[126.84,-7.73],[126.63,-7.6],[126.5,-7.59],[126.33,-7.7],[126.2,-7.71],[125.95,-7.68],[125.81,-7.86],[125.81,-8.01],[125.93,-7.91],[126.08,-7.88],[126.27,-7.91],[126.47,-7.97],[126.56,-7.82],[126.71,-7.75],[126.84,-7.73]]],[[[127.47,-7.53],[127.37,-7.51],[127.36,-7.66],[127.49,-7.58],[127.47,-7.53]]],[[[138.94,-7.54],[138.81,-7.37],[138.62,-7.36],[138.4,-7.4],[138.24,-7.46],[138.03,-7.61],[137.9,-7.82],[137.8,-8.04],[137.76,-8.07],[137.64,-8.39],[137.68,-8.43],[137.85,-8.38],[138.18,-8.38],[138.29,-8.42],[138.44,-8.38],[138.6,-8.26],[138.66,-8.17],[138.82,-8.09],[138.9,-8.08],[138.89,-7.9],[138.98,-7.83],[139.05,-7.56],[138.94,-7.54]]],[[[131.7,-7.23],[131.64,-7.11],[131.53,-7.17],[131.36,-7.43],[131.26,-7.47],[131.14,-7.69],[131.16,-7.81],[131.09,-7.85],[131.12,-8],[131.23,-8],[131.36,-7.95],[131.39,-7.85],[131.56,-7.71],[131.64,-7.6],[131.7,-7.41],[131.65,-7.3],[131.7,-7.23]]],[[[114.05,-6.91],[113.92,-6.86],[113.53,-6.9],[113.45,-6.88],[112.92,-6.89],[112.7,-7.03],[112.73,-7.16],[112.82,-7.16],[113.13,-7.23],[113.47,-7.22],[113.67,-7.11],[113.83,-7.13],[113.91,-7.05],[114.1,-6.98],[114.05,-6.91]]],[[[134.48,-6.58],[134.45,-6.44],[134.35,-6.4],[134.29,-6.3],[134.14,-6.18],[134.09,-6.64],[134.06,-6.77],[134.19,-6.92],[134.31,-6.86],[134.4,-6.72],[134.5,-6.64],[134.48,-6.58]]],[[[120.55,-5.94],[120.45,-5.84],[120.45,-6.14],[120.53,-6.19],[120.56,-6.07],[120.55,-5.94]]],[[[132.8,-5.79],[132.68,-5.75],[132.67,-5.89],[132.76,-5.94],[132.8,-5.79]]],[[[134.76,-6.16],[134.72,-5.92],[134.76,-5.89],[134.73,-5.71],[134.76,-5.67],[134.63,-5.44],[134.49,-5.45],[134.32,-5.77],[134.36,-5.85],[134.28,-6.08],[134.33,-6.22],[134.5,-6.3],[134.61,-6.37],[134.7,-6.32],[134.76,-6.16]]],[[[133.18,-5.31],[133.11,-5.31],[133.02,-5.55],[133.11,-5.6],[133.18,-5.31]]],[[[122.07,-5.21],[121.98,-5.08],[121.88,-5.07],[121.81,-5.26],[121.97,-5.47],[122.05,-5.43],[122.07,-5.21]]],[[[122.78,-4.92],[122.74,-4.64],[122.66,-4.62],[122.5,-4.72],[122.41,-4.74],[122.33,-4.83],[122.4,-5.06],[122.34,-5.11],[122.29,-5.38],[122.41,-5.35],[122.54,-5.43],[122.65,-5.34],[122.6,-5.16],[122.64,-5.08],[122.78,-4.92]]],[[[123.15,-5.22],[122.98,-5.09],[122.96,-4.99],[123.02,-4.93],[123.05,-4.75],[123.15,-4.72],[123.2,-4.61],[123.15,-4.51],[123.02,-4.39],[122.91,-4.47],[122.85,-4.65],[122.86,-4.82],[122.76,-5.21],[122.57,-5.51],[122.64,-5.66],[122.72,-5.63],[122.83,-5.68],[122.92,-5.53],[122.88,-5.46],[122.98,-5.39],[123.07,-5.42],[123.21,-5.3],[123.15,-5.22]]],[[[123.2,-3.99],[123.02,-3.98],[122.95,-4.05],[123.05,-4.21],[123.17,-4.22],[123.25,-4.09],[123.2,-3.99]]],[[[128.53,-3.53],[128.41,-3.54],[128.39,-3.63],[128.56,-3.59],[128.53,-3.53]]],[[[128.33,-3.51],[128.16,-3.58],[128.04,-3.59],[127.92,-3.69],[127.99,-3.77],[128.04,-3.72],[128.13,-3.75],[128.24,-3.72],[128.34,-3.63],[128.33,-3.51]]],[[[127.24,-3.47],[127.26,-3.37],[127.05,-3.3],[127.09,-3.2],[126.89,-3.13],[126.84,-3.07],[126.72,-3.06],[126.42,-3.07],[126.26,-3.12],[126.19,-3.18],[126.09,-3.11],[125.99,-3.25],[126.05,-3.45],[126.15,-3.53],[126.17,-3.6],[126.44,-3.75],[126.7,-3.86],[126.95,-3.77],[127.12,-3.65],[127.24,-3.61],[127.24,-3.47]]],[[[106.91,-2.93],[106.81,-2.89],[106.72,-2.97],[106.86,-3.03],[106.91,-2.93]]],[[[130.87,-3.57],[130.79,-3.42],[130.67,-3.4],[130.59,-3.13],[130.49,-3.09],[130.39,-2.99],[130.3,-2.98],[130.05,-2.99],[129.82,-2.92],[129.61,-2.81],[129.44,-2.78],[129.36,-2.86],[129.12,-2.96],[129.05,-2.8],[128.87,-2.86],[128.6,-2.85],[128.52,-2.83],[128.38,-2.86],[128.18,-2.86],[128.11,-2.98],[128.1,-3.07],[128.01,-3.07],[127.87,-3.16],[127.93,-3.39],[128.03,-3.36],[128.07,-3.2],[128.28,-3.22],[128.4,-3.41],[128.48,-3.46],[128.68,-3.43],[128.68,-3.37],[128.88,-3.2],[128.98,-3.25],[128.94,-3.33],[129.08,-3.34],[129.24,-3.4],[129.36,-3.41],[129.49,-3.46],[129.56,-3.44],[129.54,-3.3],[129.89,-3.33],[129.98,-3.46],[130.13,-3.53],[130.44,-3.64],[130.62,-3.79],[130.82,-3.82],[130.87,-3.57]]],[[[108.29,-2.85],[108.2,-2.68],[108.07,-2.59],[107.79,-2.55],[107.67,-2.56],[107.64,-2.75],[107.59,-2.79],[107.61,-2.92],[107.58,-3.01],[107.64,-3.13],[107.6,-3.23],[107.75,-3.2],[107.89,-3.09],[107.97,-3.15],[107.99,-3.24],[108.09,-3.16],[108.19,-3.14],[108.2,-3],[108.29,-2.85]]],[[[126.07,-2.38],[125.98,-2.18],[126,-2.01],[125.95,-1.96],[125.86,-2.09],[125.95,-2.27],[125.97,-2.4],[126.07,-2.38]]],[[[126.33,-1.82],[125.99,-1.79],[125.7,-1.82],[125.56,-1.8],[125.35,-1.81],[125.44,-1.93],[125.98,-1.9],[126.27,-1.87],[126.33,-1.82]]],[[[130.39,-1.89],[130.44,-1.85],[130.35,-1.74],[130.01,-1.75],[129.75,-1.86],[129.74,-1.91],[129.93,-2],[130.26,-2.05],[130.43,-1.96],[130.39,-1.89]]],[[[125.32,-1.78],[125.19,-1.7],[125.02,-1.72],[124.63,-1.63],[124.39,-1.67],[124.34,-1.89],[124.43,-2.01],[124.54,-2.01],[124.85,-1.9],[125.01,-1.94],[125.05,-1.89],[125.32,-1.86],[125.32,-1.78]]],[[[136.85,-1.76],[136.71,-1.73],[136.39,-1.73],[136.19,-1.65],[135.9,-1.65],[135.48,-1.59],[135.48,-1.67],[135.72,-1.7],[136.23,-1.9],[136.34,-1.86],[136.44,-1.89],[136.65,-1.88],[136.85,-1.76]]],[[[106.77,-2.56],[106.35,-2.46],[106.26,-2.35],[106.16,-2.01],[106.18,-1.88],[106.04,-1.68],[106.03,-1.58],[105.88,-1.49],[105.72,-1.52],[105.76,-1.64],[105.65,-1.71],[105.61,-1.54],[105.46,-1.56],[105.35,-1.65],[105.4,-1.74],[105.38,-1.82],[105.15,-1.94],[105.15,-2.08],[105.23,-2.07],[105.3,-2.13],[105.45,-2.12],[105.57,-2.07],[105.62,-2.12],[105.8,-2.17],[105.83,-2.39],[105.94,-2.5],[105.9,-2.63],[105.99,-2.82],[106.3,-2.91],[106.45,-2.98],[106.53,-3.11],[106.6,-3.07],[106.71,-3.09],[106.75,-3.02],[106.61,-2.94],[106.68,-2.7],[106.77,-2.56]]],[[[128.15,-1.59],[128.04,-1.54],[127.9,-1.43],[127.63,-1.33],[127.4,-1.49],[127.38,-1.63],[127.53,-1.73],[127.7,-1.69],[127.93,-1.68],[128.05,-1.71],[128.15,-1.67],[128.15,-1.59]]],[[[123.5,-1.26],[123.35,-1.23],[123.26,-1.38],[123.2,-1.31],[123.25,-1.22],[123.2,-1.15],[122.9,-1.18],[122.84,-1.27],[122.81,-1.44],[122.87,-1.58],[122.99,-1.51],[123.1,-1.35],[123.16,-1.31],[123.19,-1.49],[123.11,-1.56],[123.18,-1.62],[123.25,-1.6],[123.26,-1.47],[123.33,-1.42],[123.41,-1.52],[123.53,-1.43],[123.55,-1.28],[123.5,-1.26]]],[[[135,-1.02],[134.88,-0.94],[134.8,-1.03],[134.88,-1.13],[134.96,-1.13],[135,-1.02]]],[[[131.06,-1],[131.03,-0.91],[130.91,-0.89],[130.68,-0.96],[130.76,-1.24],[130.85,-1.33],[130.98,-1.35],[131.07,-1.08],[131.06,-1]]],[[[130.92,-0.78],[130.82,-0.77],[130.73,-0.83],[130.63,-0.81],[130.62,-0.91],[130.82,-0.87],[130.92,-0.78]]],[[[136.38,-1.09],[136.3,-1.05],[136.2,-1.07],[136.05,-0.85],[135.85,-0.7],[135.78,-0.75],[135.68,-0.69],[135.37,-0.65],[135.39,-0.72],[135.49,-0.76],[135.64,-0.88],[135.74,-0.82],[135.78,-0.87],[135.83,-1.11],[135.91,-1.19],[135.99,-1.17],[136.14,-1.22],[136.29,-1.18],[136.38,-1.09]]],[[[127.3,-0.74],[127.21,-0.61],[127.16,-0.77],[127.3,-0.74]]],[[[104.55,-0.4],[104.47,-0.33],[104.38,-0.4],[104.33,-0.36],[104.26,-0.48],[104.34,-0.54],[104.52,-0.6],[104.59,-0.48],[104.55,-0.4]]],[[[127.89,-0.76],[127.79,-0.69],[127.67,-0.72],[127.62,-0.57],[127.68,-0.46],[127.53,-0.3],[127.46,-0.41],[127.32,-0.34],[127.3,-0.51],[127.4,-0.62],[127.46,-0.82],[127.63,-0.75],[127.65,-0.83],[127.75,-0.88],[127.83,-0.86],[127.89,-0.76]]],[[[127.24,-0.49],[127.28,-0.37],[127.24,-0.25],[127.11,-0.29],[127.1,-0.44],[127.24,-0.49]]],[[[103.71,-0.27],[103.56,-0.22],[103.46,-0.33],[103.61,-0.39],[103.71,-0.35],[103.71,-0.27]]],[[[131.3,-0.24],[131.3,-0.16],[131.15,-0.09],[130.82,0],[130.5,-0.06],[130.35,-0.12],[130.46,-0.27],[130.58,-0.33],[130.68,-0.34],[130.73,-0.44],[130.87,-0.43],[130.95,-0.37],[130.89,-0.3],[130.75,-0.29],[130.79,-0.18],[130.95,-0.35],[131.02,-0.37],[131.16,-0.33],[131.24,-0.39],[131.34,-0.28],[131.3,-0.24]]],[[[104.93,-0.24],[104.85,-0.14],[104.77,-0.19],[104.62,0],[104.53,-0.01],[104.49,-0.14],[104.44,-0.18],[104.52,-0.27],[104.67,-0.21],[104.94,-0.33],[104.93,-0.24]]],[[[97.93,1],[97.79,1.14],[97.69,1.19],[97.49,1.48],[97.35,1.55],[97.24,1.42],[97.08,1.43],[97.25,1.27],[97.39,1.02],[97.39,0.95],[97.61,0.82],[97.7,0.57],[97.83,0.56],[97.88,0.64],[97.9,0.91],[97.93,1]]],[[[127.67,-0.21],[127.71,-0.29],[127.85,-0.36],[128.05,-0.71],[128.25,-0.8],[128.24,-0.86],[128.41,-0.89],[128.23,-0.71],[128.04,-0.4],[128.02,-0.31],[127.89,-0.02],[127.92,0.13],[127.88,0.3],[127.91,0.44],[127.98,0.47],[128.15,0.46],[128.26,0.39],[128.48,0.39],[128.54,0.33],[128.86,0.24],[128.82,0.31],[128.7,0.33],[128.68,0.54],[128.31,0.67],[128.22,0.76],[128.3,0.82],[128.32,0.9],[128.44,0.93],[128.7,1.07],[128.74,1.41],[128.69,1.45],[128.72,1.57],[128.46,1.55],[128.21,1.39],[128.14,1.3],[128.19,1.18],[128.16,1.13],[127.99,1.08],[127.94,1.01],[127.93,0.89],[127.8,0.8],[127.65,0.9],[127.64,1],[127.83,1.14],[127.89,1.15],[127.97,1.3],[128.04,1.54],[128,1.63],[128.01,1.72],[127.94,1.8],[127.85,1.83],[127.87,1.93],[127.94,1.96],[127.97,2.05],[128.05,2.15],[127.95,2.2],[127.69,1.93],[127.58,1.75],[127.52,1.53],[127.54,1.48],[127.41,1.23],[127.43,1.13],[127.49,1.06],[127.51,0.89],[127.63,0.83],[127.56,0.74],[127.53,0.56],[127.57,0.42],[127.71,0.28],[127.68,0.16],[127.7,0.05],[127.67,-0.21]]],[[[128.69,2.48],[128.6,2.61],[128.47,2.59],[128.32,2.46],[128.2,2.27],[128.25,2.11],[128.35,2.04],[128.49,2.05],[128.57,2.11],[128.64,2.26],[128.69,2.48]]],[[[125.65,3.47],[125.51,3.71],[125.44,3.64],[125.52,3.58],[125.51,3.48],[125.62,3.4],[125.65,3.47]]],[[[126.87,4.33],[126.89,4.46],[126.82,4.55],[126.73,4.54],[126.71,4.42],[126.71,4.26],[126.79,4.24],[126.67,4.03],[126.76,3.99],[126.81,4.04],[126.81,4.16],[126.92,4.28],[126.87,4.33]]],[[[123.6,-1.6],[123.55,-1.5],[123.48,-1.57],[123.49,-1.7],[123.58,-1.72],[123.6,-1.6]]],[[[98.55,0.16],[98.54,0.09],[98.69,0.07],[98.85,0.09],[98.81,0.16],[98.55,0.16]]]]},"properties":{"iso_a2":"ID","name":"Indonesia"}},{"type":"Feature","geometry":{"type":"MultiPolygon","coordinates":[[[[117.7,4.16],[117.91,4.16],[117.79,4.25],[117.7,4.16]]],[[[102.07,6.26],[102.06,6.1],[101.96,6.01],[101.91,5.86],[101.8,5.74],[101.65,5.78],[101.54,5.91],[101.25,5.79],[101.2,5.67],[101.11,5.64],[100.97,5.78],[101.02,5.9],[101.07,5.92],[101.09,6.09],[101.05,6.14],[101.08,6.25],[100.97,6.27],[100.82,6.26],[100.81,6.42],[100.71,6.49],[100.65,6.45],[100.35,6.54],[100.28,6.69],[100.16,6.68],[100.17,6.57],[100.13,6.44],[100.18,6.29],[100.25,6.22],[100.35,6.01],[100.38,5.81],[100.34,5.67],[100.39,5.5],[100.39,5.38],[100.43,5.19],[100.37,5.08],[100.45,4.91],[100.58,4.85],[100.63,4.53],[100.57,4.32],[100.63,4.16],[100.78,4.09],[100.72,3.99],[100.72,3.87],[101.04,3.62],[101.07,3.53],[101.2,3.36],[101.3,3.28],[101.37,3],[101.28,2.91],[101.29,2.85],[101.4,2.82],[101.54,2.66],[101.78,2.58],[101.86,2.42],[101.99,2.4],[102.19,2.22],[102.49,2.09],[102.65,1.94],[102.7,1.86],[102.8,1.86],[102.94,1.75],[103.04,1.72],[103.21,1.61],[103.37,1.54],[103.45,1.36],[103.52,1.27],[103.68,1.44],[103.84,1.48],[104.22,1.35],[104.3,1.45],[104.26,1.64],[104.12,1.95],[103.98,2.19],[103.94,2.35],[103.84,2.46],[103.77,2.62],[103.64,2.67],[103.47,2.85],[103.44,2.96],[103.46,3.2],[103.43,3.37],[103.48,3.51],[103.41,3.6],[103.34,3.76],[103.44,3.98],[103.4,4.12],[103.46,4.18],[103.49,4.34],[103.45,4.49],[103.47,4.55],[103.44,4.82],[103.12,5.38],[102.96,5.54],[102.88,5.57],[102.7,5.71],[102.5,5.9],[102.38,6.13],[102.32,6.19],[102.07,6.26]]],[[[115.15,4.91],[115.21,4.83],[115.27,4.64],[115.27,4.47],[115.34,4.37],[115.32,4.32],[115.09,4.41],[115.04,4.62],[115.03,4.82],[114.98,4.89],[114.93,4.81],[114.75,4.74],[114.78,4.5],[114.84,4.36],[114.77,4.13],[114.63,4.02],[114.48,4.14],[114.42,4.26],[114.3,4.32],[114.25,4.48],[114.12,4.56],[114,4.6],[113.95,4.27],[113.74,4],[113.43,3.75],[113.39,3.65],[113.28,3.48],[113.07,3.28],[112.97,3.14],[112.01,2.89],[111.86,2.88],[111.67,2.84],[111.44,2.68],[111.41,2.48],[111.45,2.37],[111.37,2.34],[111.26,2.42],[111.21,2.39],[111.19,2.25],[111.21,2.07],[111.1,1.77],[110.97,1.5],[110.84,1.57],[110.7,1.56],[110.54,1.6],[110.4,1.7],[110.31,1.71],[109.93,1.69],[109.89,1.76],[109.73,1.84],[109.66,1.92],[109.65,2.08],[109.53,1.89],[109.55,1.81],[109.65,1.76],[109.68,1.57],[109.84,1.4],[109.93,1.38],[110.05,1.22],[110.17,1.17],[110.26,1.04],[110.42,0.91],[110.55,0.85],[110.76,0.92],[110.88,1.01],[111.2,1.08],[111.35,1.01],[111.54,1],[111.66,1.03],[111.82,1.01],[111.91,1.11],[112.1,1.16],[112.18,1.37],[112.18,1.45],[112.47,1.57],[112.81,1.55],[112.86,1.58],[113.02,1.54],[112.97,1.42],[113.09,1.43],[113.32,1.35],[113.4,1.29],[113.52,1.31],[113.65,1.23],[113.81,1.34],[113.91,1.44],[114.05,1.47],[114.16,1.43],[114.4,1.5],[114.5,1.44],[114.65,1.64],[114.71,1.86],[114.83,1.9],[114.85,2.03],[114.78,2.04],[114.75,2.15],[114.78,2.25],[114.92,2.3],[114.97,2.36],[115.2,2.53],[115.14,2.6],[115.06,2.61],[115.07,2.83],[115.21,2.98],[115.46,3.03],[115.52,3.16],[115.48,3.21],[115.52,3.36],[115.6,3.43],[115.54,3.63],[115.59,3.86],[115.54,3.9],[115.61,4],[115.65,4.17],[115.82,4.28],[115.82,4.34],[115.98,4.33],[116.02,4.27],[116.13,4.38],[116.31,4.38],[116.42,4.29],[116.53,4.39],[116.58,4.33],[116.71,4.37],[116.8,4.33],[117.23,4.35],[117.41,4.2],[117.57,4.16],[117.65,4.27],[117.63,4.36],[117.81,4.33],[117.89,4.26],[118.01,4.23],[118.14,4.3],[118.54,4.36],[118.65,4.44],[118.6,4.52],[118.45,4.62],[118.4,4.61],[118.22,4.76],[118.14,4.88],[118.22,4.97],[118.36,5.04],[118.51,4.93],[118.59,4.97],[118.68,4.94],[119.16,5.11],[119.27,5.2],[119.27,5.36],[119.19,5.45],[119.09,5.41],[118.94,5.43],[118.74,5.55],[118.59,5.68],[118.41,5.8],[118.26,5.83],[118.18,5.81],[118.13,5.69],[117.95,5.69],[117.94,5.82],[118.06,5.81],[118.13,5.86],[118.02,6.06],[117.88,5.96],[117.76,5.91],[117.64,5.9],[117.67,6.08],[117.6,6.2],[117.72,6.26],[117.74,6.39],[117.64,6.52],[117.44,6.55],[117.3,6.64],[117.23,6.84],[117.26,6.94],[117.14,7],[117.03,6.91],[117.05,6.83],[116.97,6.71],[116.82,6.58],[116.78,6.63],[116.86,6.82],[116.83,6.97],[116.75,7.01],[116.67,6.88],[116.65,6.72],[116.5,6.5],[116.35,6.38],[116.32,6.31],[116.2,6.22],[116.07,5.93],[116.05,5.84],[115.92,5.75],[115.87,5.6],[115.82,5.53],[115.55,5.54],[115.4,5.42],[115.36,5.32],[115.57,5.17],[115.55,5.06],[115.36,4.9],[115.2,4.95],[115.15,4.91]]],[[[111.41,2.39],[111.38,2.52],[111.38,2.7],[111.3,2.7],[111.31,2.45],[111.41,2.39]]],[[[100.31,5.45],[100.19,5.4],[100.2,5.27],[100.29,5.26],[100.34,5.42],[100.31,5.45]]],[[[99.9,6.36],[99.85,6.47],[99.72,6.35],[99.73,6.26],[99.9,6.36]]],[[[117.17,7.34],[117.06,7.27],[117.06,7.13],[117.23,7.19],[117.28,7.31],[117.17,7.34]]]]},"properties":{"iso_a2":"MY","name":"Malaysia"}},{"type":"Feature","geometry":{"type":"MultiPolygon","coordinates":[[[[-69.51,-17.51],[-69.68,-17.66],[-69.82,-17.66],[-69.86,-17.73],[-69.78,-17.98],[-69.84,-18.11],[-69.97,-18.25],[-70.13,-18.32],[-70.39,-18.34],[-70.3,-18.44],[-70.35,-18.64],[-70.36,-18.77],[-70.28,-19.11],[-70.29,-19.3],[-70.23,-19.41],[-70.21,-19.6],[-70.15,-19.72],[-70.16,-19.82],[-70.12,-20.07],[-70.19,-20.35],[-70.21,-20.74],[-70.13,-20.93],[-70.17,-21],[-70.08,-21.23],[-70.06,-21.43],[-70.1,-21.61],[-70.15,-21.66],[-70.15,-21.86],[-70.21,-22.08],[-70.27,-22.62],[-70.31,-22.79],[-70.29,-22.87],[-70.34,-23],[-70.42,-23.09],[-70.56,-23.06],[-70.6,-23.24],[-70.58,-23.42],[-70.41,-23.51],[-70.4,-23.65],[-70.5,-23.78],[-70.53,-24],[-70.5,-24.1],[-70.58,-24.52],[-70.58,-24.73],[-70.52,-24.92],[-70.47,-24.97],[-70.5,-25.09],[-70.44,-25.19],[-70.44,-25.34],[-70.53,-25.46],[-70.65,-25.54],[-70.71,-25.83],[-70.63,-26.01],[-70.66,-26.07],[-70.7,-26.39],[-70.69,-26.54],[-70.73,-26.75],[-70.82,-26.89],[-70.79,-27],[-70.87,-27.12],[-70.96,-27.16],[-70.95,-27.37],[-70.89,-27.5],[-70.91,-27.62],[-71.04,-27.67],[-71.14,-27.95],[-71.17,-28.36],[-71.27,-28.49],[-71.3,-28.67],[-71.4,-28.81],[-71.49,-28.84],[-71.52,-28.94],[-71.49,-29.04],[-71.49,-29.19],[-71.38,-29.28],[-71.31,-29.42],[-71.33,-29.54],[-71.32,-29.79],[-71.29,-29.91],[-71.41,-29.99],[-71.38,-30.08],[-71.52,-30.28],[-71.64,-30.25],[-71.68,-30.34],[-71.71,-30.61],[-71.71,-30.78],[-71.65,-30.98],[-71.67,-31.15],[-71.57,-31.59],[-71.51,-31.77],[-71.51,-31.98],[-71.54,-32.19],[-71.41,-32.37],[-71.48,-32.53],[-71.45,-32.64],[-71.58,-33.02],[-71.65,-33.02],[-71.72,-33.17],[-71.67,-33.36],[-71.71,-33.43],[-71.64,-33.5],[-71.69,-33.72],[-71.82,-33.79],[-71.86,-33.91],[-72.03,-34.16],[-71.99,-34.37],[-72.05,-34.4],[-72.06,-34.66],[-72.19,-34.89],[-72.21,-35.08],[-72.4,-35.23],[-72.54,-35.5],[-72.65,-35.57],[-72.6,-35.81],[-72.78,-35.95],[-72.84,-36.18],[-72.82,-36.26],[-73,-36.71],[-73.16,-36.73],[-73.14,-36.83],[-73.21,-37.16],[-73.28,-37.21],[-73.47,-37.23],[-73.61,-37.15],[-73.67,-37.36],[-73.6,-37.51],[-73.68,-37.58],[-73.67,-37.73],[-73.5,-37.93],[-73.46,-38.09],[-73.54,-38.42],[-73.48,-38.64],[-73.43,-38.69],[-73.23,-39.25],[-73.22,-39.42],[-73.3,-39.58],[-73.41,-39.69],[-73.42,-39.84],[-73.68,-39.94],[-73.66,-40.11],[-73.73,-40.17],[-73.78,-40.44],[-73.73,-40.54],[-73.84,-40.67],[-73.95,-40.97],[-73.92,-41.15],[-73.84,-41.33],[-73.85,-41.42],[-73.8,-41.57],[-73.69,-41.59],[-73.73,-41.75],[-73.51,-41.8],[-73.36,-41.77],[-73.2,-41.78],[-73.06,-41.7],[-73.11,-41.59],[-72.96,-41.48],[-72.75,-41.55],[-72.64,-41.72],[-72.89,-41.92],[-72.74,-42.01],[-72.49,-42.06],[-72.48,-42.31],[-72.62,-42.18],[-72.81,-42.24],[-72.68,-42.5],[-72.82,-42.5],[-72.86,-42.62],[-72.84,-42.84],[-72.75,-42.91],[-72.76,-43.03],[-72.86,-43.02],[-72.93,-43.1],[-72.91,-43.23],[-73.08,-43.32],[-73.11,-43.46],[-72.97,-43.62],[-73.05,-43.73],[-73.02,-43.81],[-73.14,-43.98],[-73.13,-44.05],[-73.28,-44.11],[-73.27,-44.19],[-73.16,-44.26],[-72.93,-44.32],[-72.92,-44.37],[-72.69,-44.49],[-72.73,-44.76],[-73.01,-44.86],[-73.12,-44.95],[-73.35,-44.96],[-73.41,-45.03],[-73.3,-45.14],[-73.44,-45.19],[-73.46,-45.27],[-73.33,-45.34],[-73.52,-45.46],[-73.57,-45.72],[-73.49,-45.73],[-73.66,-45.98],[-73.62,-46.1],[-73.65,-46.19],[-73.55,-46.3],[-73.69,-46.37],[-73.85,-46.59],[-73.99,-46.56],[-73.79,-46.36],[-73.77,-46.23],[-73.97,-46.08],[-74.16,-45.8],[-74.65,-45.82],[-74.71,-45.98],[-74.91,-46.15],[-74.96,-46.23],[-75.09,-46.22],[-75.39,-46.43],[-75.52,-46.55],[-75.7,-46.64],[-75.71,-46.79],[-75.55,-46.95],[-75.35,-46.9],[-75.44,-46.65],[-75.08,-46.64],[-75.02,-46.72],[-74.68,-46.88],[-74.65,-46.79],[-74.27,-46.78],[-74.24,-46.86],[-74.12,-46.99],[-73.95,-47.05],[-74.14,-47.22],[-74.32,-47.22],[-74.41,-47.34],[-74.42,-47.56],[-74.61,-47.57],[-74.74,-47.72],[-74.63,-47.77],[-74.07,-47.77],[-73.92,-47.84],[-73.71,-47.78],[-73.58,-47.8],[-73.66,-47.91],[-73.6,-48.13],[-73.89,-48.02],[-74.43,-47.98],[-74.62,-48],[-74.44,-48.18],[-74.32,-48.21],[-74.26,-48.33],[-74,-48.41],[-74.05,-48.55],[-74.21,-48.47],[-74.39,-48.6],[-74.37,-48.72],[-74.45,-48.83],[-74.4,-48.96],[-74.42,-49.37],[-74.24,-49.53],[-74.12,-49.42],[-74.05,-49.54],[-74.23,-49.57],[-74.33,-49.68],[-74.2,-49.75],[-74.35,-49.81],[-74.27,-49.93],[-74.36,-49.99],[-74.25,-50.08],[-74.57,-50.1],[-74.69,-50.18],[-74.47,-50.34],[-74.13,-50.42],[-74.3,-50.48],[-74.13,-50.76],[-73.95,-50.83],[-73.81,-50.74],[-73.76,-50.52],[-73.64,-50.62],[-73.77,-50.67],[-73.79,-50.8],[-73.87,-50.89],[-74.1,-50.87],[-74.26,-50.94],[-74.15,-51.05],[-74.14,-51.18],[-73.78,-51.23],[-73.72,-51.29],[-73.81,-51.39],[-73.93,-51.4],[-73.9,-51.61],[-73.6,-51.82],[-73.58,-52.02],[-73.32,-52.17],[-73.18,-52.08],[-73.14,-51.94],[-72.92,-51.86],[-72.58,-51.8],[-72.45,-51.91],[-72.7,-51.98],[-72.86,-51.95],[-72.99,-52.07],[-73.22,-52.12],[-73.3,-52.22],[-73.43,-52.15],[-73.58,-52.21],[-73.56,-52.32],[-73.67,-52.42],[-73.53,-52.46],[-73.69,-52.6],[-73.63,-52.74],[-73.45,-52.63],[-73.27,-52.67],[-73.26,-52.75],[-73.38,-52.84],[-73.29,-52.9],[-73.39,-52.98],[-73.33,-53.07],[-73.12,-53.1],[-72.95,-53.02],[-72.95,-52.89],[-73.02,-52.84],[-72.86,-52.79],[-72.68,-52.66],[-72.8,-52.61],[-72.66,-52.52],[-72.41,-52.65],[-72.31,-52.52],[-72.09,-52.52],[-71.76,-52.57],[-71.57,-52.56],[-71.48,-52.65],[-71.85,-52.69],[-72.16,-52.65],[-72.31,-52.75],[-72.56,-52.83],[-72.61,-52.74],[-72.96,-52.82],[-72.89,-53.06],[-72.94,-53.17],[-73.25,-53.18],[-73.2,-53.24],[-72.52,-53.54],[-72.36,-53.54],[-72.48,-53.41],[-72.47,-53.28],[-72.01,-53.12],[-71.91,-53.01],[-71.53,-52.87],[-71.25,-52.79],[-71.2,-52.92],[-71.36,-53.12],[-71.83,-53.25],[-72.1,-53.27],[-72.28,-53.24],[-72.42,-53.32],[-72.4,-53.48],[-72.11,-53.68],[-71.99,-53.68],[-71.64,-53.82],[-71.23,-53.87],[-70.97,-53.76],[-70.94,-53.59],[-70.99,-53.38],[-70.96,-53.22],[-70.82,-52.99],[-70.8,-52.75],[-70.52,-52.72],[-70.32,-52.64],[-69.85,-52.49],[-69.67,-52.53],[-69.5,-52.38],[-69.48,-52.29],[-69.23,-52.2],[-69.13,-52.21],[-68.9,-52.3],[-68.45,-52.35],[-68.45,-52.3],[-68.82,-52.24],[-69.21,-52.14],[-69.48,-52.13],[-69.95,-52.01],[-71.16,-52],[-71.92,-51.99],[-71.96,-51.87],[-72.07,-51.78],[-72.28,-51.7],[-72.35,-51.58],[-72.31,-51.3],[-72.26,-51.23],[-72.4,-51.09],[-72.29,-51.03],[-72.26,-50.84],[-72.35,-50.73],[-72.3,-50.65],[-72.51,-50.6],[-72.62,-50.67],[-72.78,-50.62],[-73.1,-50.77],[-73.18,-50.75],[-73.26,-50.56],[-73.27,-50.36],[-73.32,-50.27],[-73.53,-50.14],[-73.48,-50.02],[-73.57,-49.93],[-73.46,-49.76],[-73.59,-49.53],[-73.46,-49.37],[-73.46,-49.31],[-73.14,-49.3],[-73.1,-49.27],[-73.18,-49.24],[-73.08,-49.06],[-72.92,-48.95],[-72.74,-48.91],[-72.59,-48.79],[-72.58,-48.45],[-72.43,-48.4],[-72.33,-48.29],[-72.34,-48.07],[-72.54,-47.91],[-72.34,-47.6],[-72.33,-47.43],[-72.17,-47.41],[-72.06,-47.31],[-72.01,-47.2],[-71.86,-47.17],[-72,-47.04],[-71.93,-46.8],[-71.83,-46.79],[-71.69,-46.69],[-71.68,-46.52],[-71.76,-46.36],[-71.76,-46.24],[-71.92,-46.15],[-71.77,-46.11],[-71.61,-45.97],[-71.74,-45.86],[-71.8,-45.74],[-71.76,-45.57],[-71.49,-45.5],[-71.51,-45.41],[-71.31,-45.3],[-71.36,-45.21],[-71.5,-45.11],[-71.59,-44.98],[-71.76,-44.93],[-71.89,-44.95],[-72.08,-44.89],[-72.05,-44.75],[-71.85,-44.79],[-71.46,-44.75],[-71.26,-44.78],[-71.24,-44.66],[-71.12,-44.53],[-71.23,-44.42],[-71.44,-44.4],[-71.82,-44.4],[-71.81,-44.19],[-71.66,-43.93],[-71.82,-43.76],[-71.7,-43.67],[-71.71,-43.6],[-71.86,-43.48],[-71.94,-43.46],[-71.9,-43.32],[-71.75,-43.28],[-71.74,-43.19],[-71.86,-43.13],[-72.01,-43.12],[-72.15,-43],[-72.11,-42.86],[-72.15,-42.59],[-72.04,-42.49],[-72.12,-42.26],[-72.04,-42.14],[-71.95,-42.17],[-71.74,-42.08],[-71.79,-41.87],[-71.93,-41.62],[-71.85,-41.57],[-71.9,-41.37],[-71.87,-41.25],[-71.85,-40.94],[-71.96,-40.72],[-71.85,-40.62],[-71.8,-40.43],[-71.68,-40.34],[-71.82,-40.21],[-71.8,-40.08],[-71.68,-40.1],[-71.62,-39.93],[-71.71,-39.73],[-71.71,-39.6],[-71.52,-39.61],[-71.54,-39.53],[-71.46,-39.43],[-71.4,-39.24],[-71.42,-38.93],[-71.23,-38.81],[-70.88,-38.69],[-70.85,-38.53],[-70.97,-38.42],[-71.02,-38.26],[-71.01,-38.07],[-71.09,-37.94],[-71.18,-37.71],[-71.13,-37.59],[-71.12,-37.44],[-71.21,-37.29],[-71.15,-37.22],[-71.14,-36.97],[-71.19,-36.86],[-71.14,-36.69],[-71.06,-36.67],[-71.04,-36.48],[-70.93,-36.47],[-70.89,-36.4],[-70.72,-36.41],[-70.7,-36.26],[-70.59,-36.15],[-70.45,-36.15],[-70.38,-36.05],[-70.42,-35.87],[-70.36,-35.81],[-70.42,-35.66],[-70.41,-35.51],[-70.47,-35.31],[-70.54,-35.21],[-70.39,-35.17],[-70.35,-34.95],[-70.28,-34.8],[-70.23,-34.58],[-70.06,-34.4],[-70.04,-34.28],[-69.83,-34.24],[-69.91,-33.76],[-69.88,-33.56],[-69.79,-33.38],[-69.81,-33.29],[-69.9,-33.24],[-70.01,-33.3],[-70.1,-33.19],[-70.11,-33.04],[-70,-32.88],[-70.14,-32.77],[-70.18,-32.63],[-70.17,-32.47],[-70.24,-32.33],[-70.32,-32.28],[-70.33,-32.14],[-70.24,-31.96],[-70.31,-31.88],[-70.43,-31.87],[-70.59,-31.55],[-70.54,-31.17],[-70.39,-31.14],[-70.34,-31.04],[-70.32,-30.8],[-70.22,-30.51],[-70.15,-30.46],[-70.15,-30.35],[-70.03,-30.4],[-69.9,-30.31],[-69.85,-30.13],[-69.98,-30.06],[-69.92,-29.94],[-69.93,-29.72],[-70.04,-29.36],[-70.03,-29.28],[-69.91,-29.14],[-69.8,-29.1],[-69.81,-28.96],[-69.74,-28.81],[-69.74,-28.64],[-69.67,-28.56],[-69.65,-28.4],[-69.42,-28.21],[-69.29,-27.99],[-69.17,-27.92],[-69.12,-27.73],[-69.03,-27.55],[-69.01,-27.45],[-68.93,-27.39],[-68.88,-27.22],[-68.8,-27.11],[-68.59,-27.16],[-68.49,-27.07],[-68.34,-27.05],[-68.32,-26.87],[-68.57,-26.55],[-68.59,-26.46],[-68.57,-26.3],[-68.42,-26.18],[-68.42,-26.09],[-68.5,-25.75],[-68.56,-25.66],[-68.61,-25.44],[-68.52,-25.18],[-68.37,-25.1],[-68.44,-25.02],[-68.48,-24.9],[-68.56,-24.86],[-68.57,-24.77],[-68.5,-24.61],[-68.4,-24.5],[-68.31,-24.49],[-68.24,-24.38],[-67.36,-24.03],[-67.34,-24],[-67.01,-23],[-67.19,-22.82],[-67.55,-22.89],[-67.77,-22.89],[-67.88,-22.83],[-67.89,-22.72],[-67.86,-22.57],[-67.94,-22.35],[-67.93,-22.25],[-67.99,-22.06],[-68.1,-21.95],[-68.13,-21.71],[-68.2,-21.57],[-68.21,-21.28],[-68.42,-20.96],[-68.57,-20.87],[-68.57,-20.74],[-68.48,-20.64],[-68.69,-20.52],[-68.77,-20.39],[-68.68,-20.33],[-68.78,-20.09],[-68.59,-20.06],[-68.54,-19.92],[-68.56,-19.84],[-68.7,-19.75],[-68.5,-19.46],[-68.49,-19.38],[-68.66,-19.27],[-68.81,-19.11],[-68.92,-19.05],[-68.99,-18.95],[-68.95,-18.86],[-69.04,-18.6],[-69.03,-18.48],[-69.08,-18.4],[-69.1,-18.23],[-69.15,-18.14],[-69.14,-18.03],[-69.3,-17.98],[-69.36,-17.76],[-69.48,-17.65],[-69.51,-17.51]]],[[[-68.64,-54.8],[-68.64,-54.78],[-68.64,-53.98],[-68.63,-53.44],[-68.63,-52.64],[-68.75,-52.56],[-68.92,-52.64],[-69.14,-52.68],[-69.37,-52.47],[-69.58,-52.51],[-69.59,-52.64],[-69.73,-52.77],[-70,-52.84],[-70.13,-52.73],[-70.28,-52.74],[-70.26,-52.87],[-70.09,-52.91],[-70.13,-53.01],[-70.24,-53.06],[-70.42,-53.01],[-70.47,-53.31],[-70.26,-53.46],[-69.67,-53.36],[-69.35,-53.36],[-69.36,-53.52],[-69.65,-53.64],[-69.92,-53.66],[-70.14,-53.74],[-70.18,-53.81],[-70.06,-54.09],[-69.88,-54.16],[-69.28,-54.32],[-69.1,-54.45],[-69.23,-54.48],[-69.5,-54.34],[-69.78,-54.29],[-69.82,-54.47],[-70.06,-54.25],[-70.32,-54.32],[-70.93,-54.11],[-70.87,-54.25],[-70.58,-54.27],[-70.61,-54.34],[-70.86,-54.32],[-71.01,-54.45],[-71.51,-54.43],[-71.69,-54.61],[-71.51,-54.68],[-71.29,-54.68],[-70.8,-54.75],[-70.24,-54.86],[-69.79,-54.79],[-69.07,-54.95],[-68.65,-54.89],[-68.64,-54.8]]],[[[-109.23,-27.09],[-109.37,-27.06],[-109.45,-27.19],[-109.24,-27.13],[-109.23,-27.09]]],[[[-68,-55.63],[-68.24,-55.4],[-68.38,-55.18],[-68.62,-55.15],[-68.33,-55.05],[-68.53,-54.93],[-68.83,-54.98],[-69.32,-54.99],[-69.65,-55.05],[-69.89,-55.06],[-69.85,-55.26],[-69.61,-55.36],[-69.49,-55.36],[-69.44,-55.49],[-69.3,-55.49],[-69.32,-55.32],[-69.27,-55.21],[-69.04,-55.26],[-68.86,-55.26],[-68.97,-55.43],[-68.85,-55.51],[-68.6,-55.46],[-68.25,-55.52],[-68,-55.63]]],[[[-67.88,-55.24],[-67.65,-55.26],[-67.61,-55.19],[-67.42,-55.22],[-67.27,-55.31],[-67.09,-55.19],[-67.06,-55.07],[-67.3,-54.93],[-67.94,-54.9],[-68.19,-54.98],[-68.19,-55.1],[-68.08,-55.23],[-67.88,-55.24]]],[[[-70.29,-55.08],[-70.51,-54.99],[-71.01,-54.96],[-70.99,-55.03],[-70.72,-55.12],[-70.29,-55.08]]],[[[-69.9,-55],[-69.78,-55.03],[-69.16,-54.96],[-69.67,-54.87],[-69.93,-54.9],[-69.9,-55]]],[[[-72.3,-54.08],[-72.43,-54.25],[-72.3,-54.25],[-72.3,-54.08]]],[[[-71.63,-54.08],[-71.7,-54.17],[-71.59,-54.24],[-71.48,-54.17],[-71.21,-54.37],[-71.11,-54.38],[-70.99,-54.27],[-71.01,-54.1],[-71.21,-54.15],[-71.3,-53.99],[-71.46,-53.94],[-71.63,-53.95],[-71.63,-54.08]]],[[[-72.01,-54.2],[-71.9,-54.32],[-71.76,-54.26],[-71.71,-54.15],[-71.73,-53.9],[-71.83,-53.92],[-71.99,-53.87],[-72.13,-53.93],[-72.23,-54.06],[-72.01,-54.2]]],[[[-70.45,-53.61],[-70.71,-53.7],[-70.7,-53.79],[-70.9,-53.87],[-70.82,-54.11],[-70.54,-54.22],[-70.57,-54.06],[-70.34,-54.01],[-70.45,-53.89],[-70.42,-53.8],[-70.45,-53.61]]],[[[-73.39,-53.41],[-73.51,-53.39],[-73.69,-53.47],[-73.48,-53.57],[-73.39,-53.53],[-73.49,-53.45],[-73.39,-53.41]]],[[[-72.53,-54.07],[-72.33,-54.03],[-72.34,-53.91],[-72.15,-53.8],[-72.4,-53.63],[-72.66,-53.54],[-72.87,-53.53],[-73.03,-53.39],[-73.13,-53.49],[-73.39,-53.46],[-73.41,-53.49],[-73.29,-53.61],[-73.45,-53.56],[-73.62,-53.65],[-73.36,-53.71],[-73.27,-53.98],[-73.06,-54.02],[-73.1,-53.91],[-72.9,-53.87],[-72.74,-53.89],[-72.93,-54.06],[-72.82,-54.13],[-72.66,-54.05],[-72.53,-54.07]]],[[[-73.21,-53.32],[-73.43,-53.14],[-73.68,-53.11],[-73.88,-53],[-74.18,-52.94],[-74.25,-52.96],[-74.57,-52.85],[-74.6,-52.92],[-74.41,-53.03],[-74.07,-53.11],[-73.88,-53.06],[-73.61,-53.21],[-73.56,-53.32],[-73.23,-53.37],[-73.21,-53.32]]],[[[-73.84,-52.7],[-73.68,-52.47],[-73.89,-52.41],[-74.13,-52.67],[-73.91,-52.66],[-73.84,-52.7]]],[[[-74.67,-52.39],[-74.54,-52.27],[-74.62,-52.2],[-74.81,-52.24],[-74.81,-52.35],[-74.67,-52.39]]],[[[-73.77,-52.38],[-73.78,-52.27],[-74.04,-52.14],[-74.09,-52.18],[-73.77,-52.38]]],[[[-74.12,-52.4],[-73.94,-52.33],[-74.02,-52.25],[-74.21,-52.17],[-74.19,-52.37],[-74.12,-52.4]]],[[[-73.71,-52.19],[-73.76,-52.08],[-74.03,-51.91],[-74.09,-52.01],[-73.71,-52.19]]],[[[-74.43,-51.84],[-74.17,-51.95],[-74.17,-51.84],[-74.5,-51.71],[-74.43,-51.84]]],[[[-73.94,-51.74],[-74.07,-51.6],[-74.23,-51.71],[-74.05,-51.79],[-73.94,-51.74]]],[[[-75.02,-51.33],[-75.22,-51.3],[-75.22,-51.49],[-75.02,-51.41],[-75.02,-51.33]]],[[[-74.74,-51.37],[-74.59,-51.4],[-74.55,-51.28],[-74.6,-51.21],[-74.79,-51.21],[-74.96,-51.33],[-74.74,-51.37]]],[[[-74.39,-50.98],[-74.39,-50.87],[-74.55,-50.75],[-74.62,-50.92],[-74.88,-50.89],[-74.89,-51.05],[-74.71,-51.1],[-74.63,-51.04],[-74.39,-50.98]]],[[[-74.91,-50.8],[-74.84,-50.87],[-74.66,-50.82],[-74.76,-50.75],[-74.91,-50.8]]],[[[-75.13,-50.49],[-75.38,-50.46],[-75.48,-50.67],[-75.39,-50.77],[-75.29,-50.73],[-75.27,-50.59],[-75.13,-50.49]]],[[[-74.31,-50.83],[-74.19,-50.83],[-74.27,-50.62],[-74.38,-50.46],[-74.58,-50.63],[-74.52,-50.73],[-74.31,-50.83]]],[[[-75.04,-50.29],[-74.87,-50.16],[-75.32,-50],[-75.38,-50.08],[-75.13,-50.17],[-75.27,-50.25],[-75.4,-50.17],[-75.46,-50.35],[-75.31,-50.33],[-75.25,-50.44],[-75.04,-50.29]]],[[[-75.45,-49.77],[-75.34,-49.86],[-75.21,-49.79],[-75.39,-49.59],[-75.51,-49.56],[-75.61,-49.64],[-75.62,-49.86],[-75.45,-49.77]]],[[[-74.9,-49.08],[-75.09,-49.03],[-75.23,-49.12],[-75.09,-49.16],[-74.92,-49.27],[-74.9,-49.08]]],[[[-75.56,-49.25],[-75.48,-49.25],[-75.29,-49.09],[-75.44,-49.08],[-75.61,-49.15],[-75.56,-49.25]]],[[[-75.21,-49.01],[-75.31,-48.86],[-75.52,-48.83],[-75.65,-48.89],[-75.54,-48.99],[-75.33,-48.95],[-75.21,-49.01]]],[[[-75.2,-49.77],[-75.13,-49.86],[-74.96,-49.78],[-75.01,-49.52],[-74.92,-49.53],[-74.88,-49.8],[-74.91,-49.93],[-74.87,-50.02],[-74.66,-50.05],[-74.48,-49.95],[-74.42,-49.67],[-74.54,-49.51],[-74.45,-49.32],[-74.47,-48.95],[-74.53,-48.87],[-74.53,-48.72],[-74.7,-48.68],[-74.85,-48.7],[-74.98,-48.76],[-75.05,-48.86],[-74.95,-48.92],[-74.95,-49.01],[-74.81,-49.1],[-74.93,-49.31],[-75.04,-49.26],[-75.19,-49.29],[-75.43,-49.28],[-75.47,-49.33],[-75.36,-49.46],[-75.2,-49.77]]],[[[-75.08,-48.64],[-75.23,-48.75],[-75.09,-48.78],[-75.08,-48.64]]],[[[-75.34,-48.62],[-75.46,-48.7],[-75.65,-48.72],[-75.61,-48.79],[-75.48,-48.77],[-75.34,-48.62]]],[[[-75.33,-48.55],[-75.34,-48.46],[-75.45,-48.43],[-75.66,-48.48],[-75.63,-48.63],[-75.34,-48.61],[-75.33,-48.55]]],[[[-74.49,-48.35],[-74.27,-48.46],[-74.23,-48.42],[-74.34,-48.28],[-74.49,-48.35]]],[[[-74.5,-48.58],[-74.6,-48.56],[-74.6,-48.36],[-74.76,-48.15],[-74.82,-48.4],[-74.95,-48.42],[-75.03,-48.5],[-75.01,-48.59],[-74.61,-48.69],[-74.5,-48.58]]],[[[-74.54,-48.32],[-74.37,-48.24],[-74.56,-48.12],[-74.6,-48.23],[-74.54,-48.32]]],[[[-75.16,-48.3],[-75.03,-48.44],[-74.84,-48.34],[-74.83,-48.14],[-75.02,-48.08],[-75.26,-48.07],[-75.16,-48.3]]],[[[-75.15,-48.66],[-75.07,-48.6],[-75.1,-48.47],[-75.2,-48.34],[-75.27,-48.17],[-75.38,-48.01],[-75.58,-48.09],[-75.52,-48.23],[-75.56,-48.38],[-75.46,-48.42],[-75.27,-48.42],[-75.32,-48.49],[-75.24,-48.7],[-75.15,-48.66]]],[[[-75.27,-48.03],[-75.03,-48.03],[-74.73,-48.11],[-74.87,-47.82],[-74.94,-47.88],[-75.09,-47.87],[-75.21,-47.92],[-75.27,-48.03]]],[[[-74.41,-47.94],[-74.32,-47.98],[-73.93,-47.88],[-74.24,-47.81],[-74.4,-47.84],[-74.41,-47.94]]],[[[-75.18,-47.83],[-75.05,-47.82],[-75.12,-47.68],[-75.33,-47.76],[-75.18,-47.83]]],[[[-74.07,-47.02],[-74.23,-47.1],[-74.15,-47.17],[-73.97,-47.05],[-74.07,-47.02]]],[[[-73.72,-46.05],[-73.84,-46.01],[-73.94,-46.07],[-73.74,-46.19],[-73.72,-46.05]]],[[[-74.75,-45.81],[-74.89,-45.88],[-75.07,-45.86],[-75.07,-46.09],[-74.92,-46.1],[-74.77,-46],[-74.71,-45.85],[-74.75,-45.81]]],[[[-73.74,-45.79],[-73.94,-45.91],[-73.86,-45.97],[-73.74,-45.79]]],[[[-73.93,-45.74],[-74.04,-45.74],[-74.09,-45.81],[-73.97,-45.86],[-73.93,-45.74]]],[[[-74.55,-45.57],[-74.66,-45.6],[-74.71,-45.7],[-74.6,-45.75],[-74.55,-45.57]]],[[[-74.07,-45.69],[-73.92,-45.7],[-73.91,-45.59],[-74.03,-45.53],[-74.11,-45.59],[-74.07,-45.69]]],[[[-74.5,-45.73],[-74.34,-45.73],[-74.21,-45.64],[-74.29,-45.48],[-74.42,-45.45],[-74.5,-45.73]]],[[[-73.67,-45.44],[-73.77,-45.51],[-73.82,-45.64],[-73.67,-45.65],[-73.59,-45.48],[-73.67,-45.44]]],[[[-73.89,-45.47],[-74.06,-45.42],[-74.11,-45.47],[-73.87,-45.56],[-73.89,-45.47]]],[[[-73.73,-45.21],[-73.71,-45.11],[-73.78,-45.04],[-73.92,-44.99],[-74.21,-45.04],[-74.01,-45.23],[-73.73,-45.21]]],[[[-74.27,-44.94],[-74.19,-44.99],[-73.94,-44.97],[-73.97,-44.9],[-74.19,-44.87],[-74.27,-44.94]]],[[[-73.93,-44.79],[-73.92,-44.89],[-73.76,-44.93],[-73.84,-44.78],[-73.93,-44.79]]],[[[-75.09,-44.8],[-75.2,-44.82],[-75.13,-44.93],[-75.03,-44.9],[-75.09,-44.8]]],[[[-73.93,-44.63],[-74.03,-44.6],[-74.4,-44.63],[-74.41,-44.69],[-74.28,-44.8],[-74.01,-44.72],[-73.93,-44.63]]],[[[-73.66,-44.68],[-73.7,-44.54],[-73.8,-44.55],[-73.84,-44.66],[-73.75,-44.74],[-73.66,-44.68]]],[[[-74.39,-44.55],[-74.24,-44.48],[-74.31,-44.39],[-74.55,-44.48],[-74.39,-44.55]]],[[[-73.38,-44.59],[-73.47,-44.64],[-73.26,-44.94],[-73.15,-44.91],[-72.84,-44.71],[-72.72,-44.53],[-72.91,-44.45],[-73,-44.36],[-73.15,-44.44],[-73.31,-44.6],[-73.38,-44.59]]],[[[-74.14,-43.83],[-74,-43.94],[-73.76,-43.89],[-73.86,-43.79],[-73.97,-43.83],[-74.14,-43.83]]],[[[-74.82,-43.63],[-74.78,-43.67],[-74.58,-43.64],[-74.65,-43.55],[-74.82,-43.56],[-74.82,-43.63]]],[[[-73.41,-42.53],[-73.54,-42.38],[-73.61,-42.45],[-73.41,-42.53]]],[[[-74.33,-43.28],[-74.29,-43.32],[-73.88,-43.42],[-73.68,-43.38],[-73.72,-43.14],[-73.49,-43.1],[-73.65,-42.93],[-73.52,-42.79],[-73.63,-42.74],[-73.81,-42.61],[-73.69,-42.45],[-73.68,-42.37],[-73.37,-42.26],[-73.49,-42.15],[-73.45,-42.08],[-73.53,-41.97],[-73.54,-41.84],[-73.69,-41.81],[-73.87,-41.89],[-73.98,-41.87],[-74.06,-41.99],[-74.05,-42.13],[-74.15,-42.22],[-74.19,-42.43],[-74.13,-42.64],[-74.17,-42.88],[-74.23,-43.02],[-74.34,-43.1],[-74.4,-43.26],[-74.33,-43.28]]],[[[-74.97,-50.29],[-75.12,-50.38],[-74.98,-50.43],[-74.97,-50.29]]]]},"properties":{"iso_a2":"CL","name":"Chile"}},{"type":"Feature","geometry":{"type":"Polygon","coordinates":[[[-69.51,-17.51],[-69.48,-17.65],[-69.36,-17.76],[-69.3,-17.98],[-69.14,-18.03],[-69.15,-18.14],[-69.1,-18.23],[-69.08,-18.4],[-69.03,-18.48],[-69.04,-18.6],[-68.95,-18.86],[-68.99,-18.95],[-68.92,-19.05],[-68.81,-19.11],[-68.66,-19.27],[-68.49,-19.38],[-68.5,-19.46],[-68.7,-19.75],[-68.56,-19.84],[-68.54,-19.92],[-68.59,-20.06],[-68.78,-20.09],[-68.68,-20.33],[-68.77,-20.39],[-68.69,-20.52],[-68.48,-20.64],[-68.57,-20.74],[-68.57,-20.87],[-68.42,-20.96],[-68.21,-21.28],[-68.2,-21.57],[-68.13,-21.71],[-68.1,-21.95],[-67.99,-22.06],[-67.93,-22.25],[-67.94,-22.35],[-67.86,-22.57],[-67.89,-22.72],[-67.88,-22.83],[-67.77,-22.89],[-67.55,-22.89],[-67.19,-22.82],[-67.04,-22.65],[-67.03,-22.52],[-66.8,-22.43],[-66.74,-22.22],[-66.38,-22.13],[-66.3,-22.05],[-66.24,-21.79],[-66.09,-21.83],[-66.05,-21.92],[-65.93,-21.94],[-65.74,-22.11],[-65.58,-22.09],[-65.46,-22.1],[-65.02,-22.1],[-64.69,-22.17],[-64.59,-22.21],[-64.57,-22.34],[-64.43,-22.54],[-64.45,-22.64],[-64.37,-22.73],[-64.29,-22.69],[-64.25,-22.54],[-64.16,-22.44],[-63.95,-22.01],[-63.81,-22],[-63.74,-22.05],[-63.64,-22],[-62.8,-22],[-62.79,-22.11],[-62.65,-22.23],[-62.28,-21.07],[-62.27,-20.55],[-61.94,-20.1],[-61.76,-19.66],[-60.49,-19.4],[-60.01,-19.3],[-59.09,-19.29],[-58.17,-19.82],[-58.14,-19.97],[-58.16,-20.16],[-57.86,-19.98],[-58.12,-19.76],[-58.12,-19.73],[-57.79,-19.06],[-57.72,-19.05],[-57.78,-18.91],[-57.57,-18.26],[-57.55,-18.18],[-57.73,-17.85],[-57.72,-17.74],[-57.78,-17.7],[-57.79,-17.56],[-57.84,-17.51],[-58.01,-17.5],[-58.38,-17.27],[-58.47,-16.88],[-58.48,-16.68],[-58.36,-16.51],[-58.34,-16.29],[-58.46,-16.33],[-59.49,-16.3],[-60.13,-16.27],[-60.18,-16.22],[-60.24,-15.5],[-60.26,-15.46],[-60.53,-15.14],[-60.27,-15.09],[-60.29,-14.63],[-60.4,-14.34],[-60.46,-14.28],[-60.47,-14.12],[-60.39,-13.97],[-60.47,-13.8],[-60.65,-13.72],[-60.9,-13.55],[-61.35,-13.49],[-61.46,-13.54],[-61.6,-13.51],[-61.81,-13.54],[-61.87,-13.46],[-62,-13.36],[-62.11,-13.23],[-62.11,-13.15],[-62.22,-13.12],[-62.38,-13.14],[-62.49,-13.06],[-62.77,-13.01],[-62.93,-12.85],[-62.99,-12.84],[-63.07,-12.65],[-63.17,-12.65],[-63.25,-12.7],[-63.39,-12.66],[-63.5,-12.55],[-63.66,-12.47],[-63.8,-12.45],[-63.92,-12.54],[-64.14,-12.52],[-64.21,-12.47],[-64.4,-12.46],[-64.49,-12.37],[-64.47,-12.26],[-64.72,-12.15],[-64.79,-12.03],[-65,-12],[-65.07,-11.75],[-65.2,-11.74],[-65.22,-11.53],[-65.32,-11.48],[-65.39,-11.15],[-65.3,-10.99],[-65.32,-10.86],[-65.4,-10.81],[-65.38,-10.7],[-65.44,-10.53],[-65.36,-10.33],[-65.29,-10.22],[-65.33,-10.01],[-65.3,-9.83],[-65.37,-9.71],[-65.45,-9.68],[-65.58,-9.83],[-65.71,-9.76],[-66.1,-9.79],[-66.45,-9.89],[-66.63,-9.9],[-66.9,-10.09],[-67.06,-10.26],[-67.17,-10.32],[-67.3,-10.31],[-67.43,-10.39],[-67.49,-10.46],[-67.58,-10.5],[-67.68,-10.61],[-67.72,-10.7],[-67.86,-10.66],[-68.01,-10.66],[-68.11,-10.71],[-68.29,-10.98],[-68.62,-11.11],[-68.79,-11.13],[-68.81,-10.99],[-68.88,-11.02],[-69.07,-10.97],[-69.4,-10.93],[-69.58,-10.95],[-69.03,-11.91],[-68.68,-12.5],[-68.79,-12.62],[-68.77,-12.72],[-68.86,-12.74],[-68.98,-12.87],[-68.97,-13.48],[-69.04,-13.65],[-68.98,-13.97],[-68.92,-14.02],[-68.88,-14.21],[-69.02,-14.26],[-68.99,-14.38],[-69.16,-14.5],[-69.25,-14.59],[-69.27,-14.75],[-69.36,-14.79],[-69.39,-14.96],[-69.29,-15.1],[-69.15,-15.23],[-69.3,-15.37],[-69.42,-15.6],[-69.42,-15.66],[-69.22,-16.15],[-69.14,-16.22],[-68.98,-16.21],[-68.84,-16.3],[-68.86,-16.36],[-69.04,-16.47],[-69.04,-16.67],[-69.19,-16.74],[-69.22,-16.82],[-69.41,-17.02],[-69.43,-17.09],[-69.62,-17.19],[-69.66,-17.29],[-69.52,-17.37],[-69.51,-17.51]]]},"properties":{"iso_a2":"BO","name":"Bolivia"}},{"type":"Feature","geometry":{"type":"Polygon","coordinates":[[[-69.51,-17.51],[-69.52,-17.37],[-69.66,-17.29],[-69.62,-17.19],[-69.43,-17.09],[-69.41,-17.02],[-69.22,-16.82],[-69.19,-16.74],[-69.04,-16.67],[-69.04,-16.47],[-68.86,-16.36],[-68.84,-16.3],[-68.98,-16.21],[-69.14,-16.22],[-69.22,-16.15],[-69.42,-15.66],[-69.42,-15.6],[-69.3,-15.37],[-69.15,-15.23],[-69.29,-15.1],[-69.39,-14.96],[-69.36,-14.79],[-69.27,-14.75],[-69.25,-14.59],[-69.16,-14.5],[-68.99,-14.38],[-69.02,-14.26],[-68.88,-14.21],[-68.92,-14.02],[-68.98,-13.97],[-69.04,-13.65],[-68.97,-13.48],[-68.98,-12.87],[-68.86,-12.74],[-68.77,-12.72],[-68.79,-12.62],[-68.68,-12.5],[-69.03,-11.91],[-69.58,-10.95],[-69.72,-10.96],[-69.81,-10.93],[-69.96,-10.92],[-70.2,-11.04],[-70.29,-11.06],[-70.44,-11.04],[-70.53,-10.94],[-70.64,-11.01],[-70.64,-9.85],[-70.54,-9.73],[-70.62,-9.57],[-70.68,-9.53],[-70.87,-9.66],[-71.01,-9.82],[-71.16,-9.88],[-71.2,-9.94],[-71.39,-10.01],[-72.2,-10.01],[-72.16,-9.89],[-72.26,-9.76],[-72.31,-9.54],[-72.43,-9.48],[-72.81,-9.41],[-73.21,-9.41],[-73.09,-9.24],[-73.03,-9.22],[-72.96,-9.09],[-72.98,-8.98],[-73.07,-8.89],[-73.19,-8.7],[-73.35,-8.6],[-73.37,-8.46],[-73.53,-8.37],[-73.67,-8.01],[-73.78,-7.95],[-73.71,-7.79],[-73.84,-7.72],[-73.97,-7.58],[-73.94,-7.45],[-73.98,-7.37],[-73.71,-7.3],[-73.81,-7.1],[-73.76,-6.9],[-73.68,-6.81],[-73.37,-6.58],[-73.2,-6.55],[-73.13,-6.43],[-73.18,-6.2],[-73.23,-6.08],[-73.14,-5.88],[-73,-5.71],[-72.96,-5.56],[-72.97,-5.47],[-72.9,-5.27],[-72.92,-5.13],[-72.65,-5.06],[-72.4,-4.86],[-72.4,-4.81],[-72.27,-4.76],[-72.13,-4.68],[-72.07,-4.61],[-71.91,-4.52],[-71.7,-4.48],[-71.53,-4.49],[-71.49,-4.44],[-71.36,-4.46],[-71.26,-4.37],[-70.97,-4.38],[-70.84,-4.24],[-70.83,-4.18],[-70.58,-4.19],[-70.43,-4.13],[-70.31,-4.17],[-70.31,-4.26],[-70.23,-4.3],[-70.1,-4.27],[-70.02,-4.34],[-69.96,-4.24],[-70.06,-4.11],[-70.19,-4.03],[-70.22,-3.92],[-70.31,-3.83],[-70.46,-3.88],[-70.73,-3.78],[-70.05,-2.71],[-70.24,-2.62],[-70.36,-2.49],[-70.46,-2.49],[-70.55,-2.43],[-70.65,-2.45],[-70.71,-2.33],[-70.87,-2.23],[-70.99,-2.2],[-71.14,-2.26],[-71.22,-2.34],[-71.39,-2.37],[-71.46,-2.25],[-71.77,-2.14],[-71.97,-2.33],[-72.06,-2.32],[-72.16,-2.41],[-72.4,-2.45],[-72.64,-2.33],[-72.68,-2.4],[-72.81,-2.38],[-72.94,-2.42],[-73.06,-2.3],[-73.16,-2.29],[-73.2,-2.19],[-73.11,-2.07],[-73.17,-1.96],[-73.19,-1.8],[-73.39,-1.76],[-73.53,-1.67],[-73.48,-1.57],[-73.5,-1.48],[-73.64,-1.25],[-73.88,-1.19],[-73.91,-1.12],[-74.29,-0.94],[-74.31,-0.8],[-74.38,-0.74],[-74.41,-0.57],[-74.63,-0.35],[-74.69,-0.35],[-74.82,-0.17],[-74.87,-0.22],[-74.97,-0.19],[-75.14,-0.04],[-75.22,-0.03],[-75.28,-0.11],[-75.45,-0.16],[-75.53,-0.12],[-75.59,-0.18],[-75.48,-0.25],[-75.41,-0.44],[-75.27,-0.53],[-75.26,-0.62],[-75.3,-0.75],[-75.23,-0.97],[-75.35,-0.97],[-75.41,-0.92],[-75.56,-1.5],[-76.09,-2.13],[-76.62,-2.54],[-76.68,-2.57],[-77.87,-2.99],[-77.94,-3.05],[-78.2,-3.36],[-78.35,-3.45],[-78.5,-3.95],[-78.57,-4],[-78.58,-4.1],[-78.68,-4.33],[-78.64,-4.43],[-78.67,-4.55],[-78.85,-4.65],[-78.93,-4.75],[-78.9,-4.84],[-78.98,-4.87],[-79.01,-4.96],[-79.1,-4.98],[-79.3,-4.96],[-79.45,-4.81],[-79.53,-4.62],[-79.51,-4.53],[-79.66,-4.44],[-79.8,-4.49],[-79.9,-4.4],[-79.98,-4.39],[-80.08,-4.31],[-80.2,-4.3],[-80.25,-4.39],[-80.41,-4.48],[-80.49,-4.4],[-80.36,-4.22],[-80.47,-4.21],[-80.51,-4.08],[-80.48,-4],[-80.31,-4],[-80.18,-3.91],[-80.22,-3.77],[-80.22,-3.59],[-80.27,-3.43],[-80.34,-3.39],[-80.37,-3.47],[-80.54,-3.5],[-80.61,-3.62],[-80.77,-3.71],[-80.87,-3.87],[-80.99,-3.97],[-81.07,-4.1],[-81.25,-4.24],[-81.28,-4.4],[-81.33,-4.48],[-81.31,-4.64],[-81.34,-4.68],[-81.06,-5.02],[-81.17,-5.09],[-81.2,-5.21],[-80.93,-5.46],[-80.86,-5.65],[-80.86,-5.74],[-80.94,-5.85],[-81.08,-5.8],[-81.15,-5.88],[-81.1,-6.07],[-80.85,-6.24],[-80.79,-6.3],[-80.3,-6.54],[-80.12,-6.65],[-79.96,-6.79],[-79.93,-6.88],[-79.71,-7.11],[-79.61,-7.27],[-79.58,-7.46],[-79.43,-7.67],[-79.47,-7.72],[-79.3,-7.94],[-79.12,-8.06],[-78.99,-8.22],[-78.9,-8.38],[-78.94,-8.44],[-78.76,-8.61],[-78.76,-8.77],[-78.68,-8.88],[-78.43,-9.42],[-78.37,-9.61],[-78.23,-9.79],[-78.23,-9.95],[-78.17,-10.14],[-78.1,-10.2],[-78.06,-10.35],[-77.92,-10.53],[-77.85,-10.67],[-77.76,-10.76],[-77.65,-11],[-77.59,-11.16],[-77.65,-11.29],[-77.32,-11.49],[-77.21,-11.65],[-77.17,-11.76],[-77.15,-11.93],[-77.17,-12.07],[-77.05,-12.11],[-77.02,-12.23],[-76.85,-12.3],[-76.79,-12.38],[-76.81,-12.48],[-76.68,-12.62],[-76.63,-12.75],[-76.52,-12.87],[-76.48,-13.04],[-76.22,-13.36],[-76.18,-13.54],[-76.26,-13.86],[-76.36,-13.8],[-76.39,-13.91],[-76.28,-13.94],[-76.28,-14.14],[-76.15,-14.22],[-76.09,-14.37],[-75.98,-14.46],[-75.93,-14.65],[-75.84,-14.73],[-75.51,-14.92],[-75.36,-15.14],[-75.24,-15.2],[-75.17,-15.31],[-75.16,-15.39],[-75.01,-15.46],[-74.85,-15.57],[-74.46,-15.73],[-74.44,-15.8],[-74.05,-15.96],[-74.03,-16.01],[-73.84,-16.15],[-73.7,-16.22],[-73.42,-16.29],[-73.31,-16.38],[-73.19,-16.41],[-73.06,-16.49],[-72.89,-16.55],[-72.69,-16.66],[-72.59,-16.66],[-72.36,-16.76],[-72.29,-16.88],[-72.2,-16.92],[-71.95,-17.07],[-71.81,-17.19],[-71.51,-17.28],[-71.4,-17.4],[-71.36,-17.63],[-71.09,-17.87],[-70.92,-17.95],[-70.68,-18.16],[-70.39,-18.34],[-70.13,-18.32],[-69.97,-18.25],[-69.84,-18.11],[-69.78,-17.98],[-69.86,-17.73],[-69.82,-17.66],[-69.68,-17.66],[-69.51,-17.51]]]},"properties":{"iso_a2":"PE","name":"Peru"}},{"type":"Feature","geometry":{"type":"MultiPolygon","coordinates":[[[[-67.19,-22.82],[-67.01,-23],[-67.34,-24],[-67.36,-24.03],[-68.24,-24.38],[-68.31,-24.49],[-68.4,-24.5],[-68.5,-24.61],[-68.57,-24.77],[-68.56,-24.86],[-68.48,-24.9],[-68.44,-25.02],[-68.37,-25.1],[-68.52,-25.18],[-68.61,-25.44],[-68.56,-25.66],[-68.5,-25.75],[-68.42,-26.09],[-68.42,-26.18],[-68.57,-26.3],[-68.59,-26.46],[-68.57,-26.55],[-68.32,-26.87],[-68.34,-27.05],[-68.49,-27.07],[-68.59,-27.16],[-68.8,-27.11],[-68.88,-27.22],[-68.93,-27.39],[-69.01,-27.45],[-69.03,-27.55],[-69.12,-27.73],[-69.17,-27.92],[-69.29,-27.99],[-69.42,-28.21],[-69.65,-28.4],[-69.67,-28.56],[-69.74,-28.64],[-69.74,-28.81],[-69.81,-28.96],[-69.8,-29.1],[-69.91,-29.14],[-70.03,-29.28],[-70.04,-29.36],[-69.93,-29.72],[-69.92,-29.94],[-69.98,-30.06],[-69.85,-30.13],[-69.9,-30.31],[-70.03,-30.4],[-70.15,-30.35],[-70.15,-30.46],[-70.22,-30.51],[-70.32,-30.8],[-70.34,-31.04],[-70.39,-31.14],[-70.54,-31.17],[-70.59,-31.55],[-70.43,-31.87],[-70.31,-31.88],[-70.24,-31.96],[-70.33,-32.14],[-70.32,-32.28],[-70.24,-32.33],[-70.17,-32.47],[-70.18,-32.63],[-70.14,-32.77],[-70,-32.88],[-70.11,-33.04],[-70.1,-33.19],[-70.01,-33.3],[-69.9,-33.24],[-69.81,-33.29],[-69.79,-33.38],[-69.88,-33.56],[-69.91,-33.76],[-69.83,-34.24],[-70.04,-34.28],[-70.06,-34.4],[-70.23,-34.58],[-70.28,-34.8],[-70.35,-34.95],[-70.39,-35.17],[-70.54,-35.21],[-70.47,-35.31],[-70.41,-35.51],[-70.42,-35.66],[-70.36,-35.81],[-70.42,-35.87],[-70.38,-36.05],[-70.45,-36.15],[-70.59,-36.15],[-70.7,-36.26],[-70.72,-36.41],[-70.89,-36.4],[-70.93,-36.47],[-71.04,-36.48],[-71.06,-36.67],[-71.14,-36.69],[-71.19,-36.86],[-71.14,-36.97],[-71.15,-37.22],[-71.21,-37.29],[-71.12,-37.44],[-71.13,-37.59],[-71.18,-37.71],[-71.09,-37.94],[-71.01,-38.07],[-71.02,-38.26],[-70.97,-38.42],[-70.85,-38.53],[-70.88,-38.69],[-71.23,-38.81],[-71.42,-38.93],[-71.4,-39.24],[-71.46,-39.43],[-71.54,-39.53],[-71.52,-39.61],[-71.71,-39.6],[-71.71,-39.73],[-71.62,-39.93],[-71.68,-40.1],[-71.8,-40.08],[-71.82,-40.21],[-71.68,-40.34],[-71.8,-40.43],[-71.85,-40.62],[-71.96,-40.72],[-71.85,-40.94],[-71.87,-41.25],[-71.9,-41.37],[-71.85,-41.57],[-71.93,-41.62],[-71.79,-41.87],[-71.74,-42.08],[-71.95,-42.17],[-72.04,-42.14],[-72.12,-42.26],[-72.04,-42.49],[-72.15,-42.59],[-72.11,-42.86],[-72.15,-43],[-72.01,-43.12],[-71.86,-43.13],[-71.74,-43.19],[-71.75,-43.28],[-71.9,-43.32],[-71.94,-43.46],[-71.86,-43.48],[-71.71,-43.6],[-71.7,-43.67],[-71.82,-43.76],[-71.66,-43.93],[-71.81,-44.19],[-71.82,-44.4],[-71.44,-44.4],[-71.23,-44.42],[-71.12,-44.53],[-71.24,-44.66],[-71.26,-44.78],[-71.46,-44.75],[-71.85,-44.79],[-72.05,-44.75],[-72.08,-44.89],[-71.89,-44.95],[-71.76,-44.93],[-71.59,-44.98],[-71.5,-45.11],[-71.36,-45.21],[-71.31,-45.3],[-71.51,-45.41],[-71.49,-45.5],[-71.76,-45.57],[-71.8,-45.74],[-71.74,-45.86],[-71.61,-45.97],[-71.77,-46.11],[-71.92,-46.15],[-71.76,-46.24],[-71.76,-46.36],[-71.68,-46.52],[-71.69,-46.69],[-71.83,-46.79],[-71.93,-46.8],[-72,-47.04],[-71.86,-47.17],[-72.01,-47.2],[-72.06,-47.31],[-72.17,-47.41],[-72.33,-47.43],[-72.34,-47.6],[-72.54,-47.91],[-72.34,-48.07],[-72.33,-48.29],[-72.43,-48.4],[-72.58,-48.45],[-72.59,-48.79],[-72.74,-48.91],[-72.92,-48.95],[-73.08,-49.06],[-73.18,-49.24],[-73.1,-49.27],[-73.12,-49.39],[-73.06,-49.55],[-73.2,-49.68],[-73.46,-49.76],[-73.57,-49.93],[-73.48,-50.02],[-73.53,-50.14],[-73.32,-50.27],[-73.27,-50.36],[-73.26,-50.56],[-73.18,-50.75],[-73.1,-50.77],[-72.78,-50.62],[-72.62,-50.67],[-72.51,-50.6],[-72.3,-50.65],[-72.35,-50.73],[-72.26,-50.84],[-72.29,-51.03],[-72.4,-51.09],[-72.26,-51.23],[-72.31,-51.3],[-72.35,-51.58],[-72.28,-51.7],[-72.07,-51.78],[-71.96,-51.87],[-71.92,-51.99],[-71.16,-52],[-69.95,-52.01],[-69.48,-52.13],[-69.21,-52.14],[-68.82,-52.24],[-68.45,-52.3],[-68.45,-52.35],[-68.37,-52.31],[-68.68,-52],[-68.94,-51.65],[-69.03,-51.61],[-68.96,-51.5],[-69.06,-51.32],[-69.17,-50.98],[-69.15,-50.74],[-69.08,-50.56],[-68.88,-50.33],[-68.44,-50.2],[-68.34,-50.12],[-68.08,-50.09],[-67.83,-49.95],[-67.73,-49.78],[-67.65,-49.38],[-67.63,-49.13],[-67.56,-49.02],[-67.41,-48.9],[-67.2,-48.82],[-67.11,-48.67],[-66.65,-48.43],[-66.47,-48.4],[-66.3,-48.25],[-65.96,-48.06],[-65.85,-47.94],[-65.9,-47.77],[-65.85,-47.74],[-65.74,-47.51],[-65.71,-47.34],[-65.74,-47.2],[-65.98,-47.07],[-66.2,-47.09],[-66.79,-47.01],[-67.13,-46.71],[-67.42,-46.57],[-67.54,-46.4],[-67.62,-46.16],[-67.55,-45.93],[-67.36,-45.78],[-67.33,-45.61],[-67.06,-45.35],[-66.87,-45.24],[-66.52,-45.22],[-66.57,-45.14],[-66.47,-45.08],[-66.28,-45.06],[-66.2,-44.99],[-65.84,-45],[-65.69,-45.06],[-65.6,-45.03],[-65.57,-44.9],[-65.71,-44.87],[-65.64,-44.67],[-65.33,-44.51],[-65.22,-44.37],[-65.31,-44.2],[-65.22,-44.04],[-65.32,-43.83],[-65.33,-43.67],[-65.28,-43.59],[-65.03,-43.38],[-65.03,-43.3],[-64.76,-43.15],[-64.45,-43.07],[-64.33,-43.01],[-64.49,-42.94],[-64.59,-42.94],[-65,-42.78],[-64.95,-42.65],[-64.82,-42.63],[-64.61,-42.51],[-64.44,-42.51],[-64.2,-42.63],[-64.25,-42.75],[-64.11,-42.88],[-63.74,-42.82],[-63.62,-42.75],[-63.58,-42.59],[-63.59,-42.34],[-63.71,-42.13],[-63.81,-42.07],[-63.96,-42.11],[-64.3,-42.26],[-64.07,-42.27],[-64.05,-42.38],[-64.13,-42.43],[-64.57,-42.44],[-64.51,-42.3],[-64.86,-42.19],[-65,-42.09],[-65.07,-41.99],[-65,-41.79],[-65.04,-41.66],[-64.99,-41.52],[-65.06,-41.45],[-65.15,-41.18],[-65.17,-41.01],[-65.12,-40.83],[-64.95,-40.71],[-64.8,-40.72],[-64.77,-40.81],[-64.42,-40.91],[-64.17,-41.01],[-64.06,-41],[-63.87,-41.13],[-63.78,-41.16],[-63.1,-41.15],[-62.73,-41.04],[-62.34,-40.87],[-62.25,-40.75],[-62.25,-40.6],[-62.41,-40.46],[-62.49,-40.31],[-62.37,-40.21],[-62.37,-40.05],[-62.31,-39.91],[-62.11,-39.82],[-62.06,-39.45],[-62.19,-39.4],[-62.17,-39.28],[-62.27,-39.28],[-62.36,-39.1],[-62.27,-38.95],[-62.38,-38.8],[-62.16,-38.81],[-62.03,-38.94],[-61.84,-38.98],[-61.73,-38.97],[-61.52,-39.01],[-61.43,-38.98],[-61.14,-39],[-60.87,-38.98],[-59.89,-38.84],[-59.63,-38.78],[-59.06,-38.69],[-58.73,-38.59],[-58.57,-38.56],[-58.16,-38.43],[-57.69,-38.2],[-57.54,-38.08],[-57.51,-37.87],[-57.31,-37.65],[-57.06,-37.41],[-56.89,-37.16],[-56.69,-36.93],[-56.66,-36.85],[-56.7,-36.4],[-56.77,-36.34],[-56.93,-36.36],[-57.11,-36.28],[-57.31,-36.1],[-57.39,-35.86],[-57.35,-35.73],[-57.14,-35.48],[-57.13,-35.42],[-57.25,-35.25],[-57.52,-35.01],[-57.76,-34.91],[-57.87,-34.83],[-58.15,-34.75],[-58.31,-34.66],[-58.47,-34.52],[-58.51,-34.44],[-58.46,-34.27],[-58.38,-34.19],[-58.38,-34.07],[-58.47,-33.84],[-58.54,-33.74],[-58.52,-33.45],[-58.41,-33.3],[-58.43,-33.23],[-58.38,-33.08],[-58.24,-33.09],[-58.15,-33.05],[-58.14,-32.88],[-58.18,-32.83],[-58.22,-32.53],[-58.2,-32.44],[-58.2,-32.45],[-58.2,-32.44],[-58.1,-32.31],[-58.19,-32.15],[-58.14,-32.02],[-58.2,-31.89],[-58.05,-31.8],[-57.99,-31.55],[-58.07,-31.47],[-57.99,-31.4],[-57.9,-31.24],[-57.85,-31.06],[-57.91,-30.95],[-57.81,-30.91],[-57.8,-30.77],[-57.89,-30.59],[-57.85,-30.48],[-57.65,-30.33],[-57.64,-30.19],[-57.61,-30.18],[-57.51,-30.14],[-57.32,-29.98],[-57.29,-29.81],[-57.09,-29.75],[-56.97,-29.6],[-56.82,-29.47],[-56.68,-29.31],[-56.62,-29.16],[-56.42,-29.05],[-56.39,-28.95],[-56.3,-28.88],[-56.29,-28.78],[-56.18,-28.74],[-56.02,-28.59],[-56.01,-28.5],[-55.9,-28.46],[-55.84,-28.35],[-55.68,-28.37],[-55.68,-28.2],[-55.6,-28.12],[-55.44,-28.08],[-55.34,-27.96],[-55.2,-27.86],[-55.03,-27.84],[-54.91,-27.73],[-54.9,-27.62],[-54.83,-27.54],[-54.7,-27.55],[-54.53,-27.49],[-54.46,-27.42],[-54.29,-27.43],[-54.19,-27.26],[-54.09,-27.28],[-54,-27.19],[-53.82,-27.14],[-53.71,-26.87],[-53.75,-26.69],[-53.71,-26.5],[-53.72,-26.38],[-53.67,-26.22],[-53.76,-26.03],[-53.83,-25.97],[-53.84,-25.81],[-53.91,-25.63],[-54.21,-25.53],[-54.39,-25.58],[-54.46,-25.64],[-54.6,-25.57],[-54.64,-25.69],[-54.59,-25.81],[-54.61,-25.95],[-54.66,-25.98],[-54.64,-26.2],[-54.71,-26.44],[-54.79,-26.53],[-54.79,-26.64],[-54.9,-26.66],[-54.97,-26.79],[-55.13,-26.86],[-55.14,-26.95],[-55.28,-26.93],[-55.43,-27],[-55.46,-27.1],[-55.6,-27.18],[-55.61,-27.35],[-55.75,-27.44],[-55.91,-27.33],[-56.12,-27.3],[-56.28,-27.39],[-56.37,-27.58],[-56.46,-27.55],[-56.55,-27.45],[-56.77,-27.51],[-56.9,-27.42],[-57.08,-27.48],[-57.18,-27.49],[-57.39,-27.4],[-57.54,-27.41],[-57.71,-27.33],[-58.05,-27.26],[-58.51,-27.28],[-58.6,-27.25],[-58.65,-27.16],[-58.56,-27.12],[-58.46,-26.93],[-58.33,-26.88],[-58.25,-26.76],[-58.21,-26.4],[-58.17,-26.27],[-58.09,-26.13],[-57.87,-26.01],[-57.91,-25.97],[-57.8,-25.83],[-57.75,-25.67],[-57.62,-25.61],[-57.56,-25.43],[-57.64,-25.37],[-57.75,-25.18],[-57.89,-25.08],[-57.98,-25.07],[-58.22,-24.94],[-58.31,-24.99],[-58.47,-24.85],[-58.81,-24.78],[-59,-24.64],[-59.34,-24.49],[-59.54,-24.31],[-60.03,-24.01],[-60.33,-24.02],[-60.58,-23.94],[-60.63,-23.89],[-60.84,-23.87],[-61.02,-23.8],[-61.12,-23.67],[-61.11,-23.61],[-61.3,-23.48],[-61.49,-23.41],[-61.6,-23.29],[-61.74,-23.23],[-61.76,-23.18],[-61.96,-23.03],[-62.04,-22.88],[-62.17,-22.72],[-62.29,-22.48],[-62.37,-22.46],[-62.56,-22.32],[-62.65,-22.23],[-62.79,-22.11],[-62.8,-22],[-63.64,-22],[-63.74,-22.05],[-63.81,-22],[-63.95,-22.01],[-64.16,-22.44],[-64.25,-22.54],[-64.29,-22.69],[-64.37,-22.73],[-64.45,-22.64],[-64.43,-22.54],[-64.57,-22.34],[-64.59,-22.21],[-64.69,-22.17],[-65.02,-22.1],[-65.46,-22.1],[-65.58,-22.09],[-65.74,-22.11],[-65.93,-21.94],[-66.05,-21.92],[-66.09,-21.83],[-66.24,-21.79],[-66.3,-22.05],[-66.38,-22.13],[-66.74,-22.22],[-66.8,-22.43],[-67.03,-22.52],[-67.04,-22.65],[-67.19,-22.82]]],[[[-68.64,-54.78],[-68.52,-54.85],[-68.08,-54.85],[-67.03,-54.9],[-66.83,-54.94],[-66.54,-55.05],[-66.32,-54.99],[-65.99,-54.97],[-65.97,-54.9],[-65.5,-54.93],[-65.33,-54.91],[-65.16,-54.64],[-65.31,-54.63],[-65.7,-54.66],[-65.85,-54.64],[-66.48,-54.47],[-66.77,-54.25],[-67.3,-54.05],[-67.57,-53.91],[-67.56,-53.84],[-67.79,-53.73],[-67.98,-53.6],[-68.11,-53.34],[-68.45,-53.3],[-68.55,-53.24],[-68.52,-53.12],[-68.27,-52.98],[-68.63,-52.64],[-68.63,-53.44],[-68.64,-53.98],[-68.64,-54.78]]],[[[-63.89,-54.73],[-64.08,-54.74],[-64.37,-54.72],[-64.76,-54.83],[-64.61,-54.9],[-64.31,-54.78],[-64.27,-54.82],[-63.89,-54.73]]],[[[-62.15,-40.37],[-62.24,-40.51],[-62.11,-40.56],[-62.03,-40.45],[-62.15,-40.37]]]]},"properties":{"iso_a2":"AR","name":"Argentina"}},{"type":"Feature","geometry":{"type":"Polygon","coordinates":[[[33.7,34.99],[33.5,35.03],[33.42,35.16],[33.3,35.11],[33.17,35.16],[32.84,35.06],[32.71,35.13],[32.55,35.18],[32.45,35.06],[32.31,35],[32.33,34.89],[32.41,34.75],[32.71,34.65],[32.83,34.7],[33.03,34.65],[33.1,34.7],[33.25,34.7],[33.51,34.78],[33.63,34.85],[33.7,34.99]]]},"properties":{"iso_a2":"CY","name":"Cyprus"}},{"type":"Feature","geometry":{"type":"MultiPolygon","coordinates":[[[[77.8,35.49],[77.05,35.11],[77.01,34.99],[76.92,34.92],[76.78,34.93],[76.74,34.82],[76.55,34.73],[76.4,34.75],[76.26,34.69],[76.02,34.68],[75.8,34.51],[75.61,34.5],[75.35,34.56],[75.21,34.65],[75.02,34.63],[74.67,34.69],[74.41,34.76],[74.29,34.77],[74.12,34.69],[73.96,34.67],[73.93,34.57],[73.78,34.37],[73.94,34.3],[74,34.2],[73.88,34.08],[73.95,34.01],[74.23,34.01],[74.26,33.93],[74.14,33.84],[74.04,33.83],[73.97,33.74],[73.98,33.65],[74.14,33.55],[74.16,33.49],[74.1,33.33],[74,33.27],[74,33.18],[74.15,33.04],[74.32,32.97],[74.33,32.78],[74.66,32.74],[74.63,32.59],[74.72,32.46],[74.91,32.45],[75.02,32.47],[75.33,32.31],[75.3,32.15],[74.96,32.03],[74.83,32.03],[74.57,31.84],[74.49,31.71],[74.56,31.61],[74.61,31.44],[74.53,31.3],[74.51,31.18],[74.63,31.11],[74.52,30.96],[74.33,30.9],[74.16,30.67],[74.06,30.59],[73.94,30.43],[73.85,30.37],[73.94,30.19],[73.74,30.05],[73.56,30.01],[73.37,29.93],[73.23,29.54],[73.05,29.23],[72.9,29.02],[72.38,28.78],[72.26,28.65],[72.15,28.35],[71.91,28.14],[71.86,27.95],[71.56,27.87],[71.31,27.86],[71.15,27.82],[70.83,27.7],[70.71,27.74],[70.63,27.93],[70.46,28.04],[70.34,28.01],[70.09,27.79],[70.02,27.6],[69.85,27.41],[69.58,27.19],[69.51,27.05],[69.47,26.81],[69.5,26.74],[69.66,26.68],[69.82,26.58],[70.06,26.59],[70.16,26.53],[70.13,26.18],[70.08,26.1],[70.08,25.93],[70.27,25.7],[70.48,25.68],[70.59,25.71],[70.66,25.63],[70.65,25.43],[70.72,25.29],[70.86,25.14],[70.89,25],[71.06,24.68],[70.96,24.59],[71,24.36],[70.92,24.36],[70.76,24.23],[70.56,24.29],[70.52,24.43],[70.11,24.31],[70.05,24.2],[69.97,24.17],[69.77,24.16],[69.67,24.19],[69.56,24.28],[69.28,24.28],[69.17,24.25],[68.9,24.32],[68.73,24.29],[68.72,23.97],[68.43,23.97],[68.25,23.91],[68.18,23.84],[68.21,23.66],[68.33,23.59],[68.41,23.7],[68.42,23.45],[68.56,23.36],[68.54,23.28],[68.69,23.13],[68.87,23.02],[69.04,22.95],[69.2,22.85],[69.59,22.76],[69.72,22.75],[69.85,22.86],[70.27,22.96],[70.4,22.95],[70.4,23.07],[70.47,23.13],[70.53,23.02],[70.38,22.9],[70.32,22.78],[70.18,22.56],[69.96,22.54],[69.79,22.42],[69.62,22.36],[69.36,22.33],[69.21,22.27],[69.21,22.4],[68.99,22.43],[68.94,22.32],[68.99,22.2],[69.2,21.98],[69.37,21.86],[69.57,21.65],[69.76,21.49],[70.05,21.15],[70.34,20.93],[70.54,20.81],[70.84,20.7],[70.98,20.71],[71.32,20.85],[71.46,20.89],[71.72,21.03],[72.11,21.21],[72.11,21.32],[72.24,21.48],[72.3,21.65],[72.17,21.79],[72.13,21.98],[72.26,22.01],[72.31,22.08],[72.31,22.23],[72.48,22.23],[72.61,22.28],[72.63,22.21],[72.54,22.16],[72.5,21.98],[72.56,21.92],[72.54,21.67],[72.73,21.69],[72.82,21.64],[72.62,21.49],[72.57,21.39],[72.6,21.28],[72.85,21.05],[72.83,20.97],[72.9,20.73],[72.88,20.51],[72.75,20.28],[72.71,20.01],[72.65,19.84],[72.71,19.75],[72.72,19.61],[72.8,19.53],[72.75,19.47],[72.8,19.33],[72.77,19.27],[72.82,19.05],[72.94,19.06],[72.99,19],[72.9,18.89],[72.86,18.68],[72.92,18.56],[72.91,18.37],[72.98,18.3],[72.98,18.08],[73.02,17.95],[73.11,17.79],[73.13,17.54],[73.17,17.39],[73.24,17.3],[73.29,16.98],[73.28,16.85],[73.32,16.69],[73.32,16.51],[73.36,16.37],[73.46,16.16],[73.45,16.07],[73.59,15.9],[73.69,15.71],[73.77,15.5],[73.89,15.44],[73.95,15.16],[73.91,15.08],[74.03,15],[74.04,14.92],[74.13,14.85],[74.11,14.78],[74.26,14.7],[74.3,14.54],[74.39,14.42],[74.43,14.24],[74.51,14.01],[74.61,13.84],[74.72,13.33],[74.82,12.86],[74.96,12.54],[75.08,12.31],[75.21,12.01],[75.29,11.98],[75.53,11.69],[75.61,11.49],[75.69,11.42],[75.83,11.1],[75.92,10.77],[76.05,10.51],[76.18,10.17],[76.25,10.1],[76.28,9.98],[76.36,9.91],[76.42,9.68],[76.34,9.7],[76.31,9.49],[76.36,9.32],[76.54,8.91],[77,8.37],[77.22,8.18],[77.45,8.09],[77.75,8.17],[77.81,8.23],[78.06,8.37],[78.13,8.49],[78.14,8.68],[78.18,8.86],[78.24,8.97],[78.45,9.12],[78.62,9.14],[78.96,9.28],[78.91,9.47],[78.98,9.67],[79.2,9.97],[79.28,10.04],[79.24,10.17],[79.31,10.27],[79.4,10.33],[79.76,10.26],[79.85,10.28],[79.86,10.38],[79.84,10.95],[79.86,11.16],[79.82,11.44],[79.75,11.58],[79.79,11.77],[79.86,12.02],[80.16,12.48],[80.23,12.68],[80.29,13.07],[80.33,13.2],[80.33,13.43],[80.12,13.5],[80.05,13.62],[80.12,13.68],[80.2,13.64],[80.24,13.84],[80.16,13.99],[80.12,14.24],[80.18,14.35],[80.2,14.57],[80.11,14.71],[80.06,15.01],[80.09,15.31],[80.18,15.45],[80.28,15.7],[80.47,15.84],[80.69,15.9],[80.78,15.88],[80.83,15.75],[80.91,15.85],[81,15.85],[81.16,15.99],[81.25,16.32],[81.32,16.37],[81.5,16.36],[81.72,16.31],[81.99,16.41],[82.31,16.58],[82.37,16.81],[82.27,16.87],[82.3,17.03],[82.48,17.21],[82.72,17.35],[82.9,17.41],[83.09,17.53],[83.24,17.59],[83.42,17.81],[83.43,17.85],[83.61,18.05],[83.78,18.14],[84.08,18.27],[84.27,18.52],[84.42,18.64],[84.67,18.93],[84.87,19.22],[85.18,19.48],[85.11,19.52],[85.22,19.74],[85.46,19.9],[85.57,19.88],[85.55,19.69],[85.74,19.77],[86.27,19.91],[86.37,19.97],[86.51,20.2],[86.72,20.29],[86.79,20.38],[86.73,20.46],[86.92,20.62],[87,20.72],[86.84,21.08],[86.84,21.18],[86.92,21.33],[87.06,21.48],[87.2,21.55],[87.34,21.56],[87.48,21.61],[87.7,21.66],[87.97,21.84],[88.05,21.99],[88.14,22.06],[88.15,21.89],[88.2,21.81],[88.18,21.69],[88.25,21.56],[88.46,21.62],[88.58,21.57],[88.62,21.71],[88.57,21.77],[88.6,21.99],[88.69,21.95],[88.69,21.7],[88.76,21.56],[88.88,21.67],[89,21.6],[89.08,21.62],[88.99,21.91],[89.06,21.94],[89.06,22.13],[89,22.43],[88.91,22.74],[88.95,22.85],[88.84,22.97],[88.85,23.08],[88.95,23.17],[88.69,23.29],[88.72,23.47],[88.54,23.65],[88.59,23.87],[88.71,23.93],[88.73,24.03],[88.67,24.08],[88.74,24.29],[88.48,24.32],[88.14,24.5],[88.02,24.65],[88.22,24.94],[88.31,24.87],[88.43,25.05],[88.43,25.17],[88.6,25.19],[88.9,25.17],[88.98,25.3],[88.85,25.33],[88.77,25.5],[88.65,25.47],[88.53,25.5],[88.42,25.59],[88.42,25.65],[88.23,25.8],[88.15,25.78],[88.07,25.91],[88.16,26.14],[88.31,26.21],[88.34,26.28],[88.45,26.35],[88.46,26.45],[88.31,26.48],[88.35,26.58],[88.66,26.42],[88.81,26.23],[88.9,26.27],[88.89,26.37],[88.95,26.44],[89.04,26.38],[89.13,26.13],[89.35,26],[89.55,25.97],[89.6,26.06],[89.57,26.16],[89.66,26.21],[89.81,26],[89.83,25.91],[89.78,25.81],[89.83,25.64],[89.8,25.37],[89.91,25.3],[90.13,25.21],[90.37,25.15],[90.75,25.17],[90.82,25.14],[91.24,25.2],[91.47,25.13],[92.03,25.18],[92.3,25.07],[92.46,24.95],[92.48,24.86],[92.38,24.84],[92.25,24.9],[92.17,24.57],[92.11,24.51],[92.11,24.41],[91.95,24.38],[91.91,24.26],[91.6,24.11],[91.36,24.1],[91.22,23.91],[91.2,23.76],[91.14,23.61],[91.22,23.48],[91.3,23.14],[91.46,23.18],[91.54,22.98],[91.7,22.99],[91.8,23.09],[91.74,23.27],[91.79,23.37],[91.94,23.5],[91.92,23.65],[92.06,23.66],[92.15,23.73],[92.25,23.61],[92.36,23.29],[92.33,23.17],[92.35,22.96],[92.43,22.87],[92.5,22.7],[92.5,22.56],[92.58,22.17],[92.54,22.13],[92.58,21.98],[92.65,22.02],[92.71,22.15],[92.85,22.02],[93.03,22.11],[93.03,22.2],[93.17,22.27],[93.17,22.39],[93.1,22.51],[93.08,22.77],[93.18,22.88],[93.14,23.01],[93.2,23.05],[93.3,23.02],[93.38,23.13],[93.38,23.28],[93.43,23.65],[93.38,23.74],[93.36,23.91],[93.3,24.04],[93.37,24.08],[93.46,23.96],[93.61,24.01],[93.74,24],[93.8,23.94],[94,23.92],[94.1,23.84],[94.19,24],[94.3,24.33],[94.52,24.71],[94.59,24.75],[94.71,25.03],[94.69,25.14],[94.58,25.17],[94.55,25.25],[94.66,25.46],[94.85,25.56],[95.01,25.74],[95,25.92],[95.14,26.03],[95.09,26.1],[95.04,26.29],[95.04,26.48],[95.12,26.6],[95.39,26.69],[95.49,26.81],[95.59,26.82],[95.78,27],[95.89,27.03],[96.01,27.19],[96.14,27.26],[96.41,27.3],[96.51,27.29],[96.59,27.35],[96.76,27.34],[96.86,27.24],[96.87,27.17],[97.12,27.09],[97.14,27.13],[96.91,27.41],[96.87,27.62],[97.06,27.75],[97.24,27.91],[97.33,27.89],[97.36,28.02],[97.29,28.1],[97.32,28.22],[97.12,28.37],[96.93,28.34],[96.72,28.44],[96.56,28.45],[96.37,28.38],[96.34,28.48],[96.6,28.71],[96.58,28.81],[96.46,29],[96.37,29.04],[96.2,28.94],[96.18,29.11],[96.32,29.17],[96.21,29.26],[96.14,29.37],[95.75,29.34],[95.72,29.22],[95.59,29.25],[95.52,29.21],[95.49,29.07],[95.37,29.04],[95.05,29.14],[94.78,29.17],[94.7,29.29],[94.63,29.32],[94.53,29.23],[94.4,29.21],[94.27,29.1],[94.35,29.02],[94.25,28.93],[93.99,28.85],[93.93,28.68],[93.86,28.71],[93.63,28.67],[93.45,28.67],[93.32,28.6],[93.29,28.52],[93.19,28.43],[93.21,28.34],[92.98,28.28],[92.85,28.19],[92.78,28.2],[92.66,28.11],[92.74,27.99],[92.58,27.85],[92.44,27.82],[92.24,27.87],[92.07,27.76],[91.87,27.73],[91.83,27.81],[91.63,27.85],[91.63,27.72],[91.58,27.66],[91.6,27.55],[91.66,27.48],[91.78,27.46],[91.98,27.47],[92.09,27.3],[91.99,27.1],[92.08,26.94],[92.04,26.86],[91.8,26.85],[91.7,26.8],[91.52,26.8],[91.39,26.86],[91.28,26.77],[91.2,26.8],[90.72,26.77],[90.59,26.78],[90.38,26.89],[90.18,26.83],[90.09,26.74],[89.82,26.7],[89.69,26.73],[89.55,26.8],[89.44,26.8],[89.34,26.85],[89.13,26.81],[89,26.92],[88.94,26.91],[88.75,27.21],[88.89,27.32],[88.76,27.44],[88.74,27.55],[88.81,27.66],[88.85,27.84],[88.82,28],[88.61,28.11],[88.38,27.98],[88.12,27.95],[88.12,27.86],[88.16,27.77],[88.02,27.5],[88.03,27.3],[87.97,27.11],[88.08,26.99],[88.16,26.85],[88.17,26.73],[88.07,26.45],[88.01,26.37],[87.87,26.46],[87.76,26.45],[87.59,26.38],[87.38,26.42],[87.33,26.35],[87.08,26.43],[87.04,26.58],[86.82,26.44],[86.7,26.42],[86.51,26.52],[86.28,26.61],[86.19,26.58],[86.01,26.65],[85.82,26.57],[85.71,26.65],[85.69,26.81],[85.6,26.85],[85.29,26.74],[85.2,26.76],[85.16,26.85],[85.04,26.84],[84.92,26.96],[84.8,27.01],[84.64,27.03],[84.66,27.2],[84.58,27.33],[84.29,27.38],[84.12,27.51],[84.03,27.45],[83.83,27.43],[83.85,27.35],[83.59,27.46],[83.36,27.46],[83.31,27.33],[83.13,27.44],[83.01,27.44],[82.75,27.5],[82.65,27.7],[82.4,27.68],[82.05,27.91],[81.98,27.92],[81.86,27.85],[81.69,27.96],[81.46,28.08],[81.44,28.13],[81.28,28.19],[81.15,28.37],[81,28.4],[80.5,28.67],[80.35,28.62],[80.23,28.73],[80.04,28.84],[80.13,29.11],[80.23,29.14],[80.28,29.27],[80.21,29.42],[80.39,29.61],[80.37,29.76],[80.48,29.81],[80.57,29.95],[80.64,29.96],[80.83,30.12],[80.84,30.17],[81,30.2],[80.98,30.26],[80.77,30.33],[80.69,30.41],[80.25,30.57],[80.17,30.66],[80.17,30.79],[80.06,30.79],[79.83,30.96],[79.74,30.98],[79.59,30.94],[79.4,31.04],[79.3,31.16],[79.24,31.33],[79.07,31.46],[78.92,31.27],[78.74,31.34],[78.76,31.45],[78.7,31.51],[78.82,31.61],[78.67,31.77],[78.75,31.96],[78.65,32.04],[78.51,32.21],[78.46,32.23],[78.45,32.43],[78.38,32.53],[78.45,32.57],[78.63,32.58],[78.71,32.64],[78.77,32.46],[78.94,32.35],[79.09,32.39],[79.11,32.47],[79.29,32.53],[79.44,32.53],[79.62,32.73],[79.41,32.97],[79.37,33.11],[79.46,33.25],[79.26,33.29],[79.1,33.29],[78.97,33.34],[78.82,33.46],[78.78,33.55],[78.79,33.74],[78.72,33.99],[78.73,34.08],[78.98,34.22],[78.92,34.37],[78.8,34.42],[78.61,34.55],[78.38,34.58],[78.27,34.66],[78.13,35.06],[78,35.27],[78.06,35.45],[77.99,35.49],[77.88,35.43],[77.8,35.49]]],[[[93.92,7.02],[93.87,7.2],[93.81,7.24],[93.65,7.12],[93.65,7.01],[93.72,6.99],[93.81,6.81],[93.89,6.8],[93.92,7.02]]],[[[92.59,10.77],[92.53,10.9],[92.43,10.85],[92.38,10.78],[92.38,10.67],[92.44,10.55],[92.51,10.51],[92.57,10.58],[92.59,10.77]]],[[[93.05,13.28],[93.05,13.57],[92.96,13.55],[92.85,13.35],[92.85,13.15],[92.81,13.02],[92.8,12.86],[92.74,12.81],[92.76,12.65],[92.72,12.6],[92.72,12.36],[92.78,12.31],[92.79,12.21],[92.64,12.14],[92.64,12.04],[92.53,11.85],[92.6,11.72],[92.63,11.58],[92.73,11.51],[92.8,11.87],[92.75,12],[92.89,12.22],[92.94,12.44],[92.99,12.52],[92.99,12.7],[92.96,12.87],[92.91,12.98],[93.02,13.03],[93.05,13.13],[93.05,13.28]]]]},"properties":{"iso_a2":"IN","name":"India"}},{"type":"Feature","geometry":{"type":"MultiPolygon","coordinates":[[[[77.8,35.49],[77.88,35.43],[77.99,35.49],[78.06,35.45],[78,35.27],[78.13,35.06],[78.27,34.66],[78.38,34.58],[78.61,34.55],[78.8,34.42],[78.92,34.37],[78.98,34.22],[78.73,34.08],[78.72,33.99],[78.79,33.74],[78.78,33.55],[78.82,33.46],[78.97,33.34],[79.1,33.29],[79.26,33.29],[79.46,33.25],[79.37,33.11],[79.41,32.97],[79.62,32.73],[79.44,32.53],[79.29,32.53],[79.11,32.47],[79.09,32.39],[78.94,32.35],[78.77,32.46],[78.71,32.64],[78.63,32.58],[78.45,32.57],[78.38,32.53],[78.45,32.43],[78.46,32.23],[78.51,32.21],[78.65,32.04],[78.75,31.96],[78.67,31.77],[78.82,31.61],[78.7,31.51],[78.76,31.45],[78.74,31.34],[78.92,31.27],[79.07,31.46],[79.24,31.33],[79.3,31.16],[79.4,31.04],[79.59,30.94],[79.74,30.98],[79.83,30.96],[80.06,30.79],[80.17,30.79],[80.17,30.66],[80.25,30.57],[80.69,30.41],[80.77,30.33],[80.98,30.26],[81,30.2],[81.1,30.02],[81.19,30],[81.35,30.16],[81.39,30.37],[81.48,30.33],[81.64,30.41],[81.78,30.36],[82.09,30.33],[82.13,30.12],[82.21,30.06],[82.39,30],[82.54,29.92],[82.84,29.66],[82.91,29.69],[83.03,29.62],[83.17,29.62],[83.33,29.49],[83.52,29.19],[83.66,29.16],[83.72,29.23],[83.95,29.29],[84.1,29.25],[84.13,29.14],[84.23,29.03],[84.24,28.9],[84.38,28.85],[84.45,28.73],[84.62,28.69],[84.8,28.55],[84.93,28.54],[85.06,28.64],[85.17,28.58],[85.08,28.44],[85.08,28.32],[85.35,28.26],[85.43,28.3],[85.73,28.22],[85.85,28.16],[85.98,27.89],[86.11,27.93],[86.07,28.08],[86.16,28.16],[86.22,28],[86.44,27.91],[86.5,27.94],[86.54,28.09],[86.66,28.11],[86.77,28.01],[86.89,27.95],[87.03,27.94],[87.16,27.83],[87.39,27.8],[87.53,27.84],[87.73,27.81],[87.83,27.91],[88.12,27.86],[88.12,27.95],[88.38,27.98],[88.61,28.11],[88.82,28],[88.85,27.84],[88.81,27.66],[88.74,27.55],[88.76,27.44],[88.89,27.32],[89,27.33],[88.95,27.43],[89.05,27.61],[89.13,27.63],[89.23,27.81],[89.34,27.87],[89.45,28.03],[89.56,28.14],[89.76,28.18],[89.86,28.3],[90.07,28.35],[90.26,28.34],[90.59,28.23],[90.48,28.07],[90.68,28.09],[91.09,27.97],[91.2,28.07],[91.27,28.07],[91.45,27.99],[91.62,27.95],[91.63,27.85],[91.83,27.81],[91.87,27.73],[92.07,27.76],[92.24,27.87],[92.44,27.82],[92.58,27.85],[92.74,27.99],[92.66,28.11],[92.78,28.2],[92.85,28.19],[92.98,28.28],[93.21,28.34],[93.19,28.43],[93.29,28.52],[93.32,28.6],[93.45,28.67],[93.63,28.67],[93.86,28.71],[93.93,28.68],[93.99,28.85],[94.25,28.93],[94.35,29.02],[94.27,29.1],[94.4,29.21],[94.53,29.23],[94.63,29.32],[94.7,29.29],[94.78,29.17],[95.05,29.14],[95.37,29.04],[95.49,29.07],[95.52,29.21],[95.59,29.25],[95.72,29.22],[95.75,29.34],[96.14,29.37],[96.21,29.26],[96.32,29.17],[96.18,29.11],[96.2,28.94],[96.37,29.04],[96.46,29],[96.58,28.81],[96.6,28.71],[96.34,28.48],[96.37,28.38],[96.56,28.45],[96.72,28.44],[96.93,28.34],[97.12,28.37],[97.32,28.22],[97.45,28.3],[97.45,28.38],[97.53,28.53],[97.7,28.49],[97.74,28.38],[97.9,28.36],[98.12,28.14],[98.11,27.97],[98.18,27.9],[98.2,27.73],[98.3,27.54],[98.38,27.56],[98.4,27.68],[98.64,27.61],[98.68,27.56],[98.67,27.39],[98.7,27.3],[98.67,27.18],[98.75,26.79],[98.76,26.63],[98.72,26.41],[98.66,26.31],[98.71,26.18],[98.55,26.09],[98.69,25.88],[98.6,25.8],[98.46,25.8],[98.33,25.57],[98.15,25.61],[98.1,25.49],[98.11,25.39],[98.05,25.31],[97.89,25.21],[97.82,25.26],[97.74,25.09],[97.66,24.83],[97.54,24.75],[97.52,24.43],[97.64,24.44],[97.72,24.28],[97.71,24.13],[97.52,23.94],[97.64,23.86],[97.89,24.02],[98.18,24.12],[98.33,24.1],[98.5,24.12],[98.59,24.08],[98.82,24.13],[98.86,24.08],[98.66,23.97],[98.68,23.79],[98.78,23.77],[98.86,23.6],[98.78,23.53],[98.88,23.45],[98.91,23.3],[98.86,23.18],[99.03,23.16],[99.08,23.1],[99.22,23.06],[99.35,23.12],[99.48,23.07],[99.54,22.95],[99.42,22.87],[99.31,22.72],[99.36,22.5],[99.28,22.41],[99.17,22.21],[99.17,22.13],[99.37,22.1],[99.44,22.12],[99.87,22.06],[99.97,21.96],[99.92,21.85],[99.95,21.72],[100.14,21.66],[100.1,21.51],[100.19,21.43],[100.38,21.53],[100.46,21.46],[100.62,21.47],[100.8,21.63],[101.08,21.77],[101.17,21.61],[101.16,21.55],[101.17,21.4],[101.24,21.36],[101.21,21.25],[101.26,21.18],[101.5,21.24],[101.58,21.22],[101.72,21.13],[101.82,21.23],[101.72,21.32],[101.75,21.58],[101.73,21.73],[101.75,21.81],[101.67,21.93],[101.61,21.97],[101.52,22.23],[101.61,22.29],[101.66,22.45],[101.71,22.49],[101.82,22.41],[102.02,22.45],[102.12,22.4],[102.22,22.41],[102.25,22.5],[102.38,22.62],[102.36,22.66],[102.47,22.77],[102.54,22.7],[102.69,22.67],[102.85,22.59],[102.89,22.49],[102.99,22.44],[103.14,22.54],[103.14,22.61],[103.25,22.68],[103.31,22.79],[103.4,22.74],[103.45,22.62],[103.51,22.59],[103.59,22.77],[103.65,22.8],[103.83,22.61],[103.99,22.53],[104.02,22.72],[104.07,22.78],[104.21,22.83],[104.25,22.73],[104.34,22.69],[104.55,22.84],[104.7,22.82],[104.83,22.95],[104.8,23.09],[105.05,23.23],[105.33,23.32],[105.43,23.27],[105.57,23.05],[105.69,23.04],[105.84,22.92],[106.08,22.98],[106.2,22.95],[106.32,22.85],[106.57,22.9],[106.67,22.87],[106.76,22.75],[106.68,22.58],[106.57,22.58],[106.53,22.43],[106.66,22.22],[106.67,22.09],[106.72,22.01],[106.87,21.97],[106.99,21.85],[107.17,21.72],[107.27,21.72],[107.35,21.6],[107.61,21.61],[107.75,21.66],[107.99,21.49],[108.14,21.58],[108.25,21.6],[108.32,21.71],[108.48,21.7],[108.57,21.81],[108.75,21.65],[108.9,21.67],[108.97,21.61],[109.14,21.6],[109.14,21.4],[109.32,21.46],[109.53,21.49],[109.59,21.63],[109.68,21.58],[109.71,21.48],[109.93,21.48],[109.91,21.39],[109.81,21.36],[109.77,21.22],[109.67,21.12],[109.71,21.06],[109.66,20.93],[109.76,20.81],[109.75,20.67],[109.83,20.51],[110.02,20.42],[109.93,20.32],[110.13,20.25],[110.28,20.25],[110.41,20.31],[110.53,20.48],[110.48,20.57],[110.31,20.68],[110.41,20.75],[110.39,20.83],[110.16,20.85],[110.16,20.99],[110.48,21.22],[110.64,21.23],[110.68,21.31],[110.79,21.4],[110.87,21.39],[111.03,21.46],[111.44,21.53],[111.63,21.53],[111.78,21.68],[111.88,21.68],[112.03,21.8],[112.17,21.81],[112.25,21.71],[112.36,21.73],[112.44,21.83],[112.61,21.78],[112.65,21.85],[112.83,21.97],[112.88,21.88],[113.02,21.94],[113.03,22.14],[113.16,22.03],[113.23,22.04],[113.3,22.18],[113.53,22.2],[113.59,22.24],[113.6,22.35],[113.55,22.44],[113.6,22.58],[113.44,22.74],[113.37,22.88],[113.47,22.92],[113.54,23.06],[113.61,23],[113.66,22.8],[113.74,22.76],[113.89,22.45],[113.95,22.52],[114.08,22.53],[114.23,22.56],[114.4,22.61],[114.54,22.57],[114.52,22.69],[114.65,22.77],[114.75,22.75],[114.74,22.61],[114.87,22.6],[115.07,22.8],[115.25,22.84],[115.33,22.79],[115.37,22.69],[115.52,22.74],[115.58,22.88],[115.64,22.89],[115.81,22.82],[115.83,22.75],[116.08,22.87],[116.17,22.86],[116.3,22.96],[116.5,22.94],[116.56,23.02],[116.53,23.11],[116.73,23.26],[116.75,23.33],[116.87,23.45],[116.86,23.53],[116.92,23.64],[117.02,23.66],[117.08,23.57],[117.26,23.66],[117.29,23.76],[117.46,23.79],[117.5,23.87],[117.65,23.91],[117.71,24.04],[117.89,24.03],[117.96,24.2],[118.13,24.26],[118,24.45],[118.05,24.58],[118.17,24.62],[118.35,24.58],[118.43,24.63],[118.57,24.57],[118.75,24.72],[118.72,24.84],[119,24.95],[118.95,25.11],[118.99,25.22],[119.29,25.19],[119.34,25.24],[119.29,25.33],[119.11,25.41],[119.24,25.48],[119.28,25.57],[119.44,25.51],[119.54,25.38],[119.65,25.39],[119.56,25.56],[119.46,25.63],[119.59,25.69],[119.62,25.89],[119.7,25.97],[119.57,26.05],[119.67,26.28],[119.69,26.46],[119.82,26.45],[119.74,26.59],[119.55,26.74],[119.59,26.8],[119.71,26.81],[119.89,26.69],[119.95,26.8],[120.08,26.79],[119.95,26.63],[120.08,26.65],[120.14,26.71],[120.03,26.86],[120.13,26.93],[120.24,26.93],[120.28,27.11],[120.36,27.1],[120.52,27.2],[120.55,27.4],[120.62,27.38],[120.68,27.5],[120.6,27.57],[120.67,27.63],[120.81,27.84],[120.84,27.96],[120.97,27.99],[121.01,28.1],[121.12,28.22],[121.14,28.34],[121.22,28.35],[121.29,28.18],[121.35,28.15],[121.41,28.31],[121.66,28.34],[121.58,28.45],[121.51,28.66],[121.67,28.83],[121.68,29.03],[121.62,29.11],[121.49,29.18],[121.54,29.26],[121.7,29.17],[121.84,29.16],[121.94,29.21],[121.9,29.3],[121.97,29.45],[121.85,29.54],[121.78,29.47],[121.7,29.57],[121.98,29.82],[121.92,29.92],[121.66,30.02],[121.51,30.22],[121.38,30.33],[121.15,30.33],[120.89,30.17],[120.73,30.23],[120.65,30.36],[120.7,30.39],[120.83,30.31],[120.98,30.54],[121.13,30.6],[121.22,30.68],[121.41,30.77],[121.63,30.84],[121.91,30.86],[121.98,30.92],[121.88,31.1],[121.73,31.28],[121.55,31.37],[121.32,31.51],[121.25,31.6],[121.07,31.72],[120.9,31.76],[120.75,31.98],[120.52,32.02],[120.23,31.91],[120.01,31.95],[119.86,32.09],[119.79,32.2],[119.69,32.24],[119.69,32.32],[119.82,32.31],[119.92,32.2],[119.91,32.14],[119.99,32.02],[120.13,31.94],[120.27,31.95],[120.49,32.08],[120.63,32.08],[120.81,32.02],[120.98,31.81],[121.12,31.8],[121.29,31.89],[121.68,31.72],[121.82,31.69],[121.92,31.75],[121.82,31.95],[121.66,32.06],[121.44,32.11],[121.39,32.39],[120.91,32.63],[120.86,32.72],[120.91,32.84],[120.9,33.01],[120.83,33.03],[120.75,33.26],[120.66,33.34],[120.63,33.48],[120.51,33.66],[120.5,33.75],[120.41,33.86],[120.37,34.04],[120.26,34.31],[119.94,34.46],[119.83,34.47],[119.64,34.55],[119.35,34.78],[119.2,34.78],[119.21,35.05],[119.36,35.1],[119.42,35.31],[119.56,35.39],[119.65,35.58],[119.86,35.61],[120,35.73],[120.04,35.84],[120.3,35.97],[120.18,35.99],[120.09,36.13],[120.11,36.2],[120.29,36.18],[120.35,36.04],[120.7,36.14],[120.64,36.32],[120.75,36.46],[120.95,36.46],[120.85,36.65],[121.02,36.58],[121.16,36.67],[121.41,36.75],[121.56,36.77],[121.79,36.89],[122.04,36.99],[122.21,36.92],[122.32,36.82],[122.52,36.9],[122.54,37.03],[122.44,37.14],[122.6,37.21],[122.55,37.31],[122.66,37.39],[122.3,37.42],[122.13,37.48],[121.73,37.46],[121.59,37.42],[121.47,37.48],[121.38,37.57],[121.19,37.58],[121.14,37.7],[121.03,37.71],[120.9,37.83],[120.74,37.83],[120.46,37.75],[120.31,37.67],[120.3,37.6],[120.06,37.44],[119.86,37.36],[119.9,37.25],[119.77,37.15],[119.44,37.12],[119.15,37.18],[118.97,37.28],[118.95,37.38],[118.98,37.61],[119.04,37.72],[119.24,37.77],[119,37.96],[118.84,38.15],[118.66,38.15],[118.54,38.07],[118.22,38.15],[118.07,38.14],[117.84,38.27],[117.72,38.38],[117.54,38.62],[117.58,38.81],[117.71,38.98],[117.72,39.09],[117.89,39.2],[118.05,39.22],[118.14,39.17],[118.24,39.05],[118.34,39.03],[118.62,39.16],[118.94,39.14],[119.19,39.35],[119.31,39.43],[119.26,39.53],[119.34,39.72],[119.54,39.89],[119.91,40],[119.95,40.06],[120.44,40.19],[120.6,40.47],[120.94,40.69],[120.97,40.82],[121.18,40.92],[121.36,40.94],[121.58,40.84],[121.85,40.83],[122.05,40.75],[122.29,40.47],[122.11,40.31],[122.09,40.23],[121.76,39.92],[121.54,39.86],[121.46,39.75],[121.45,39.62],[121.31,39.6],[121.24,39.52],[121.44,39.51],[121.49,39.39],[121.72,39.37],[121.74,39.31],[121.59,39.19],[121.67,39.09],[121.22,38.94],[121.11,38.84],[121.2,38.73],[121.35,38.82],[121.49,38.81],[121.66,38.86],[121.67,39.01],[121.77,39.02],[121.85,38.95],[122.13,39.14],[122.12,39.2],[122.4,39.41],[123.25,39.75],[123.41,39.8],[123.59,39.78],[123.62,39.87],[123.77,39.82],[124.12,39.83],[124.36,40.02],[124.37,40.1],[124.74,40.37],[125.03,40.53],[125.26,40.62],[125.41,40.63],[125.47,40.71],[125.61,40.76],[125.68,40.85],[126.01,40.9],[126.15,41.09],[126.26,41.14],[126.47,41.37],[126.62,41.67],[126.79,41.7],[126.89,41.79],[126.98,41.76],[127.17,41.6],[127.11,41.54],[127.64,41.43],[127.85,41.43],[127.94,41.47],[128.06,41.39],[128.19,41.4],[128.3,41.58],[128.16,41.71],[128.04,41.88],[128.02,41.97],[128.26,42.03],[128.5,42],[128.72,42.05],[128.94,42.04],[128.96,42.09],[129.21,42.22],[129.24,42.38],[129.35,42.45],[129.55,42.38],[129.59,42.45],[129.73,42.48],[129.76,42.75],[129.88,43],[130.12,42.98],[130.24,42.9],[130.24,42.74],[130.43,42.56],[130.53,42.53],[130.49,42.78],[130.77,42.87],[130.99,42.85],[131.1,42.91],[131.09,43.04],[131.28,43.38],[131.19,43.59],[131.17,43.78],[131.26,44.05],[131.07,44.68],[130.93,44.84],[131.05,44.91],[131.18,44.9],[131.31,44.96],[131.42,44.96],[131.61,45.09],[131.63,45.2],[131.72,45.22],[131.85,45.34],[131.97,45.23],[132.84,45.06],[132.95,45.02],[133.1,45.11],[133.14,45.44],[133.2,45.51],[133.38,45.57],[133.49,45.69],[133.51,45.88],[133.66,45.94],[133.72,46.08],[133.69,46.14],[133.9,46.26],[133.92,46.41],[133.85,46.48],[133.99,46.63],[134.02,46.83],[134.12,47.07],[134.23,47.12],[134.15,47.26],[134.29,47.41],[134.49,47.43],[134.68,47.59],[134.77,47.71],[134.56,48.01],[134.68,48.14],[134.7,48.26],[134.54,48.36],[134.39,48.38],[134.06,48.33],[133.98,48.29],[133.72,48.25],[133.56,48.11],[133.46,48.09],[133.19,48.13],[133.09,48.11],[132.82,47.94],[132.66,47.87],[132.53,47.71],[132.33,47.74],[132.16,47.69],[131.92,47.67],[131.68,47.7],[131.59,47.66],[131.42,47.74],[131.02,47.68],[130.94,47.72],[130.91,47.88],[130.68,48.05],[130.66,48.12],[130.82,48.28],[130.72,48.5],[130.53,48.64],[130.67,48.87],[130.54,48.85],[130.39,48.9],[130.25,48.87],[129.91,49.04],[129.76,49.18],[129.71,49.27],[129.55,49.29],[129.5,49.41],[129.36,49.35],[128.88,49.48],[128.8,49.57],[128.67,49.61],[128.09,49.54],[127.99,49.6],[127.83,49.59],[127.68,49.74],[127.51,49.82],[127.49,50.03],[127.58,50.22],[127.33,50.33],[127.29,50.47],[127.37,50.56],[127.29,50.75],[127.14,50.9],[126.93,51.06],[126.91,51.16],[126.97,51.32],[126.8,51.42],[126.81,51.53],[126.45,51.98],[126.53,52.15],[126.32,52.2],[126.42,52.29],[126.21,52.53],[125.97,52.63],[126.07,52.68],[125.84,52.91],[125.62,53.06],[125.52,53.04],[125.13,53.21],[124.72,53.15],[124.34,53.27],[124.23,53.38],[124.12,53.35],[123.97,53.46],[123.64,53.55],[123.49,53.53],[123.25,53.57],[123.15,53.51],[122.86,53.47],[122.47,53.47],[122.34,53.49],[122.08,53.43],[121.89,53.43],[121.51,53.33],[121.15,53.28],[120.87,53.28],[120.45,53.01],[120.27,52.86],[120.03,52.76],[120.06,52.6],[120.18,52.58],[120.46,52.64],[120.72,52.54],[120.63,52.35],[120.74,52.26],[120.78,52.12],[120.65,51.91],[120.49,51.88],[120.15,51.66],[119.92,51.33],[119.83,51.28],[119.74,51.07],[119.52,50.91],[119.5,50.74],[119.29,50.6],[119.24,50.45],[119.35,50.35],[119.33,50.11],[119.19,50.01],[118.67,49.96],[118.39,49.82],[118.17,49.67],[117.89,49.55],[117.76,49.51],[117.47,49.61],[117.25,49.62],[117.06,49.67],[116.68,49.82],[116.04,48.87],[116.03,48.77],[115.8,48.53],[115.81,48.27],[115.77,48.22],[115.51,48.13],[115.56,47.93],[115.85,47.71],[115.97,47.71],[116.08,47.81],[116.24,47.86],[116.5,47.84],[116.85,47.87],[117.07,47.81],[117.32,47.65],[117.53,47.79],[117.74,47.98],[118.18,48.03],[118.47,47.99],[118.61,47.92],[118.77,47.76],[119.08,47.66],[119.12,47.54],[119.31,47.48],[119.32,47.41],[119.7,47.16],[119.76,47.02],[119.9,46.84],[119.91,46.72],[119.7,46.6],[119.5,46.63],[119.32,46.61],[119.06,46.66],[118.95,46.74],[118.82,46.76],[118.72,46.68],[118.44,46.69],[118.27,46.72],[117.88,46.6],[117.7,46.51],[117.58,46.59],[117.39,46.57],[117.35,46.38],[117.3,46.35],[116.81,46.38],[116.57,46.29],[116.36,46.11],[116.21,45.91],[116.25,45.8],[116.17,45.71],[116.01,45.68],[115.64,45.44],[115.34,45.4],[114.94,45.37],[114.74,45.43],[114.53,45.39],[114.42,45.2],[114.02,44.93],[113.89,44.91],[113.64,44.75],[113.11,44.79],[112.75,44.87],[112.59,44.92],[112.38,45.07],[112.01,45.09],[111.84,45.04],[111.74,44.97],[111.55,44.69],[111.54,44.58],[111.41,44.42],[111.52,44.19],[111.63,44.07],[111.84,43.94],[111.93,43.82],[111.93,43.7],[111.75,43.66],[111.6,43.52],[111.1,43.37],[110.93,43.29],[110.68,43.06],[110.61,42.95],[110.41,42.77],[110.04,42.64],[109.91,42.63],[109.67,42.55],[109.49,42.45],[109.25,42.43],[108.99,42.45],[108.8,42.4],[108.54,42.44],[108.18,42.45],[106.77,42.29],[105.87,41.99],[105.2,41.74],[105.02,41.6],[104.89,41.65],[104.5,41.67],[104.5,41.87],[103.72,41.76],[103.07,42.01],[102.03,42.19],[101.89,42.28],[101.74,42.46],[101.64,42.52],[101.41,42.55],[101.22,42.53],[100.02,42.68],[99.47,42.56],[98.26,42.68],[97.19,42.79],[96.48,42.73],[96.35,42.74],[96.29,42.93],[95.91,43.22],[95.83,43.41],[95.69,43.63],[95.59,43.87],[95.51,43.98],[95.33,44.01],[95.32,44.15],[95.38,44.29],[95.04,44.26],[94.7,44.34],[94.59,44.44],[94.34,44.51],[94.2,44.65],[93.98,44.66],[93.88,44.71],[93.71,44.88],[93.53,44.95],[93.17,45.01],[92.95,45.01],[92.75,45.04],[92.48,45],[92.19,45.02],[92.08,45.07],[91.52,45.08],[91.46,45.14],[91.25,45.13],[91.14,45.2],[90.91,45.19],[90.8,45.29],[90.74,45.44],[90.65,45.49],[90.71,45.75],[91,46.02],[91,46.11],[90.9,46.3],[91.05,46.57],[91.01,46.74],[90.83,46.98],[90.71,47.02],[90.47,47.31],[90.44,47.49],[90.33,47.62],[90.08,47.76],[90.05,47.88],[89.89,47.82],[89.75,47.82],[89.54,48.03],[89.33,48.03],[89.24,47.98],[89.05,47.99],[88.93,48.1],[88.81,48.11],[88.58,48.21],[88.57,48.34],[88.24,48.49],[88.02,48.54],[87.94,48.6],[88.06,48.67],[87.98,48.76],[87.81,48.8],[87.76,48.92],[87.82,49.03],[87.82,49.17],[87.32,49.09],[87.12,49.13],[86.84,49.09],[86.72,48.91],[86.79,48.84],[86.75,48.7],[86.57,48.53],[86.31,48.48],[86.19,48.42],[85.78,48.41],[85.72,48.36],[85.59,48.14],[85.52,47.92],[85.6,47.62],[85.58,47.52],[85.67,47.38],[85.66,47.21],[85.56,47.18],[85.5,47.05],[85.21,47.03],[84.92,46.85],[84.77,46.82],[84.66,46.98],[84.16,46.99],[83.91,46.97],[83.52,47.07],[83.15,47.21],[83.02,47.21],[82.99,46.94],[82.84,46.73],[82.67,46.33],[82.57,46.2],[82.49,45.9],[82.37,45.73],[82.29,45.53],[82.36,45.48],[82.62,45.44],[82.63,45.34],[82.54,45.12],[82.43,45.14],[82.3,45.23],[81.95,45.14],[81.81,45.19],[81.74,45.34],[81.14,45.21],[80.85,45.13],[80.7,45.14],[80.43,45.09],[80.36,45.04],[80.06,45.02],[79.86,44.9],[79.99,44.79],[80.22,44.82],[80.48,44.74],[80.38,44.67],[80.33,44.42],[80.37,44.27],[80.35,44.1],[80.48,43.91],[80.71,43.46],[80.64,43.33],[80.74,43.29],[80.79,43.13],[80.62,43.13],[80.37,43.03],[80.41,42.96],[80.55,42.88],[80.23,42.79],[80.14,42.62],[80.27,42.24],[80.21,42.19],[80.26,42.08],[80.18,42.02],[79.93,42.02],[79.81,41.98],[79.75,41.88],[79.61,41.87],[79.41,41.78],[79.3,41.79],[78.98,41.64],[78.65,41.52],[78.36,41.38],[78.36,41.29],[78.08,41.04],[77.87,41.06],[77.67,41],[77.47,40.98],[77.33,41.02],[77.12,41.01],[77.01,41.04],[76.86,41.01],[76.77,40.95],[76.77,40.87],[76.63,40.73],[76.62,40.63],[76.45,40.42],[76.33,40.35],[76.24,40.44],[76.08,40.39],[75.92,40.31],[75.67,40.31],[75.67,40.45],[75.59,40.61],[75.48,40.61],[75.19,40.44],[75.04,40.44],[74.83,40.51],[74.71,40.33],[74.37,40.11],[74.2,40.11],[73.97,40.03],[73.82,39.81],[73.93,39.59],[73.82,39.47],[73.63,39.45],[73.6,39.24],[73.7,39.08],[73.82,38.99],[73.68,38.85],[73.8,38.6],[73.93,38.53],[74.14,38.67],[74.33,38.67],[74.78,38.51],[74.84,38.4],[74.77,38.29],[74.79,38.08],[74.89,37.99],[74.88,37.84],[74.96,37.76],[74.89,37.6],[75.16,37.4],[75.07,37.31],[74.89,37.23],[74.78,37.22],[74.72,37.3],[74.62,37.23],[74.49,37.23],[74.41,37.11],[74.54,37.02],[74.68,37.05],[74.94,36.98],[75.1,36.99],[75.35,36.92],[75.41,36.75],[75.57,36.77],[75.79,36.69],[75.88,36.62],[75.98,36.46],[75.97,36.3],[76.01,36.23],[75.9,36.11],[75.95,36.01],[76.11,35.94],[76.17,35.81],[76.31,35.81],[76.43,35.86],[76.57,35.87],[76.57,35.75],[76.78,35.65],[76.9,35.59],[77.04,35.59],[77.11,35.54],[77.25,35.53],[77.41,35.47],[77.66,35.46],[77.8,35.49]]],[[[111.01,19.68],[110.94,20],[110.79,20.01],[110.64,20.11],[110.53,20.02],[110.33,20.06],[110.13,20.01],[110.01,19.96],[109.94,19.99],[109.81,19.95],[109.61,20],[109.53,19.95],[109.47,19.83],[109.37,19.89],[109.26,19.9],[109.16,19.79],[109.16,19.65],[109.01,19.6],[108.94,19.51],[108.77,19.39],[108.69,19.38],[108.63,19.27],[108.66,19.16],[108.62,19.1],[108.65,18.92],[108.63,18.84],[108.69,18.72],[108.7,18.51],[108.8,18.49],[109,18.37],[109.09,18.37],[109.17,18.29],[109.33,18.3],[109.46,18.28],[109.57,18.19],[109.68,18.25],[109.75,18.4],[109.92,18.42],[110.05,18.39],[110.1,18.54],[110.27,18.67],[110.43,18.68],[110.47,18.88],[110.56,19.06],[110.54,19.15],[110.62,19.23],[110.7,19.42],[110.76,19.43],[110.82,19.55],[110.88,19.54],[111.01,19.68]]],[[[112.84,21.77],[112.71,21.69],[112.77,21.58],[112.84,21.77]]],[[[110.55,21.04],[110.51,21.08],[110.29,21.07],[110.27,20.97],[110.55,21.04]]],[[[119.85,25.54],[119.78,25.65],[119.69,25.51],[119.76,25.41],[119.85,25.54]]],[[[122.33,30.02],[122.29,30.07],[122.09,30.15],[121.98,30.15],[122.01,30.03],[122.19,29.99],[122.29,29.93],[122.33,30.02]]],[[[121.84,31.61],[121.66,31.65],[121.48,31.77],[121.26,31.84],[121.18,31.78],[121.31,31.66],[121.57,31.53],[121.85,31.44],[121.98,31.48],[121.98,31.54],[121.84,31.61]]]]},"properties":{"iso_a2":"CN","name":"China"}},{"type":"Feature","geometry":{"type":"Polygon","coordinates":[[[34.25,31.21],[34.48,30.65],[34.53,30.4],[34.6,30.35],[34.82,29.74],[34.89,29.49],[34.96,29.56],[35.05,29.84],[35.09,30.03],[35.15,30.16],[35.14,30.43],[35.21,30.62],[35.39,30.96],[35.44,31.1],[35.4,31.26],[35.46,31.49],[35.39,31.49],[35.17,31.36],[34.93,31.35],[34.87,31.4],[34.97,31.63],[35.15,31.74],[35.24,31.71],[35.26,31.84],[35.14,31.81],[35.03,31.86],[34.96,32.19],[35.06,32.46],[35.21,32.54],[35.39,32.49],[35.41,32.42],[35.56,32.39],[35.56,32.63],[35.76,32.74],[35.89,32.95],[35.8,33.25],[35.82,33.41],[35.6,33.24],[35.55,33.28],[35.48,33.09],[35.1,33.09],[35.08,32.91],[34.95,32.81],[34.94,32.73],[34.84,32.28],[34.71,31.95],[34.48,31.58],[34.56,31.54],[34.37,31.39],[34.35,31.29],[34.25,31.21]]]},"properties":{"iso_a2":"IL","name":"Israel"}},{"type":"Feature","geometry":{"type":"MultiPolygon","coordinates":[[[[34.48,31.58],[34.2,31.31],[34.25,31.21],[34.35,31.29],[34.37,31.39],[34.56,31.54],[34.48,31.58]]],[[[35.56,32.39],[35.41,32.42],[35.39,32.49],[35.21,32.54],[35.06,32.46],[34.96,32.19],[35.03,31.86],[35.14,31.81],[35.26,31.84],[35.24,31.71],[35.15,31.74],[34.97,31.63],[34.87,31.4],[34.93,31.35],[35.17,31.36],[35.39,31.49],[35.46,31.49],[35.48,31.64],[35.56,31.77],[35.53,31.92],[35.53,32.11],[35.57,32.24],[35.56,32.39]]]]},"properties":{"iso_a2":"PS","name":"Palestine"}},{"type":"Feature","geometry":{"type":"Polygon","coordinates":[[[35.1,33.09],[35.48,33.09],[35.55,33.28],[35.6,33.24],[35.82,33.41],[35.92,33.46],[35.92,33.64],[36.05,33.82],[36.23,33.85],[36.32,33.98],[36.49,34.09],[36.6,34.2],[36.39,34.6],[36.26,34.63],[35.97,34.65],[35.98,34.54],[35.81,34.46],[35.63,34.2],[35.65,34.12],[35.57,33.91],[35.47,33.9],[35.48,33.8],[35.35,33.51],[35.27,33.46],[35.21,33.23],[35.1,33.09]]]},"properties":{"iso_a2":"LB","name":"Lebanon"}},{"type":"Feature","geometry":{"type":"Polygon","coordinates":[[[34.07,9.46],[34.11,8.63],[34.07,8.53],[33.97,8.45],[33.7,8.37],[33.6,8.46],[33.36,8.43],[33.25,8.46],[33.17,8.4],[33.18,8.13],[33.12,8.1],[32.99,7.92],[33.05,7.8],[33.24,7.78],[33.36,7.72],[33.46,7.75],[33.55,7.69],[33.71,7.66],[33.88,7.54],[34.01,7.41],[34.03,7.26],[34.2,7.13],[34.2,7.06],[34.3,6.97],[34.5,6.89],[34.53,6.75],[34.62,6.74],[34.73,6.64],[34.85,6.25],[34.95,6.08],[34.98,5.84],[35.1,5.62],[35.26,5.51],[35.29,5.37],[35.43,5.43],[35.57,5.38],[35.66,5.39],[35.8,5.32],[35.81,5.17],[35.76,5.06],[35.75,4.85],[35.78,4.76],[35.92,4.62],[35.93,4.52],[36.02,4.45],[36.28,4.44],[36.62,4.44],[36.84,4.43],[37.02,4.37],[37.11,4.28],[37.98,3.73],[38.04,3.65],[38.39,3.6],[38.5,3.62],[38.69,3.59],[38.9,3.51],[39.07,3.53],[39.18,3.48],[39.44,3.46],[39.54,3.41],[39.58,3.5],[39.74,3.66],[39.85,3.87],[40.38,4.12],[40.7,4.24],[40.76,4.29],[40.89,4.16],[41.01,4.09],[41.12,3.96],[41.22,3.94],[41.43,3.95],[41.7,4],[41.84,3.95],[41.89,3.98],[41.92,4.07],[42.14,4.2],[42.3,4.2],[42.79,4.29],[42.87,4.33],[42.96,4.52],[43.12,4.65],[43.53,4.84],[43.97,4.95],[44.91,4.9],[44.94,4.91],[45.51,5.53],[45.94,6],[46.42,6.5],[46.96,7.01],[47.69,7.72],[47.98,8],[46.98,8],[46.92,8.03],[46.35,8.22],[45.16,8.61],[44.02,8.99],[43.99,9.01],[43.62,9.34],[43.55,9.34],[43.42,9.41],[43.37,9.54],[43.24,9.69],[43.19,9.88],[43.07,9.92],[42.96,10.12],[42.84,10.21],[42.78,10.43],[42.65,10.63],[42.71,10.68],[42.82,10.87],[42.92,11],[42.77,11],[42.73,11.07],[42.62,11.09],[42.39,11.01],[42.07,10.98],[41.95,10.94],[41.8,10.97],[41.79,11.26],[41.75,11.54],[41.81,11.74],[41.94,11.83],[42.1,12.07],[42.29,12.32],[42.38,12.47],[42.14,12.77],[41.95,12.88],[41.82,13.11],[41.71,13.25],[41.53,13.39],[41.19,13.62],[41.04,13.87],[40.83,14.11],[40.7,14.17],[40.59,14.2],[40.42,14.27],[40.28,14.41],[40.1,14.47],[39.91,14.42],[39.77,14.51],[39.49,14.52],[39.21,14.44],[39.15,14.58],[39.01,14.65],[38.98,14.57],[38.87,14.49],[38.61,14.44],[38.43,14.42],[38.31,14.52],[38.21,14.69],[38.01,14.72],[37.89,14.88],[37.57,14.12],[37.48,14.2],[37.39,14.35],[37.29,14.46],[37.15,14.44],[37.07,14.29],[36.75,14.33],[36.53,14.26],[36.44,13.99],[36.46,13.82],[36.38,13.57],[36.23,13.36],[36.11,12.93],[36.14,12.83],[36.12,12.72],[35.73,12.67],[35.62,12.58],[35.35,12.15],[35.33,12.05],[35.22,11.9],[35.09,11.84],[35.04,11.75],[35.07,11.55],[34.95,11.28],[34.98,11.16],[34.91,10.96],[34.93,10.85],[34.84,10.73],[34.75,10.74],[34.59,10.88],[34.44,10.8],[34.28,10.57],[34.33,10.27],[34.3,10.11],[34.22,10.03],[34.1,9.68],[34.07,9.46]]]},"properties":{"iso_a2":"ET","name":"Ethiopia"}},{"type":"Feature","geometry":{"type":"Polygon","coordinates":[[[35.92,4.62],[35.78,4.76],[35.75,4.85],[35.76,5.06],[35.81,5.17],[35.8,5.32],[35.66,5.39],[35.57,5.38],[35.43,5.43],[35.29,5.37],[35.26,5.51],[35.1,5.62],[34.98,5.84],[34.95,6.08],[34.85,6.25],[34.73,6.64],[34.62,6.74],[34.53,6.75],[34.5,6.89],[34.3,6.97],[34.2,7.06],[34.2,7.13],[34.03,7.26],[34.01,7.41],[33.88,7.54],[33.71,7.66],[33.55,7.69],[33.46,7.75],[33.36,7.72],[33.24,7.78],[33.05,7.8],[32.99,7.92],[33.12,8.1],[33.18,8.13],[33.17,8.4],[33.25,8.46],[33.36,8.43],[33.6,8.46],[33.7,8.37],[33.97,8.45],[34.07,8.53],[34.11,8.63],[34.07,9.46],[33.9,9.46],[33.88,9.5],[33.91,9.71],[33.97,9.84],[33.97,10.05],[33.9,10.19],[33.47,10.54],[33.37,10.65],[33.15,10.73],[33.18,10.84],[33.08,11.59],[33.13,11.69],[33.15,11.94],[33.21,12.21],[32.73,12.22],[32.75,12],[32.08,12],[32.35,11.71],[32.35,11.41],[32.36,11.24],[32.44,11.11],[32.41,11.05],[31.94,10.66],[31.86,10.47],[31.67,10.21],[31.24,9.79],[31.16,9.76],[30.75,9.74],[30.49,9.97],[30.01,10.27],[29.62,10.06],[29.61,9.91],[29.48,9.76],[29.25,9.71],[29.01,9.6],[28.85,9.47],[28.84,9.32],[28.05,9.33],[27.9,9.6],[27.34,9.61],[27.08,9.61],[26.69,9.48],[26.56,9.52],[26.18,9.96],[26.1,9.99],[26.02,10.12],[25.9,10.19],[25.9,10.35],[25.84,10.42],[25.63,10.39],[25.33,10.32],[25.09,10.3],[25.02,10.17],[24.98,9.97],[24.79,9.8],[24.79,9.53],[24.68,9.37],[24.66,9.18],[24.57,9.02],[24.56,8.89],[24.38,8.84],[24.17,8.69],[24.24,8.57],[24.14,8.44],[24.13,8.34],[24.33,8.25],[24.43,8.27],[24.51,8.21],[24.62,8.22],[24.83,8.17],[24.92,8.09],[24.96,7.99],[25.09,7.89],[25.22,7.86],[25.28,7.66],[25.17,7.58],[25.19,7.5],[25.32,7.4],[25.36,7.34],[25.59,7.21],[25.79,7.14],[25.89,7.05],[26.03,7],[26.08,6.84],[26.24,6.72],[26.38,6.65],[26.31,6.5],[26.29,6.39],[26.45,6.28],[26.54,6.03],[26.71,6.01],[26.82,5.9],[26.98,5.86],[27.05,5.79],[27.17,5.72],[27.26,5.55],[27.22,5.44],[27.24,5.32],[27.3,5.21],[27.44,5.07],[27.44,5.01],[27.55,4.9],[27.64,4.89],[27.77,4.74],[27.77,4.6],[27.86,4.55],[28.01,4.55],[28.18,4.35],[28.3,4.35],[28.4,4.28],[28.55,4.37],[28.76,4.55],[28.82,4.48],[28.99,4.5],[29.17,4.35],[29.3,4.39],[29.49,4.67],[29.62,4.64],[29.8,4.56],[29.78,4.41],[29.82,4.35],[30.06,4.12],[30.12,4.1],[30.21,3.95],[30.34,3.93],[30.54,3.84],[30.56,3.6],[30.69,3.63],[30.84,3.56],[30.84,3.49],[30.94,3.68],[31.14,3.79],[31.3,3.77],[31.51,3.66],[31.67,3.71],[31.78,3.82],[31.92,3.68],[31.94,3.59],[32.03,3.59],[32.17,3.52],[32.19,3.62],[32.37,3.73],[32.76,3.77],[33.02,3.88],[33.2,3.76],[33.45,3.74],[33.53,3.77],[33.98,4.22],[34.38,4.62],[34.67,4.76],[35.25,4.98],[35.41,5.03],[35.4,4.93],[35.57,4.9],[35.52,4.78],[35.61,4.62],[35.7,4.59],[35.92,4.62]]]},"properties":{"iso_a2":"SS","name":"South Sudan"}},{"type":"Feature","geometry":{"type":"Polygon","coordinates":[[[47.98,8],[47.69,7.72],[46.96,7.01],[46.42,6.5],[45.94,6],[45.51,5.53],[44.94,4.91],[44.91,4.9],[43.97,4.95],[43.53,4.84],[43.12,4.65],[42.96,4.52],[42.87,4.33],[42.79,4.29],[42.3,4.2],[42.14,4.2],[41.92,4.07],[41.89,3.98],[41.34,3.2],[40.98,2.84],[40.97,2.81],[40.97,1.62],[40.97,0.87],[40.97,0],[40.98,-0.87],[41.52,-1.57],[41.54,-1.7],[41.69,-1.49],[41.84,-1.23],[42.08,-0.86],[42.19,-0.78],[42.25,-0.69],[42.65,-0.23],[42.77,-0.13],[43.09,0.22],[43.29,0.42],[43.47,0.62],[43.78,0.92],[43.93,1.01],[44.14,1.19],[44.33,1.39],[44.55,1.56],[45,1.87],[45.23,1.97],[45.83,2.31],[46.03,2.44],[46.32,2.75],[46.63,3.02],[46.83,3.23],[47.01,3.44],[47.49,3.94],[47.58,4.06],[47.95,4.46],[48.06,4.61],[48.2,4.91],[48.45,5.21],[48.55,5.38],[48.65,5.48],[48.7,5.59],[48.85,5.82],[49.04,6.14],[49.09,6.31],[49.08,6.42],[49.25,6.81],[49.37,7.03],[49.59,7.32],[49.82,7.74],[49.8,7.83],[49.84,7.96],[50.06,8.13],[50.16,8.32],[50.32,8.54],[50.33,8.64],[50.42,8.86],[50.61,9.04],[50.64,9.2],[50.77,9.32],[50.84,9.48],[50.82,9.65],[50.9,10.02],[50.88,10.1],[50.93,10.33],[51.09,10.41],[51.24,10.43],[51.37,10.37],[51.4,10.48],[51.19,10.45],[51.09,10.48],[51.14,10.68],[51.12,10.99],[51.17,11.16],[51.09,11.19],[51.08,11.34],[51.12,11.51],[51.25,11.65],[51.29,11.83],[51.03,11.89],[50.8,11.99],[50.58,11.92],[50.51,11.77],[50.44,11.69],[50.29,11.6],[50.07,11.51],[49.94,11.52],[49.85,11.47],[49.56,11.45],[49.44,11.35],[49.24,11.3],[48.94,11.25],[48.94,10.35],[48.94,9.45],[48.4,8.63],[47.98,8]]]},"properties":{"iso_a2":"SO","name":"Somalia"}},{"type":"Feature","geometry":{"type":"Polygon","coordinates":[[[35.92,4.62],[35.7,4.59],[35.61,4.62],[35.52,4.78],[35.57,4.9],[35.4,4.93],[35.41,5.03],[35.25,4.98],[34.67,4.76],[34.38,4.62],[33.98,4.22],[34.03,4.19],[34.11,3.96],[34.28,3.71],[34.34,3.74],[34.44,3.67],[34.44,3.53],[34.38,3.47],[34.45,3.16],[34.55,3.1],[34.58,2.95],[34.64,2.86],[34.73,2.85],[34.82,2.6],[34.88,2.59],[34.92,2.48],[34.87,2.35],[34.97,2.1],[34.98,1.68],[34.78,1.39],[34.8,1.23],[34.68,1.21],[34.48,1.07],[34.43,0.89],[34.31,0.77],[34.25,0.66],[34.15,0.6],[34.09,0.37],[33.89,0.11],[33.95,-0.15],[33.9,-0.66],[33.9,-1],[34.05,-1.04],[34.72,-1.41],[35.2,-1.68],[36.06,-2.16],[36.7,-2.52],[37.65,-3.05],[37.7,-3.31],[37.59,-3.4],[37.6,-3.51],[37.73,-3.55],[37.77,-3.65],[38.42,-4.12],[39.19,-4.68],[39.26,-4.61],[39.36,-4.63],[39.55,-4.4],[39.67,-4.09],[39.79,-3.92],[39.87,-3.69],[39.85,-3.62],[39.97,-3.4],[40.13,-3.25],[40.12,-3.18],[40.19,-3.03],[40.16,-2.93],[40.17,-2.76],[40.24,-2.66],[40.39,-2.56],[40.52,-2.52],[40.62,-2.55],[40.83,-2.37],[40.8,-2.29],[40.92,-2.22],[40.9,-2.08],[41.03,-2.04],[41.2,-1.94],[41.3,-1.96],[41.54,-1.7],[41.52,-1.57],[40.98,-0.87],[40.97,0],[40.97,0.87],[40.97,1.62],[40.97,2.81],[40.98,2.84],[41.34,3.2],[41.89,3.98],[41.84,3.95],[41.7,4],[41.43,3.95],[41.22,3.94],[41.12,3.96],[41.01,4.09],[40.89,4.16],[40.76,4.29],[40.7,4.24],[40.38,4.12],[39.85,3.87],[39.74,3.66],[39.58,3.5],[39.54,3.41],[39.44,3.46],[39.18,3.48],[39.07,3.53],[38.9,3.51],[38.69,3.59],[38.5,3.62],[38.39,3.6],[38.04,3.65],[37.98,3.73],[37.11,4.28],[37.02,4.37],[36.84,4.43],[36.62,4.44],[36.28,4.44],[36.02,4.45],[35.93,4.52],[35.92,4.62]]]},"properties":{"iso_a2":"KE","name":"Kenya"}},{"type":"Feature","geometry":{"type":"Polygon","coordinates":[[[34.97,-11.57],[34.96,-11.5],[34.89,-11.37],[34.76,-11.34],[34.71,-11.2],[34.62,-11.12],[34.59,-11.02],[34.65,-10.9],[34.67,-10.75],[34.65,-10.64],[34.58,-10.54],[34.59,-10.29],[34.48,-9.95],[34.29,-9.71],[34.1,-9.53],[34.01,-9.48],[33.95,-9.55],[33.96,-9.66],[33.91,-9.72],[33.74,-9.58],[33.65,-9.61],[33.4,-9.6],[33.3,-9.49],[33.1,-9.49],[32.99,-9.39],[32.92,-9.41],[32.99,-9.5],[32.98,-9.6],[33.17,-9.6],[33.21,-9.7],[33.37,-9.9],[33.31,-10.01],[33.53,-10.23],[33.53,-10.32],[33.67,-10.58],[33.43,-10.81],[33.32,-10.82],[33.28,-10.91],[33.32,-11.06],[33.39,-11.16],[33.23,-11.42],[33.21,-11.56],[33.3,-11.61],[33.31,-11.9],[33.26,-12.07],[33.33,-12.3],[33.39,-12.34],[33.53,-12.33],[33.37,-12.52],[33.26,-12.53],[33.03,-12.61],[32.94,-12.77],[33.01,-12.89],[32.97,-13.12],[32.99,-13.19],[32.92,-13.29],[32.87,-13.44],[32.72,-13.57],[32.86,-13.81],[33.05,-14],[33.16,-13.94],[33.2,-14.01],[33.28,-14.06],[33.29,-14.16],[33.44,-14.38],[33.6,-14.51],[33.72,-14.49],[33.77,-14.53],[33.89,-14.49],[34.05,-14.49],[34.11,-14.44],[34.34,-14.39],[34.5,-14.58],[34.51,-14.7],[34.58,-14.98],[34.55,-15.06],[34.57,-15.27],[34.41,-15.48],[34.4,-15.65],[34.24,-15.82],[34.24,-15.92],[34.39,-16.04],[34.39,-16.19],[34.45,-16.29],[34.53,-16.3],[34.66,-16.49],[34.73,-16.53],[35.01,-16.82],[35.1,-16.82],[35.11,-16.96],[35.04,-17.04],[35.08,-17.12],[35.29,-17.13],[35.28,-16.7],[35.17,-16.62],[35.13,-16.54],[35.21,-16.48],[35.27,-16.36],[35.26,-16.27],[35.38,-16.14],[35.69,-16.11],[35.8,-16],[35.84,-15.42],[35.78,-15.19],[35.9,-14.89],[35.86,-14.88],[35.85,-14.67],[35.52,-14.26],[35.46,-14.14],[35.08,-13.7],[34.89,-13.53],[34.64,-13.49],[34.55,-13.33],[34.55,-13.16],[34.49,-12.69],[34.35,-12.2],[34.38,-12.1],[34.56,-11.83],[34.6,-11.73],[34.61,-11.59],[34.65,-11.57],[34.97,-11.57]]]},"properties":{"iso_a2":"MW","name":"Malawi"}},{"type":"Feature","geometry":{"type":"MultiPolygon","coordinates":[[[[32.92,-9.41],[32.99,-9.39],[33.1,-9.49],[33.3,-9.49],[33.4,-9.6],[33.65,-9.61],[33.74,-9.58],[33.91,-9.72],[33.96,-9.66],[33.95,-9.55],[34.01,-9.48],[34.1,-9.53],[34.29,-9.71],[34.48,-9.95],[34.59,-10.29],[34.58,-10.54],[34.65,-10.64],[34.67,-10.75],[34.65,-10.9],[34.59,-11.02],[34.62,-11.12],[34.71,-11.2],[34.76,-11.34],[34.89,-11.37],[34.96,-11.5],[34.97,-11.57],[35.42,-11.58],[35.52,-11.61],[35.66,-11.58],[35.7,-11.49],[35.83,-11.41],[35.94,-11.43],[36.17,-11.58],[36.2,-11.7],[36.49,-11.68],[36.56,-11.73],[36.75,-11.67],[36.82,-11.57],[37.04,-11.6],[37.11,-11.66],[37.23,-11.69],[37.35,-11.69],[37.43,-11.72],[37.78,-11.56],[37.88,-11.32],[38.07,-11.26],[38.26,-11.28],[38.35,-11.36],[38.49,-11.41],[38.65,-11.28],[38.76,-11.26],[38.9,-11.17],[39.13,-11.14],[39.29,-11.15],[39.48,-11],[39.79,-10.93],[40.01,-10.81],[40.44,-10.47],[40.23,-10.2],[40,-10.13],[39.79,-9.92],[39.79,-9.81],[39.74,-9.75],[39.65,-9.44],[39.64,-9.19],[39.58,-9.11],[39.49,-9.08],[39.49,-8.83],[39.36,-8.69],[39.36,-8.61],[39.3,-8.51],[39.28,-8.31],[39.35,-8.26],[39.45,-8.01],[39.44,-7.83],[39.3,-7.69],[39.29,-7.49],[39.43,-7.19],[39.55,-7.12],[39.55,-6.99],[39.47,-6.86],[39.31,-6.82],[39.21,-6.64],[39.04,-6.47],[38.92,-6.44],[38.85,-6.35],[38.86,-6.16],[38.78,-6.03],[38.83,-5.82],[39,-5.46],[39.1,-5.14],[39.14,-5.1],[39.13,-4.92],[39.21,-4.86],[39.19,-4.68],[38.42,-4.12],[37.77,-3.65],[37.73,-3.55],[37.6,-3.51],[37.59,-3.4],[37.7,-3.31],[37.65,-3.05],[36.7,-2.52],[36.06,-2.16],[35.2,-1.68],[34.72,-1.41],[34.05,-1.04],[33.9,-1],[33.27,-1],[32.36,-1],[31.44,-1],[30.83,-1],[30.78,-0.99],[30.64,-1.07],[30.47,-1.07],[30.56,-1.32],[30.74,-1.41],[30.73,-1.48],[30.83,-1.59],[30.83,-1.96],[30.89,-2.08],[30.83,-2.35],[30.68,-2.35],[30.56,-2.4],[30.42,-2.63],[30.46,-2.73],[30.42,-2.85],[30.49,-2.94],[30.55,-2.9],[30.65,-2.98],[30.8,-2.98],[30.78,-3.06],[30.83,-3.15],[30.8,-3.27],[30.66,-3.32],[30.61,-3.44],[30.43,-3.55],[30.38,-3.69],[30.21,-3.93],[30.15,-4.09],[30,-4.27],[29.9,-4.35],[29.8,-4.36],[29.73,-4.46],[29.4,-4.45],[29.4,-4.59],[29.32,-4.84],[29.38,-5.09],[29.46,-5.23],[29.5,-5.39],[29.59,-5.62],[29.6,-5.78],[29.48,-6],[29.53,-6.27],[29.63,-6.45],[29.68,-6.58],[29.87,-6.75],[30.09,-6.89],[30.24,-7.06],[30.37,-7.31],[30.44,-7.6],[30.66,-7.93],[30.75,-8.19],[30.83,-8.39],[30.96,-8.55],[31.12,-8.62],[31.21,-8.58],[31.35,-8.59],[31.54,-8.7],[31.55,-8.81],[31.67,-8.91],[31.79,-8.89],[31.94,-8.93],[31.92,-9.02],[32.13,-9.06],[32.21,-9.13],[32.38,-9.13],[32.52,-9.26],[32.71,-9.29],[32.76,-9.34],[32.92,-9.41]]],[[[39.9,-7.64],[39.85,-7.74],[39.72,-7.81],[39.61,-7.94],[39.73,-7.97],[39.82,-7.91],[39.89,-7.75],[39.9,-7.64]]],[[[39.54,-6.32],[39.53,-6.17],[39.46,-6.2],[39.35,-5.9],[39.36,-5.8],[39.19,-5.91],[39.21,-6.11],[39.18,-6.16],[39.26,-6.3],[39.32,-6.25],[39.47,-6.45],[39.57,-6.42],[39.54,-6.32]]],[[[39.64,-5.41],[39.8,-5.39],[39.86,-5.23],[39.81,-4.96],[39.68,-4.94],[39.74,-5.24],[39.67,-5.3],[39.64,-5.41]]]]},"properties":{"iso_a2":"TZ","name":"Tanzania"}},{"type":"Feature","geometry":{"type":"Polygon","coordinates":[[[35.76,32.74],[35.9,32.71],[36.07,32.52],[36.19,32.52],[36.37,32.39],[36.82,32.32],[37.59,32.74],[38.78,33.37],[39.55,33.76],[40.69,34.33],[40.94,34.39],[40.99,34.43],[41.2,34.77],[41.19,35.18],[41.26,35.49],[41.36,35.66],[41.34,35.86],[41.24,36.04],[41.28,36.35],[41.42,36.53],[41.79,36.59],[41.84,36.62],[42.28,36.99],[42.36,37.11],[42.35,37.23],[42.18,37.31],[42.01,37.18],[41.48,37.08],[41.2,37.07],[40.9,37.12],[40.71,37.1],[40.39,36.99],[40.19,36.88],[39.77,36.74],[39.24,36.66],[39.03,36.7],[38.8,36.69],[38.66,36.72],[38.53,36.83],[38.19,36.91],[37.82,36.76],[37.65,36.73],[37.45,36.63],[37.24,36.66],[37.02,36.64],[36.97,36.75],[36.66,36.83],[36.6,36.75],[36.53,36.49],[36.59,36.33],[36.66,36.23],[36.5,36.23],[36.36,36.18],[36.34,35.99],[36.2,35.95],[36.14,35.82],[35.91,35.92],[35.81,35.84],[35.84,35.74],[35.74,35.56],[35.91,35.43],[35.92,35.29],[35.96,35.2],[35.89,35.11],[35.87,34.92],[35.97,34.65],[36.26,34.63],[36.39,34.6],[36.6,34.2],[36.49,34.09],[36.32,33.98],[36.23,33.85],[36.05,33.82],[35.92,33.64],[35.92,33.46],[35.82,33.41],[35.8,33.25],[35.89,32.95],[35.76,32.74]]]},"properties":{"iso_a2":"SY","name":"Syria"}},{"type":"Feature","geometry":{"type":"MultiPolygon","coordinates":[[[[-54.61,2.33],[-54.48,2.21],[-54.32,2.16],[-54.19,2.16],[-53.95,2.22],[-53.87,2.31],[-53.75,2.32],[-53.53,2.25],[-53.34,2.35],[-53.23,2.25],[-52.98,2.17],[-52.88,2.26],[-52.71,2.36],[-52.55,2.57],[-52.53,2.69],[-52.35,3.06],[-52.36,3.13],[-52.23,3.26],[-52.01,3.62],[-51.99,3.71],[-51.83,3.87],[-51.78,3.98],[-51.68,4.04],[-51.65,4.19],[-51.72,4.33],[-51.8,4.61],[-51.9,4.67],[-51.93,4.59],[-52.3,4.95],[-52.4,4.97],[-52.75,5.27],[-52.78,5.32],[-52.99,5.46],[-53.26,5.55],[-53.52,5.58],[-53.81,5.73],[-53.94,5.75],[-54.06,5.44],[-54.17,5.35],[-54.27,5.27],[-54.43,5.05],[-54.49,4.9],[-54.48,4.76],[-54.43,4.71],[-54.42,4.56],[-54.45,4.48],[-54.39,4.24],[-54.33,4.13],[-54.34,4.03],[-54.24,3.88],[-54.09,3.75],[-54.05,3.64],[-53.99,3.61],[-54,3.46],[-54.07,3.33],[-54.18,3.2],[-54.16,2.96],[-54.21,2.78],[-54.28,2.68],[-54.36,2.51],[-54.52,2.35],[-54.61,2.33]]],[[[2.52,51.09],[1.97,51.01],[1.73,50.94],[1.58,50.87],[1.58,50.58],[1.54,50.28],[1.39,50.08],[1.17,49.96],[0.76,49.88],[0.68,49.88],[0.17,49.69],[0.08,49.52],[0.26,49.46],[0.07,49.36],[-0.22,49.28],[-0.41,49.34],[-0.82,49.36],[-1.07,49.4],[-1.12,49.35],[-1.31,49.56],[-1.26,49.7],[-1.39,49.71],[-1.53,49.66],[-1.87,49.66],[-1.88,49.53],[-1.82,49.4],[-1.66,49.29],[-1.55,49.03],[-1.58,48.64],[-1.84,48.62],[-1.99,48.69],[-2.19,48.6],[-2.31,48.69],[-2.64,48.54],[-2.81,48.6],[-2.83,48.66],[-3.09,48.87],[-3.4,48.81],[-3.51,48.84],[-3.61,48.68],[-3.97,48.73],[-4.56,48.63],[-4.76,48.52],[-4.78,48.38],[-4.52,48.37],[-4.57,48.27],[-4.32,48.21],[-4.36,48.12],[-4.68,48.07],[-4.43,47.98],[-4.35,47.86],[-4.22,47.8],[-4.11,47.88],[-3.89,47.86],[-3.85,47.8],[-3.52,47.77],[-3.34,47.72],[-3.07,47.58],[-2.94,47.56],[-2.85,47.63],[-2.72,47.61],[-2.78,47.5],[-2.5,47.53],[-2.45,47.43],[-2.56,47.38],[-2.28,47.25],[-1.99,47.05],[-2.1,46.93],[-2.12,46.82],[-1.86,46.64],[-1.8,46.5],[-1.48,46.41],[-1.24,46.28],[-1.05,46.04],[-1.07,45.9],[-1.23,45.79],[-1.19,45.71],[-0.84,45.52],[-0.91,45.45],[-1.04,45.51],[-1.14,45.49],[-1.2,45.12],[-1.23,44.71],[-1.19,44.67],[-1.25,44.51],[-1.35,44.02],[-1.48,43.58],[-1.66,43.4],[-1.79,43.39],[-1.75,43.29],[-1.54,43.28],[-1.4,43.24],[-1.43,43.14],[-1.38,43.03],[-1.27,43.05],[-0.98,42.96],[-0.76,42.95],[-0.73,42.88],[-0.58,42.78],[-0.3,42.83],[-0.04,42.69],[0.17,42.73],[0.28,42.67],[0.61,42.69],[0.66,42.84],[0.81,42.83],[1.07,42.78],[1.13,42.72],[1.32,42.71],[1.43,42.6],[1.47,42.64],[1.72,42.61],[1.71,42.5],[1.93,42.44],[2.05,42.35],[2.12,42.41],[2.28,42.43],[2.53,42.33],[2.71,42.41],[2.93,42.47],[3.18,42.43],[3.05,42.56],[3.04,42.94],[3.11,43.11],[3.24,43.22],[3.39,43.28],[3.51,43.28],[3.62,43.38],[3.74,43.41],[3.94,43.53],[4.11,43.55],[4.21,43.46],[4.51,43.46],[4.57,43.37],[4.82,43.35],[4.93,43.44],[5.06,43.42],[5.07,43.33],[5.34,43.33],[5.35,43.22],[5.63,43.19],[5.82,43.1],[6.03,43.08],[6.61,43.17],[6.73,43.41],[6.89,43.43],[6.98,43.55],[7.09,43.57],[7.15,43.66],[7.37,43.72],[7.41,43.76],[7.44,43.74],[7.5,43.79],[7.48,43.87],[7.69,44.09],[7.63,44.18],[7.38,44.12],[6.97,44.25],[6.87,44.37],[6.84,44.5],[7.02,44.74],[6.98,44.85],[6.85,44.86],[6.73,44.93],[6.72,45.01],[6.6,45.1],[6.74,45.16],[6.84,45.13],[7.06,45.22],[7.16,45.41],[6.98,45.51],[6.96,45.64],[6.8,45.72],[6.8,45.83],[7.02,45.93],[6.85,46.12],[6.76,46.43],[6.48,46.45],[6.3,46.39],[6.21,46.32],[6.28,46.24],[6.14,46.15],[6.09,46.25],[6.14,46.36],[6.05,46.42],[6.13,46.6],[6.42,46.75],[6.44,46.94],[6.67,47.02],[6.96,47.25],[6.97,47.49],[7.1,47.5],[7.25,47.42],[7.38,47.43],[7.59,47.59],[7.52,47.69],[7.62,48],[7.57,48.1],[7.75,48.36],[7.81,48.62],[8.1,48.82],[8.19,48.97],[7.93,49.04],[7.65,49.04],[7.39,49.17],[7.27,49.11],[6.84,49.21],[6.71,49.16],[6.5,49.44],[6.35,49.46],[6.14,49.5],[5.96,49.44],[5.79,49.54],[5.65,49.54],[5.48,49.5],[5.4,49.6],[4.99,49.79],[4.85,49.79],[4.86,49.9],[4.79,49.97],[4.86,50.08],[4.68,50.08],[4.66,49.99],[4.47,49.94],[4.14,49.98],[4.21,50.06],[4.16,50.21],[4.02,50.34],[3.76,50.35],[3.64,50.45],[3.46,50.52],[3.27,50.53],[3.24,50.67],[3.1,50.78],[2.9,50.7],[2.77,50.73],[2.59,50.84],[2.61,50.96],[2.52,51.09]]],[[[-60.81,14.46],[-60.85,14.6],[-61,14.81],[-61.17,14.88],[-61.23,14.82],[-61.16,14.67],[-61.05,14.56],[-61.07,14.47],[-60.81,14.46]]],[[[-61.55,16.29],[-61.77,16.35],[-61.8,16.25],[-61.77,16.09],[-61.69,15.95],[-61.6,16],[-61.56,16.09],[-61.55,16.29]]],[[[-61.54,16.29],[-61.46,16.2],[-61.19,16.26],[-61.38,16.36],[-61.46,16.51],[-61.53,16.45],[-61.54,16.29]]],[[[55.79,-21.1],[55.7,-20.95],[55.58,-20.87],[55.41,-20.86],[55.3,-20.9],[55.23,-21.05],[55.36,-21.27],[55.55,-21.36],[55.71,-21.37],[55.82,-21.32],[55.86,-21.16],[55.79,-21.1]]],[[[45.2,-12.72],[45.09,-12.76],[45.13,-12.89],[45.21,-12.85],[45.2,-12.72]]],[[[8.57,42.21],[8.74,42.04],[8.65,41.98],[8.8,41.9],[8.7,41.76],[8.9,41.7],[8.78,41.59],[8.94,41.49],[9.11,41.45],[9.22,41.37],[9.27,41.53],[9.4,41.71],[9.4,41.95],[9.55,42.11],[9.56,42.3],[9.53,42.56],[9.45,42.64],[9.48,42.83],[9.42,43.02],[9.31,42.84],[9.34,42.75],[9.11,42.73],[9.02,42.65],[8.81,42.6],[8.67,42.51],[8.6,42.39],[8.64,42.31],[8.57,42.21]]]]},"properties":{"iso_a2":"FR","name":"France"}},{"type":"Feature","geometry":{"type":"Polygon","coordinates":[[[-54.61,2.33],[-54.52,2.35],[-54.36,2.51],[-54.28,2.68],[-54.21,2.78],[-54.16,2.96],[-54.18,3.2],[-54.07,3.33],[-54,3.46],[-53.99,3.61],[-54.05,3.64],[-54.09,3.75],[-54.24,3.88],[-54.34,4.03],[-54.33,4.13],[-54.39,4.24],[-54.45,4.48],[-54.42,4.56],[-54.43,4.71],[-54.48,4.76],[-54.49,4.9],[-54.43,5.05],[-54.27,5.27],[-54.17,5.35],[-54.05,5.55],[-53.99,5.75],[-54.04,5.84],[-54.47,5.94],[-54.77,5.99],[-55.08,5.99],[-55.15,5.91],[-55.23,5.9],[-55.34,5.96],[-55.64,5.99],[-55.84,5.98],[-56,5.81],[-56.3,5.89],[-56.57,5.94],[-56.66,5.98],[-56.96,6.01],[-57.07,5.95],[-57.13,5.82],[-57.16,5.56],[-57.25,5.49],[-57.32,5.34],[-57.19,5.2],[-57.3,5.16],[-57.31,5.03],[-57.49,4.99],[-57.72,4.99],[-57.85,4.92],[-57.92,4.83],[-57.84,4.65],[-57.95,4.41],[-57.96,4.28],[-58.07,4.15],[-58.03,3.99],[-57.94,3.91],[-57.85,3.77],[-57.83,3.66],[-57.73,3.61],[-57.64,3.52],[-57.65,3.39],[-57.48,3.34],[-57.31,3.4],[-57.27,3.13],[-57.22,3.08],[-57.23,2.97],[-57.17,2.82],[-57.03,2.65],[-56.96,2.53],[-56.88,2.3],[-56.7,2.03],[-56.58,2.02],[-56.48,1.94],[-56.35,1.93],[-56.02,1.83],[-55.92,1.89],[-55.91,2.04],[-56.03,2.16],[-56.12,2.33],[-56.01,2.4],[-55.99,2.52],[-55.78,2.44],[-55.72,2.4],[-55.61,2.43],[-55.4,2.43],[-55.35,2.5],[-55.25,2.5],[-55.17,2.56],[-55.11,2.53],[-55.02,2.59],[-54.88,2.45],[-54.7,2.45],[-54.7,2.33],[-54.61,2.33]]]},"properties":{"iso_a2":"SR","name":"Suriname"}},{"type":"Feature","geometry":{"type":"Polygon","coordinates":[[[-56.48,1.94],[-56.58,2.02],[-56.7,2.03],[-56.88,2.3],[-56.96,2.53],[-57.03,2.65],[-57.17,2.82],[-57.23,2.97],[-57.22,3.08],[-57.27,3.13],[-57.31,3.4],[-57.48,3.34],[-57.65,3.39],[-57.64,3.52],[-57.73,3.61],[-57.83,3.66],[-57.85,3.77],[-57.94,3.91],[-58.03,3.99],[-58.07,4.15],[-57.96,4.28],[-57.95,4.41],[-57.84,4.65],[-57.92,4.83],[-57.85,4.92],[-57.72,4.99],[-57.49,4.99],[-57.31,5.03],[-57.3,5.16],[-57.19,5.2],[-57.32,5.34],[-57.25,5.49],[-57.16,5.64],[-57.18,5.73],[-57.14,5.88],[-57.17,6.09],[-57.29,6.24],[-57.49,6.34],[-57.55,6.31],[-57.6,6.43],[-57.89,6.7],[-58.07,6.82],[-58.17,6.81],[-58.27,6.88],[-58.4,6.88],[-58.46,6.82],[-58.57,6.64],[-58.61,6.69],[-58.55,6.95],[-58.48,7.01],[-58.46,7.31],[-58.49,7.38],[-58.7,7.62],[-58.78,7.66],[-59.02,7.93],[-59.16,8.06],[-59.45,8.24],[-59.76,8.41],[-59.84,8.37],[-60.02,8.56],[-59.82,8.29],[-59.85,8.23],[-59.99,8.17],[-60.02,8.06],[-60.23,7.96],[-60.37,7.82],[-60.5,7.82],[-60.73,7.51],[-60.6,7.32],[-60.64,7.25],[-60.55,7.13],[-60.5,7.18],[-60.37,7.17],[-60.29,7.11],[-60.42,6.94],[-60.62,6.85],[-60.72,6.76],[-60.79,6.79],[-60.93,6.73],[-61.13,6.72],[-61.21,6.54],[-61.14,6.44],[-61.16,6.34],[-61.12,6.19],[-61.26,6.11],[-61.38,5.91],[-60.74,5.2],[-60.67,5.21],[-60.46,5.18],[-60.33,5.19],[-60.21,5.27],[-60.13,5.24],[-60.09,5.16],[-59.98,5.09],[-60.03,4.72],[-60.15,4.51],[-59.97,4.5],[-59.8,4.45],[-59.69,4.38],[-59.74,4.29],[-59.73,4.18],[-59.53,3.93],[-59.68,3.7],[-59.84,3.61],[-59.83,3.38],[-59.96,3.07],[-60,2.69],[-59.91,2.46],[-59.9,2.36],[-59.74,2.26],[-59.76,1.92],[-59.68,1.76],[-59.57,1.73],[-59.24,1.38],[-59.01,1.33],[-58.85,1.19],[-58.77,1.2],[-58.68,1.28],[-58.52,1.27],[-58.48,1.33],[-58.51,1.44],[-58.41,1.47],[-58.33,1.59],[-58.19,1.57],[-58.15,1.52],[-58.03,1.52],[-57.98,1.66],[-57.92,1.64],[-57.79,1.71],[-57.56,1.71],[-57.34,1.97],[-57.24,1.95],[-57.1,2.02],[-57.04,1.93],[-56.81,1.87],[-56.64,1.94],[-56.48,1.94]]]},"properties":{"iso_a2":"GY","name":"Guyana"}},{"type":"Feature","geometry":{"type":"MultiPolygon","coordinates":[[[[128.37,38.62],[128.28,38.57],[128.27,38.45],[128.17,38.36],[128.04,38.3],[127.8,38.29],[127.75,38.33],[127.47,38.3],[127.38,38.32],[127.16,38.31],[127.03,38.25],[126.76,37.98],[126.67,37.94],[126.67,37.83],[126.65,37.77],[126.53,37.76],[126.6,37.55],[126.6,37.44],[126.73,37.31],[126.66,37.25],[126.69,37.13],[126.8,36.96],[126.63,37],[126.39,37.01],[126.34,36.86],[126.23,36.87],[126.13,36.76],[126.16,36.71],[126.46,36.58],[126.5,36.42],[126.57,36.31],[126.53,36.15],[126.69,36],[126.73,35.89],[126.6,35.71],[126.47,35.64],[126.51,35.58],[126.35,35.24],[126.45,35.07],[126.37,35.02],[126.41,34.84],[126.27,34.64],[126.32,34.57],[126.49,34.51],[126.48,34.35],[126.53,34.29],[126.76,34.48],[126.89,34.42],[127.01,34.61],[127.25,34.77],[127.36,34.7],[127.22,34.55],[127.32,34.45],[127.39,34.51],[127.38,34.6],[127.5,34.59],[127.39,34.76],[127.52,34.85],[127.64,34.7],[127.75,34.74],[127.78,34.83],[127.64,34.9],[127.74,34.96],[127.83,34.95],[128.02,35],[128.14,34.89],[128.22,34.94],[128.44,34.84],[128.48,35.1],[128.6,35.13],[128.77,35.08],[129,35.08],[129.19,35.16],[129.27,35.32],[129.36,35.35],[129.36,35.45],[129.46,35.51],[129.44,35.64],[129.5,35.75],[129.54,36.07],[129.43,36],[129.38,36.2],[129.39,36.32],[129.44,36.41],[129.42,36.62],[129.47,36.77],[129.41,37.03],[129.33,37.28],[129.15,37.51],[129.06,37.68],[128.92,37.8],[128.63,38.15],[128.37,38.62]]],[[[126.95,33.48],[126.79,33.56],[126.49,33.52],[126.31,33.46],[126.21,33.38],[126.17,33.27],[126.29,33.2],[126.84,33.31],[126.95,33.48]]],[[[126.38,34.5],[126.32,34.54],[126.2,34.5],[126.1,34.4],[126.21,34.36],[126.35,34.41],[126.38,34.5]]],[[[128.07,34.82],[127.96,34.81],[127.87,34.72],[128.06,34.71],[128.07,34.82]]],[[[128.75,34.87],[128.69,34.99],[128.49,34.87],[128.59,34.79],[128.75,34.87]]],[[[126.51,37.6],[126.52,37.75],[126.37,37.78],[126.41,37.6],[126.51,37.6]]]]},"properties":{"iso_a2":"KR","name":"South Korea"}},{"type":"Feature","geometry":{"type":"Polygon","coordinates":[[[128.37,38.62],[128.28,38.76],[128.21,38.73],[128.09,38.84],[128.01,38.86],[127.77,39.11],[127.45,39.17],[127.37,39.24],[127.38,39.37],[127.48,39.44],[127.58,39.6],[127.52,39.75],[127.62,39.83],[127.88,39.89],[128.01,40.05],[128.3,40.03],[128.37,40.1],[128.67,40.2],[128.66,40.32],[128.86,40.37],[128.98,40.46],[129.08,40.47],[129.17,40.57],[129.22,40.7],[129.57,40.84],[129.7,40.85],[129.76,40.94],[129.71,41.12],[129.8,41.37],[129.66,41.47],[129.69,41.65],[129.78,41.76],[129.87,41.79],[130.07,42.08],[130.2,42.1],[130.2,42.17],[130.48,42.34],[130.7,42.3],[130.53,42.53],[130.43,42.56],[130.24,42.74],[130.24,42.9],[130.12,42.98],[129.88,43],[129.76,42.75],[129.73,42.48],[129.59,42.45],[129.55,42.38],[129.35,42.45],[129.24,42.38],[129.21,42.22],[128.96,42.09],[128.94,42.04],[128.72,42.05],[128.5,42],[128.26,42.03],[128.02,41.97],[128.04,41.88],[128.16,41.71],[128.3,41.58],[128.19,41.4],[128.06,41.39],[127.94,41.47],[127.85,41.43],[127.64,41.43],[127.11,41.54],[127.17,41.6],[126.98,41.76],[126.89,41.79],[126.79,41.7],[126.62,41.67],[126.47,41.37],[126.26,41.14],[126.15,41.09],[126.01,40.9],[125.68,40.85],[125.61,40.76],[125.47,40.71],[125.41,40.63],[125.26,40.62],[125.03,40.53],[124.74,40.37],[124.37,40.1],[124.37,39.94],[124.43,39.83],[124.56,39.81],[124.68,39.62],[124.85,39.72],[125.05,39.6],[125.23,39.59],[125.44,39.39],[125.43,39.3],[125.33,39.19],[125.2,38.99],[125.14,38.8],[125.26,38.71],[125.06,38.57],[124.88,38.35],[124.91,38.13],[125.01,38.06],[125.13,38.1],[125.16,37.87],[125.3,37.9],[125.38,37.71],[125.5,37.78],[125.62,37.77],[125.72,37.95],[125.8,37.99],[125.9,37.87],[126.06,37.8],[126.4,37.89],[126.58,37.78],[126.67,37.83],[126.67,37.94],[126.76,37.98],[127.03,38.25],[127.16,38.31],[127.38,38.32],[127.47,38.3],[127.75,38.33],[127.8,38.29],[128.04,38.3],[128.17,38.36],[128.27,38.45],[128.28,38.57],[128.37,38.62]]]},"properties":{"iso_a2":"KP","name":"North Korea"}},{"type":"Feature","geometry":{"type":"Polygon","coordinates":[[[-17.01,21.42],[-16.73,21.47],[-16.19,21.48],[-16.04,21.5],[-15.75,21.49],[-15.46,21.45],[-15.15,21.44],[-14.84,21.45],[-14.67,21.6],[-14.61,21.75],[-14.63,21.86],[-14.44,22.08],[-14.31,22.19],[-14.22,22.31],[-14.19,22.45],[-14.17,22.76],[-14.1,23.1],[-14.02,23.41],[-13.89,23.69],[-13.77,23.79],[-13.31,23.98],[-13.23,24.09],[-13.06,24.4],[-12.99,24.47],[-12.71,24.63],[-12.43,24.83],[-12.31,25.11],[-12.17,25.64],[-12.03,26.03],[-11.72,26.1],[-11.64,26.3],[-11.47,26.52],[-11.34,26.63],[-11.32,26.74],[-11.39,26.88],[-10.92,27.01],[-10.76,27.02],[-10.55,26.99],[-10.25,26.86],[-10.03,26.91],[-9.9,26.85],[-9.73,26.86],[-9.41,27.09],[-9,27.09],[-8.79,27.12],[-8.75,27.19],[-8.8,27.36],[-8.77,27.46],[-8.82,27.66],[-8.68,27.66],[-8.68,28.67],[-8.65,28.73],[-8.42,28.85],[-8.38,28.91],[-8.18,29.04],[-8.07,29.08],[-7.62,29.39],[-7.35,29.38],[-7.26,29.47],[-7.15,29.51],[-6.96,29.51],[-6.78,29.45],[-6.7,29.52],[-6.27,29.58],[-6,29.58],[-5.76,29.61],[-5.72,29.52],[-5.54,29.52],[-5.43,29.64],[-5.27,29.89],[-5.18,29.98],[-4.88,30.18],[-4.62,30.29],[-4.48,30.38],[-4.37,30.51],[-4.16,30.59],[-3.83,30.63],[-3.65,30.71],[-3.66,30.84],[-3.55,30.96],[-3.62,31.09],[-3.73,31.18],[-3.81,31.14],[-3.82,31.32],[-3.67,31.39],[-3.66,31.65],[-3.22,31.72],[-2.83,31.8],[-2.94,32.05],[-2.52,32.13],[-1.25,32.08],[-1.28,32.2],[-1.22,32.39],[-1.12,32.42],[-1.05,32.52],[-1.42,32.74],[-1.56,32.93],[-1.5,33.06],[-1.67,33.24],[-1.68,33.37],[-1.61,33.52],[-1.66,33.65],[-1.74,33.69],[-1.7,33.77],[-1.72,33.9],[-1.67,34.11],[-1.75,34.29],[-1.81,34.37],[-1.75,34.49],[-1.87,34.6],[-1.79,34.76],[-2.21,35.02],[-2.22,35.09],[-2.42,35.15],[-2.56,35.1],[-2.9,35.17],[-2.91,35.28],[-2.95,35.33],[-3.19,35.24],[-3.41,35.2],[-3.59,35.23],[-3.67,35.29],[-3.76,35.22],[-3.96,35.25],[-4.38,35.15],[-4.77,35.24],[-5.07,35.42],[-5.25,35.59],[-5.31,35.69],[-5.34,35.85],[-5.4,35.92],[-5.6,35.82],[-5.93,35.78],[-6.02,35.5],[-6.2,35.13],[-6.29,34.88],[-6.56,34.42],[-6.82,34.04],[-7.1,33.84],[-7.23,33.8],[-7.5,33.65],[-7.87,33.53],[-8.11,33.43],[-8.24,33.41],[-8.45,33.26],[-8.53,33.27],[-8.63,33.13],[-8.87,32.88],[-9,32.8],[-9.26,32.58],[-9.25,32.47],[-9.29,32.37],[-9.27,32.23],[-9.37,32.03],[-9.67,31.73],[-9.69,31.64],[-9.85,31.4],[-9.81,31.37],[-9.84,31.15],[-9.82,30.79],[-9.89,30.69],[-9.7,30.54],[-9.61,30.38],[-9.65,30.13],[-9.82,29.84],[-10.05,29.6],[-10.14,29.43],[-10.26,29.28],[-10.35,29.23],[-10.45,29.09],[-10.57,28.99],[-11.05,28.76],[-11.33,28.52],[-11.49,28.33],[-12.01,28.12],[-12.06,28.09],[-12.33,28.05],[-12.51,28],[-12.84,27.97],[-12.97,27.92],[-13.06,27.74],[-13.17,27.69],[-13.3,27.32],[-13.38,27.22],[-13.5,26.86],[-13.62,26.69],[-13.92,26.5],[-14.16,26.43],[-14.3,26.3],[-14.41,26.26],[-14.49,26.13],[-14.49,26.02],[-14.62,25.78],[-14.71,25.53],[-14.78,25.45],[-14.85,25.21],[-14.84,24.92],[-14.91,24.69],[-15.01,24.56],[-15.15,24.51],[-15.3,24.35],[-15.44,24.22],[-15.62,24.03],[-15.77,23.96],[-15.77,23.79],[-15.97,23.51],[-16.14,23.19],[-16.17,22.97],[-16.28,22.9],[-16.34,22.73],[-16.36,22.58],[-16.42,22.52],[-16.52,22.32],[-16.71,22.28],[-16.82,22.13],[-16.92,21.93],[-16.97,21.78],[-16.97,21.59],[-17.01,21.42]]]},"properties":{"iso_a2":"MA","name":"Morocco"}},{"type":"Feature","geometry":{"type":"Polygon","coordinates":[[[-8.68,27.66],[-8.82,27.66],[-8.77,27.46],[-8.8,27.36],[-8.75,27.19],[-8.79,27.12],[-9,27.09],[-9.41,27.09],[-9.73,26.86],[-9.9,26.85],[-10.03,26.91],[-10.25,26.86],[-10.55,26.99],[-10.76,27.02],[-10.92,27.01],[-11.39,26.88],[-11.32,26.74],[-11.34,26.63],[-11.47,26.52],[-11.64,26.3],[-11.72,26.1],[-12.03,26.03],[-12.17,25.64],[-12.31,25.11],[-12.43,24.83],[-12.71,24.63],[-12.99,24.47],[-13.06,24.4],[-13.23,24.09],[-13.31,23.98],[-13.77,23.79],[-13.89,23.69],[-14.02,23.41],[-14.1,23.1],[-14.17,22.76],[-14.19,22.45],[-14.22,22.31],[-14.31,22.19],[-14.44,22.08],[-14.63,21.86],[-14.61,21.75],[-14.67,21.6],[-14.84,21.45],[-15.15,21.44],[-15.46,21.45],[-15.75,21.49],[-16.04,21.5],[-16.19,21.48],[-16.73,21.47],[-17.01,21.42],[-17.1,20.84],[-17.06,20.77],[-17.08,20.88],[-16.96,21.33],[-16.27,21.33],[-15,21.33],[-13.74,21.33],[-13.01,21.33],[-13.09,22.5],[-13.16,22.75],[-13.12,22.88],[-13.01,23.02],[-12.62,23.27],[-12.35,23.32],[-12.01,23.5],[-12.01,24.63],[-12.01,25.47],[-12.01,26],[-10.91,26],[-9.7,26],[-8.71,26],[-8.68,26.01],[-8.68,27.29],[-8.68,27.66]]]},"properties":{"iso_a2":"EH","name":"Western Sahara"}},{"type":"Feature","geometry":{"type":"Polygon","coordinates":[[[-83.7,10.94],[-83.66,10.81],[-83.93,10.72],[-84.22,10.81],[-84.21,10.86],[-84.68,11.07],[-84.93,10.94],[-85.63,11.2],[-85.7,11.08],[-85.74,10.94],[-85.88,10.95],[-85.91,10.89],[-85.66,10.78],[-85.63,10.62],[-85.81,10.5],[-85.78,10.45],[-85.87,10.36],[-85.78,10.08],[-85.67,9.91],[-85.33,9.83],[-85.15,9.61],[-84.96,9.73],[-84.86,9.82],[-84.96,9.95],[-85.14,10],[-85.24,10.12],[-85.09,10.17],[-84.85,9.97],[-84.76,9.98],[-84.63,9.77],[-84.68,9.69],[-84.62,9.58],[-84.52,9.52],[-84.27,9.48],[-84.16,9.4],[-83.92,9.3],[-83.79,9.2],[-83.63,9.04],[-83.59,8.84],[-83.63,8.73],[-83.74,8.62],[-83.58,8.45],[-83.46,8.44],[-83.35,8.39],[-83.28,8.4],[-83.29,8.52],[-83.41,8.6],[-83.48,8.71],[-83.38,8.74],[-83.24,8.62],[-83.17,8.64],[-83.1,8.43],[-83.15,8.37],[-82.97,8.22],[-82.9,8.04],[-82.89,8.1],[-82.94,8.25],[-83.05,8.33],[-82.87,8.44],[-82.84,8.53],[-82.86,8.66],[-82.92,8.74],[-82.87,8.84],[-82.72,8.92],[-82.75,8.97],[-82.94,9.07],[-82.94,9.44],[-82.86,9.48],[-82.83,9.6],[-82.62,9.49],[-82.57,9.58],[-82.64,9.64],[-82.77,9.66],[-83.02,9.96],[-83.2,10.13],[-83.39,10.38],[-83.47,10.5],[-83.62,10.9],[-83.66,10.94],[-83.69,10.94],[-83.7,10.94]]]},"properties":{"iso_a2":"CR","name":"Costa Rica"}},{"type":"Feature","geometry":{"type":"Polygon","coordinates":[[[-85.7,11.08],[-85.63,11.2],[-84.93,10.94],[-84.68,11.07],[-84.21,10.86],[-84.22,10.81],[-83.93,10.72],[-83.66,10.81],[-83.7,10.94],[-83.82,11.09],[-83.87,11.27],[-83.87,11.38],[-83.79,11.44],[-83.76,11.56],[-83.66,11.61],[-83.7,11.85],[-83.78,11.81],[-83.84,11.87],[-83.71,12.05],[-83.66,12.26],[-83.77,12.53],[-83.59,12.63],[-83.62,12.82],[-83.54,12.8],[-83.56,12.59],[-83.62,12.57],[-83.6,12.41],[-83.48,12.45],[-83.54,12.58],[-83.51,12.9],[-83.57,13.29],[-83.49,13.74],[-83.43,13.96],[-83.22,14.25],[-83.19,14.39],[-83.3,14.77],[-83.41,14.83],[-83.31,14.91],[-83.13,15],[-83.27,14.98],[-83.39,15.03],[-83.87,14.78],[-84.02,14.76],[-84.48,14.62],[-84.53,14.66],[-84.7,14.68],[-84.77,14.81],[-84.9,14.82],[-85,14.74],[-85.14,14.58],[-85.18,14.43],[-85.16,14.34],[-85.36,14.25],[-85.43,14.13],[-85.7,13.96],[-85.82,13.85],[-86.1,14.04],[-86.28,13.85],[-86.31,13.78],[-86.41,13.75],[-86.54,13.78],[-86.73,13.77],[-86.77,13.66],[-86.7,13.3],[-86.85,13.29],[-86.91,13.24],[-86.95,13.07],[-87.03,13],[-87.31,12.98],[-87.43,12.92],[-87.58,13.06],[-87.67,12.98],[-87.65,12.87],[-87.45,12.74],[-87.34,12.62],[-87,12.34],[-86.8,12.22],[-86.69,12.02],[-86.5,11.76],[-86.34,11.61],[-85.93,11.31],[-85.79,11.11],[-85.7,11.08]]]},"properties":{"iso_a2":"NI","name":"Nicaragua"}},{"type":"Feature","geometry":{"type":"Polygon","coordinates":[[[18.63,3.48],[18.58,3.48],[18.47,3.63],[18.25,3.58],[18.18,3.48],[18.08,3.56],[17.84,3.54],[17.79,3.62],[17.63,3.63],[17.46,3.71],[17.33,3.62],[16.97,3.53],[16.64,3.53],[16.57,3.46],[16.51,3.23],[16.47,3.16],[16.49,3.07],[16.45,2.96],[16.48,2.84],[16.2,2.24],[16.08,2.14],[16.07,1.98],[16.16,1.74],[16.07,1.66],[16.02,1.76],[15.89,1.79],[15.77,1.91],[15.48,1.98],[15.35,1.92],[15.21,2.04],[15.09,1.98],[14.96,2.01],[14.87,2.1],[14.71,2.11],[14.56,2.21],[14.42,2.13],[14.27,2.15],[13.3,2.16],[13.28,2.05],[13.21,1.99],[13.19,1.85],[13.13,1.59],[13.24,1.43],[13.25,1.22],[13.4,1.3],[13.54,1.28],[13.64,1.36],[13.76,1.38],[13.8,1.43],[13.98,1.42],[14.05,1.38],[14.18,1.38],[14.26,1.32],[14.28,1.16],[14.4,0.97],[14.47,0.91],[14.45,0.82],[14.34,0.69],[14.33,0.62],[14.25,0.55],[14.08,0.54],[14.04,0.41],[13.95,0.35],[13.87,0.2],[13.92,-0.05],[13.83,-0.2],[14.06,-0.26],[14.12,-0.3],[14.16,-0.45],[14.29,-0.44],[14.47,-0.55],[14.5,-0.63],[14.45,-0.75],[14.46,-0.86],[14.39,-1.02],[14.47,-1.22],[14.43,-1.35],[14.48,-1.39],[14.37,-1.6],[14.4,-1.67],[14.37,-1.92],[14.25,-1.97],[14.24,-2.12],[14.15,-2.26],[14.23,-2.35],[14.14,-2.39],[14.08,-2.5],[13.85,-2.47],[13.91,-2.36],[13.86,-2.32],[13.77,-2.12],[13.59,-2.33],[13.45,-2.43],[13.36,-2.43],[13.19,-2.36],[13.01,-2.34],[12.98,-2.23],[12.91,-2.19],[12.81,-1.92],[12.63,-1.82],[12.42,-1.9],[12.43,-2],[12.5,-2.1],[12.46,-2.33],[12.06,-2.41],[11.94,-2.33],[11.76,-2.41],[11.61,-2.33],[11.56,-2.35],[11.62,-2.61],[11.54,-2.8],[11.64,-2.83],[11.76,-2.98],[11.71,-3.05],[11.69,-3.17],[11.94,-3.3],[11.83,-3.55],[11.9,-3.62],[11.84,-3.71],[11.65,-3.67],[11.57,-3.54],[11.48,-3.51],[11.41,-3.59],[11.21,-3.7],[11.11,-3.94],[11.36,-4.11],[11.4,-4.22],[11.69,-4.46],[11.81,-4.58],[11.78,-4.68],[11.85,-4.75],[11.9,-4.88],[12.01,-5.02],[12.13,-4.91],[12.19,-4.77],[12.33,-4.77],[12.38,-4.62],[12.61,-4.57],[12.76,-4.39],[12.85,-4.4],[12.9,-4.48],[13.07,-4.63],[13.36,-4.79],[13.39,-4.88],[13.5,-4.79],[13.67,-4.73],[13.72,-4.56],[13.71,-4.46],[13.79,-4.42],[13.94,-4.5],[14.02,-4.41],[14.15,-4.39],[14.37,-4.28],[14.47,-4.45],[14.35,-4.57],[14.41,-4.68],[14.4,-4.86],[14.52,-4.84],[14.63,-4.9],[14.83,-4.82],[14.93,-4.65],[15.1,-4.5],[15.2,-4.34],[15.46,-4.21],[15.57,-4.04],[15.88,-3.94],[16.05,-3.62],[16.21,-3.36],[16.18,-2.88],[16.23,-2.63],[16.18,-2.29],[16.23,-2.13],[16.52,-1.86],[16.62,-1.73],[16.64,-1.62],[16.83,-1.28],[17.03,-1.09],[17.3,-1.02],[17.41,-0.92],[17.75,-0.52],[17.72,-0.2],[17.76,-0.01],[17.85,0.24],[17.94,0.36],[17.95,0.47],[17.89,0.64],[17.91,0.74],[17.87,1.02],[17.96,1.19],[18.01,1.42],[18.07,1.57],[18.07,2.16],[18.16,2.32],[18.23,2.49],[18.39,2.71],[18.53,3.07],[18.61,3.13],[18.64,3.32],[18.63,3.48]]]},"properties":{"iso_a2":"CG","name":"Congo"}},{"type":"Feature","geometry":{"type":"Polygon","coordinates":[[[18.63,3.48],[18.64,3.32],[18.61,3.13],[18.53,3.07],[18.39,2.71],[18.23,2.49],[18.16,2.32],[18.07,2.16],[18.07,1.57],[18.01,1.42],[17.96,1.19],[17.87,1.02],[17.91,0.74],[17.89,0.64],[17.95,0.47],[17.94,0.36],[17.85,0.24],[17.76,-0.01],[17.72,-0.2],[17.75,-0.52],[17.41,-0.92],[17.3,-1.02],[17.03,-1.09],[16.83,-1.28],[16.64,-1.62],[16.62,-1.73],[16.52,-1.86],[16.23,-2.13],[16.18,-2.29],[16.23,-2.63],[16.18,-2.88],[16.21,-3.36],[16.05,-3.62],[15.88,-3.94],[15.57,-4.04],[15.46,-4.21],[15.2,-4.34],[15.1,-4.5],[14.93,-4.65],[14.83,-4.82],[14.63,-4.9],[14.52,-4.84],[14.4,-4.86],[14.41,-4.68],[14.35,-4.57],[14.47,-4.45],[14.37,-4.28],[14.15,-4.39],[14.02,-4.41],[13.94,-4.5],[13.79,-4.42],[13.71,-4.46],[13.72,-4.56],[13.67,-4.73],[13.5,-4.79],[13.39,-4.88],[13.36,-4.79],[13.07,-4.63],[13.03,-4.68],[12.83,-4.72],[12.68,-4.92],[12.59,-5],[12.44,-5.05],[12.53,-5.16],[12.51,-5.73],[12.34,-5.72],[12.21,-5.76],[12.45,-6.05],[12.72,-5.98],[12.82,-5.83],[12.92,-5.81],[13.04,-5.86],[13.18,-5.86],[13.34,-5.89],[13.38,-5.86],[13.64,-5.87],[13.94,-5.84],[14.02,-5.87],[14.58,-5.9],[14.7,-5.88],[15.25,-5.87],[16.32,-5.85],[16.4,-5.89],[16.52,-5.89],[16.6,-5.92],[16.6,-6.06],[16.73,-6.19],[16.73,-6.57],[16.83,-6.83],[16.93,-6.89],[16.97,-7.01],[16.93,-7.09],[17,-7.3],[17.18,-7.43],[17.22,-7.59],[17.42,-7.84],[17.43,-7.92],[17.54,-8.01],[17.54,-8.09],[17.79,-8.08],[17.9,-8.05],[17.98,-8.1],[18.1,-8.11],[18.18,-8],[18.37,-8.02],[18.51,-8],[18.52,-7.93],[18.74,-7.93],[18.77,-8],[19.36,-8],[19.33,-7.87],[19.38,-7.73],[19.36,-7.57],[19.43,-7.58],[19.51,-7.48],[19.48,-7.32],[19.52,-7],[20.29,-7],[20.33,-6.92],[20.61,-6.92],[20.52,-7.14],[20.52,-7.29],[21.79,-7.28],[21.84,-7.37],[21.85,-7.59],[21.77,-7.81],[21.76,-8.01],[21.85,-8.14],[21.94,-8.41],[21.89,-8.78],[21.86,-8.85],[21.84,-9.28],[21.79,-9.39],[21.85,-9.62],[22,-9.81],[22.16,-9.93],[22.2,-10.13],[22.31,-10.37],[22.27,-10.5],[22.31,-10.55],[22.32,-10.74],[22.17,-10.85],[22.28,-11.24],[22.44,-11.15],[22.54,-11.04],[22.73,-11.1],[22.83,-11.05],[23.01,-11.1],[23.2,-11.07],[23.37,-10.97],[23.5,-10.96],[23.83,-11.03],[23.97,-10.87],[24.11,-10.92],[24.12,-11.04],[24.29,-11.05],[24.38,-11.12],[24.39,-11.28],[24.31,-11.41],[24.45,-11.46],[24.57,-11.44],[24.67,-11.34],[24.9,-11.28],[25.18,-11.25],[25.28,-11.2],[25.33,-11.28],[25.28,-11.37],[25.3,-11.53],[25.35,-11.65],[25.48,-11.71],[25.52,-11.78],[25.62,-11.73],[25.73,-11.8],[25.85,-11.79],[25.99,-11.9],[26.17,-11.9],[26.31,-11.94],[26.42,-11.91],[26.49,-11.96],[26.64,-11.99],[26.91,-11.94],[26.97,-11.87],[27.01,-11.61],[27.18,-11.57],[27.23,-11.81],[27.42,-11.92],[27.52,-12.18],[27.64,-12.29],[27.93,-12.3],[27.96,-12.37],[28.09,-12.38],[28.13,-12.43],[28.34,-12.45],[28.42,-12.52],[28.51,-12.69],[28.47,-12.74],[28.57,-12.9],[28.67,-12.85],[28.8,-13],[28.9,-13.16],[28.93,-13.31],[28.99,-13.4],[29.12,-13.38],[29.17,-13.43],[29.57,-13.22],[29.67,-13.29],[29.6,-13.37],[29.7,-13.46],[29.8,-13.42],[29.8,-12.15],[29.63,-12.22],[29.47,-12.24],[29.45,-12.33],[29.5,-12.45],[29.26,-12.37],[29.03,-12.38],[28.95,-12.21],[28.84,-12.09],[28.57,-11.91],[28.45,-11.78],[28.36,-11.45],[28.44,-11.35],[28.48,-11.09],[28.55,-10.83],[28.7,-10.64],[28.64,-10.52],[28.63,-10.3],[28.57,-10.22],[28.62,-10.14],[28.62,-9.95],[28.7,-9.79],[28.63,-9.7],[28.61,-9.59],[28.52,-9.38],[28.37,-9.31],[28.37,-9.23],[28.6,-9.1],[28.77,-8.93],[28.93,-8.68],[28.92,-8.47],[29.86,-8.33],[30.75,-8.19],[30.66,-7.93],[30.44,-7.6],[30.37,-7.31],[30.24,-7.06],[30.09,-6.89],[29.87,-6.75],[29.68,-6.58],[29.63,-6.45],[29.53,-6.27],[29.48,-6],[29.6,-5.78],[29.59,-5.62],[29.5,-5.39],[29.46,-5.23],[29.38,-5.09],[29.32,-4.84],[29.4,-4.59],[29.4,-4.45],[29.34,-4.09],[29.22,-3.9],[29.23,-3.59],[29.21,-3.33],[29.24,-3.27],[29.21,-3.17],[29.24,-3.05],[29.09,-2.93],[29.02,-2.72],[28.89,-2.65],[28.86,-2.42],[28.98,-2.29],[29.11,-2.24],[29.15,-2.15],[29.13,-1.92],[29.15,-1.8],[29.25,-1.64],[29.36,-1.51],[29.44,-1.51],[29.58,-1.39],[29.58,-1.24],[29.56,-0.92],[29.61,-0.86],[29.6,-0.74],[29.65,-0.5],[29.63,-0.44],[29.71,0.1],[29.8,0.17],[29.83,0.34],[29.94,0.5],[29.93,0.79],[30.04,0.88],[30.15,0.9],[30.22,1.02],[30.27,1.17],[30.48,1.24],[30.68,1.5],[31.03,1.78],[31.24,2.05],[31.27,2.17],[31.18,2.3],[31.06,2.29],[30.99,2.4],[30.87,2.33],[30.8,2.44],[30.73,2.44],[30.74,2.6],[30.86,2.89],[30.75,3.04],[30.8,3.25],[30.91,3.39],[30.84,3.49],[30.84,3.56],[30.69,3.63],[30.56,3.6],[30.54,3.84],[30.34,3.93],[30.21,3.95],[30.12,4.1],[30.06,4.12],[29.82,4.35],[29.78,4.41],[29.8,4.56],[29.62,4.64],[29.49,4.67],[29.3,4.39],[29.17,4.35],[28.99,4.5],[28.82,4.48],[28.76,4.55],[28.55,4.37],[28.4,4.28],[28.3,4.35],[28.18,4.35],[28.01,4.55],[27.86,4.55],[27.77,4.6],[27.77,4.74],[27.64,4.89],[27.55,4.9],[27.44,5.01],[27.44,5.07],[27.12,5.2],[26.96,5.15],[26.87,5.04],[26.76,5.09],[26.46,5.06],[26.39,5.15],[26.32,5.15],[26.13,5.26],[26.03,5.19],[25.87,5.22],[25.62,5.31],[25.58,5.38],[25.36,5.31],[25.31,5.19],[25.35,5.14],[25.31,5.03],[25.13,5.02],[25.09,4.95],[24.97,4.99],[24.79,4.92],[24.66,4.92],[24.61,5.02],[24.46,5.11],[24.36,5.06],[24.16,4.91],[24.11,4.92],[23.95,4.82],[23.82,4.82],[23.57,4.72],[23.39,4.59],[23.27,4.64],[23.17,4.74],[23.02,4.75],[22.99,4.83],[22.9,4.82],[22.85,4.71],[22.79,4.72],[22.68,4.49],[22.59,4.45],[22.61,4.36],[22.54,4.23],[22.42,4.14],[22.21,4.15],[22,4.25],[21.87,4.24],[21.72,4.3],[21.54,4.25],[21.38,4.28],[21.3,4.33],[21.16,4.31],[21.08,4.39],[20.87,4.45],[20.6,4.41],[20.46,4.53],[20.46,4.6],[20.34,4.77],[20,4.97],[19.89,5],[19.83,5.1],[19.72,5.14],[19.41,5.13],[19.24,5.01],[19.2,4.95],[19.08,4.91],[19.01,4.76],[18.83,4.56],[18.72,4.38],[18.58,4.37],[18.54,4.31],[18.62,4.17],[18.65,4.05],[18.59,3.71],[18.63,3.48]]]},"properties":{"iso_a2":"CD","name":"DR Congo"}},{"type":"Feature","geometry":{"type":"Polygon","coordinates":[[[91.63,27.85],[91.62,27.95],[91.45,27.99],[91.27,28.07],[91.2,28.07],[91.09,27.97],[90.68,28.09],[90.48,28.07],[90.59,28.23],[90.26,28.34],[90.07,28.35],[89.86,28.3],[89.76,28.18],[89.56,28.14],[89.45,28.03],[89.34,27.87],[89.23,27.81],[89.13,27.63],[89.05,27.61],[88.95,27.43],[89,27.33],[88.89,27.32],[88.75,27.21],[88.94,26.91],[89,26.92],[89.13,26.81],[89.34,26.85],[89.44,26.8],[89.55,26.8],[89.69,26.73],[89.82,26.7],[90.09,26.74],[90.18,26.83],[90.38,26.89],[90.59,26.78],[90.72,26.77],[91.2,26.8],[91.28,26.77],[91.39,26.86],[91.52,26.8],[91.7,26.8],[91.8,26.85],[92.04,26.86],[92.08,26.94],[91.99,27.1],[92.09,27.3],[91.98,27.47],[91.78,27.46],[91.66,27.48],[91.6,27.55],[91.58,27.66],[91.63,27.72],[91.63,27.85]]]},"properties":{"iso_a2":"BT","name":"Bhutan"}},{"type":"Feature","geometry":{"type":"Polygon","coordinates":[[[31.76,52.1],[31.48,52.12],[31.14,52.08],[30.94,52.02],[30.66,51.82],[30.57,51.7],[30.53,51.55],[30.64,51.34],[30.56,51.24],[30.36,51.31],[30.33,51.39],[30.15,51.48],[29.74,51.44],[29.62,51.49],[29.47,51.39],[29.3,51.37],[29.15,51.62],[28.8,51.53],[28.7,51.44],[28.6,51.55],[28.35,51.53],[28.21,51.65],[28.07,51.56],[27.83,51.61],[27.71,51.57],[27.48,51.62],[27.25,51.6],[27.18,51.75],[26.86,51.75],[26.67,51.8],[26.45,51.81],[26.41,51.85],[26.18,51.86],[26.08,51.9],[25.77,51.93],[25.35,51.92],[25.18,51.95],[24.72,51.88],[24.39,51.88],[24.24,51.72],[23.98,51.59],[23.73,51.65],[23.59,51.61],[23.61,51.52],[23.7,51.4],[23.63,51.34],[23.88,51.14],[23.91,51.01],[24.13,50.87],[23.97,50.83],[24.11,50.63],[24.11,50.54],[23.98,50.41],[23.7,50.38],[23.1,49.96],[22.64,49.53],[22.74,49.28],[22.69,49.17],[22.84,49.1],[22.76,49.05],[22.54,49.07],[22.45,48.97],[22.31,48.68],[22.15,48.59],[22.13,48.41],[22.27,48.4],[22.36,48.24],[22.48,48.24],[22.6,48.1],[22.83,48.07],[22.88,47.95],[23.06,48.01],[23.12,48.09],[23.23,48.08],[23.36,47.99],[23.56,48.01],[23.98,47.96],[24.23,47.9],[24.43,47.95],[24.56,47.94],[24.79,47.8],[24.9,47.71],[25.12,47.77],[25.26,47.9],[25.75,47.94],[26.17,47.99],[26.29,48.13],[26.3,48.21],[26.62,48.26],[26.84,48.39],[27.18,48.36],[27.5,48.47],[27.75,48.45],[27.93,48.34],[28.09,48.3],[28.22,48.21],[28.29,48.24],[28.44,48.15],[28.8,48.11],[28.83,48.03],[28.98,47.93],[29.12,47.98],[29.19,47.82],[29.18,47.61],[29.12,47.53],[29.37,47.31],[29.58,47.28],[29.53,47.12],[29.6,47.05],[29.56,46.95],[29.93,46.8],[29.95,46.73],[29.92,46.52],[30.13,46.42],[30.08,46.37],[29.85,46.34],[29.73,46.46],[29.63,46.37],[29.48,46.43],[29.2,46.36],[29.16,46.54],[28.95,46.46],[28.93,46.27],[29.02,46.18],[28.93,45.99],[28.76,45.96],[28.67,45.78],[28.58,45.76],[28.47,45.66],[28.54,45.58],[28.48,45.5],[28.27,45.52],[28.2,45.46],[28.33,45.32],[28.71,45.23],[28.82,45.33],[28.97,45.32],[29.32,45.44],[29.57,45.4],[29.65,45.35],[29.66,45.22],[29.76,45.31],[29.76,45.45],[29.62,45.45],[29.6,45.69],[29.75,45.62],[29.8,45.74],[30.21,45.86],[30.49,46.08],[30.79,46.44],[30.76,46.52],[30.94,46.59],[31.19,46.63],[31.34,46.6],[31.58,46.62],[31.67,46.65],[32.02,46.63],[32.44,46.54],[32.32,46.46],[32.11,46.51],[32.06,46.39],[31.89,46.32],[32.26,46.13],[32.5,46.08],[32.77,46.14],[32.91,46.12],[33.29,46.14],[33.42,46.05],[33.63,46.13],[33.85,46.2],[34.1,46.1],[34.36,46.06],[34.47,45.96],[34.69,45.97],[34.78,45.9],[34.79,45.8],[35,45.73],[34.87,45.93],[34.81,46.17],[34.84,46.21],[35.08,46.27],[35.2,46.39],[35.34,46.34],[35.49,46.45],[35.63,46.5],[35.77,46.6],[36.06,46.67],[36.28,46.64],[36.37,46.71],[36.7,46.78],[36.83,46.73],[36.94,46.84],[37.16,46.91],[37.34,46.88],[37.48,47.04],[37.58,47.09],[37.86,47.1],[38.13,47.08],[38.22,47.1],[38.19,47.3],[38.26,47.49],[38.35,47.61],[38.56,47.63],[38.74,47.68],[38.77,47.78],[38.88,47.86],[39.09,47.83],[39.76,47.83],[39.84,48.12],[39.99,48.25],[39.82,48.31],[39.92,48.38],[39.81,48.58],[39.63,48.59],[39.78,48.89],[39.68,49.02],[39.92,49.05],[39.95,49.13],[40.14,49.25],[40.16,49.33],[40.04,49.46],[40.12,49.59],[39.97,49.6],[39.83,49.54],[39.62,49.61],[39.56,49.72],[39.33,49.73],[39.18,49.86],[38.94,49.8],[38.85,49.87],[38.34,49.99],[38.17,50.06],[38.17,49.94],[38,49.9],[37.88,50.02],[37.73,50.08],[37.59,50.22],[37.6,50.29],[37.44,50.43],[37.2,50.36],[36.91,50.34],[36.68,50.26],[36.4,50.31],[36.27,50.28],[36.11,50.42],[35.84,50.42],[35.7,50.35],[35.42,50.5],[35.38,50.62],[35.45,50.69],[35.27,51.05],[35.17,51.04],[35.1,51.18],[34.95,51.21],[34.75,51.17],[34.62,51.23],[34.28,51.3],[34.22,51.52],[34.13,51.68],[34.38,51.71],[34.39,51.82],[34.23,51.9],[34.07,52.03],[34.07,52.16],[33.8,52.36],[33.53,52.29],[33.36,52.36],[33.2,52.37],[32.93,52.25],[32.73,52.25],[32.53,52.32],[32.34,52.29],[32.31,52.14],[32.1,52.04],[31.89,52.04],[31.76,52.1]]]},"properties":{"iso_a2":"UA","name":"Ukraine"}},{"type":"Feature","geometry":{"type":"Polygon","coordinates":[[[23.61,51.52],[23.59,51.61],[23.73,51.65],[23.98,51.59],[24.24,51.72],[24.39,51.88],[24.72,51.88],[25.18,51.95],[25.35,51.92],[25.77,51.93],[26.08,51.9],[26.18,51.86],[26.41,51.85],[26.45,51.81],[26.67,51.8],[26.86,51.75],[27.18,51.75],[27.25,51.6],[27.48,51.62],[27.71,51.57],[27.83,51.61],[28.07,51.56],[28.21,51.65],[28.35,51.53],[28.6,51.55],[28.7,51.44],[28.8,51.53],[29.15,51.62],[29.3,51.37],[29.47,51.39],[29.62,51.49],[29.74,51.44],[30.15,51.48],[30.33,51.39],[30.36,51.31],[30.56,51.24],[30.64,51.34],[30.53,51.55],[30.57,51.7],[30.66,51.82],[30.94,52.02],[31.14,52.08],[31.48,52.12],[31.76,52.1],[31.61,52.35],[31.58,52.58],[31.48,52.68],[31.57,52.73],[31.51,52.85],[31.39,52.89],[31.25,53.01],[31.37,53.1],[31.38,53.18],[31.74,53.19],[31.8,53.11],[32.08,53.08],[32.21,53.1],[32.46,53.24],[32.48,53.31],[32.72,53.34],[32.72,53.44],[32.45,53.55],[32.48,53.66],[32.29,53.76],[32.08,53.81],[31.87,53.78],[31.75,53.82],[31.85,53.99],[31.75,54.09],[31.53,54.14],[31.33,54.23],[31.21,54.45],[31.07,54.49],[31.17,54.62],[30.77,54.79],[30.82,54.93],[31.01,55.04],[30.96,55.16],[30.79,55.29],[30.91,55.38],[30.91,55.57],[30.74,55.59],[30.6,55.67],[30.47,55.79],[30.22,55.86],[29.87,55.83],[29.46,55.69],[29.34,55.79],[29.38,55.95],[29.03,56.02],[28.71,55.96],[28.62,56.08],[28.39,56.09],[28.31,56.04],[28.15,56.14],[27.91,56.1],[27.65,55.92],[27.59,55.79],[27.35,55.83],[27.26,55.79],[26.98,55.83],[26.82,55.71],[26.6,55.67],[26.45,55.34],[26.77,55.3],[26.58,55.12],[26.31,55.15],[26.14,54.97],[25.91,54.95],[25.72,54.78],[25.74,54.57],[25.65,54.52],[25.53,54.35],[25.68,54.33],[25.79,54.23],[25.74,54.15],[25.49,54.16],[25.55,54.23],[25.19,54.24],[25.07,54.13],[24.86,54.15],[24.78,54.09],[24.81,53.98],[24.58,53.98],[24.38,53.89],[24.2,53.95],[23.92,53.95],[23.64,53.9],[23.49,53.94],[23.59,53.61],[23.78,53.27],[23.89,53.15],[23.92,52.74],[23.87,52.67],[23.57,52.59],[23.39,52.51],[23.17,52.29],[23.21,52.23],[23.45,52.18],[23.64,52.08],[23.68,51.99],[23.56,51.76],[23.54,51.61],[23.61,51.52]]]},"properties":{"iso_a2":"BY","name":"Belarus"}},{"type":"Feature","geometry":{"type":"Polygon","coordinates":[[[16.49,-28.57],[16.67,-28.46],[16.77,-28.44],[16.77,-28.3],[16.89,-28.16],[16.89,-28.08],[17.1,-28.03],[17.19,-28.12],[17.19,-28.21],[17.35,-28.23],[17.4,-28.37],[17.32,-28.47],[17.42,-28.59],[17.4,-28.7],[17.58,-28.68],[17.61,-28.76],[17.75,-28.75],[17.91,-28.78],[18.17,-28.9],[18.75,-28.84],[18.95,-28.87],[19.12,-28.96],[19.29,-28.87],[19.28,-28.73],[19.43,-28.71],[19.59,-28.52],[19.83,-28.48],[19.98,-28.42],[19.98,-27.79],[19.98,-26.61],[19.98,-25.77],[19.98,-24.75],[19.98,-23.55],[19.98,-22.69],[19.98,-22],[20.97,-22],[20.99,-21.96],[20.98,-21],[20.98,-19.75],[20.98,-19],[20.98,-18.32],[21.48,-18.3],[22.47,-18.11],[22.98,-18.02],[23.31,-18],[23.36,-18.12],[23.5,-18.24],[23.58,-18.47],[23.72,-18.42],[23.86,-18.28],[24.18,-18.03],[24.3,-18.03],[24.42,-17.96],[24.51,-18.06],[24.58,-18.04],[24.73,-17.9],[24.96,-17.8],[25.06,-17.83],[25.15,-17.78],[25.26,-17.79],[24.96,-17.55],[24.68,-17.49],[24.58,-17.53],[24.39,-17.47],[24.19,-17.48],[23.38,-17.64],[22.23,-17.86],[21.38,-18.01],[21.22,-17.93],[21.09,-17.94],[20.81,-18.03],[20.74,-17.99],[20.57,-17.98],[20.34,-17.85],[20.03,-17.9],[19.95,-17.86],[19.69,-17.85],[19.42,-17.86],[19.17,-17.8],[19.02,-17.82],[18.76,-17.75],[18.55,-17.53],[18.45,-17.39],[17.11,-17.39],[16.08,-17.39],[15.31,-17.39],[14.21,-17.39],[14.1,-17.42],[13.94,-17.41],[13.88,-17.34],[13.69,-17.24],[13.53,-17.09],[13.48,-17.01],[13.36,-16.96],[13.27,-16.98],[13.17,-16.95],[12.89,-17.03],[12.82,-17.1],[12.56,-17.24],[12.24,-17.23],[12.09,-17.14],[11.77,-17.25],[11.72,-17.55],[11.8,-17.96],[11.85,-18.14],[11.94,-18.23],[12.03,-18.5],[12.29,-18.7],[12.45,-18.9],[12.47,-19],[12.55,-19.07],[12.68,-19.31],[12.71,-19.41],[13.01,-19.93],[13.07,-20.11],[13.16,-20.15],[13.21,-20.27],[13.26,-20.48],[13.35,-20.64],[13.39,-20.82],[13.6,-21.16],[13.83,-21.46],[13.88,-21.59],[13.96,-21.7],[13.97,-21.79],[14.14,-21.95],[14.39,-22.28],[14.51,-22.55],[14.53,-22.68],[14.52,-22.92],[14.41,-22.96],[14.49,-23.31],[14.43,-23.41],[14.5,-23.58],[14.5,-23.93],[14.46,-24.01],[14.47,-24.16],[14.61,-24.45],[14.6,-24.56],[14.78,-24.8],[14.85,-25.06],[14.8,-25.26],[14.88,-25.58],[14.84,-25.76],[14.98,-26.06],[14.97,-26.33],[15.13,-26.46],[15.17,-26.6],[15.08,-26.69],[15.18,-26.92],[15.23,-26.96],[15.3,-27.32],[15.52,-27.63],[15.55,-27.75],[15.65,-27.84],[15.68,-27.95],[15.91,-28.17],[16.04,-28.26],[16.35,-28.56],[16.49,-28.57]]]},"properties":{"iso_a2":"NA","name":"Namibia"}},{"type":"Feature","geometry":{"type":"MultiPolygon","coordinates":[[[[19.98,-24.75],[19.98,-25.77],[19.98,-26.61],[19.98,-27.79],[19.98,-28.42],[19.83,-28.48],[19.59,-28.52],[19.43,-28.71],[19.28,-28.73],[19.29,-28.87],[19.12,-28.96],[18.95,-28.87],[18.75,-28.84],[18.17,-28.9],[17.91,-28.78],[17.75,-28.75],[17.61,-28.76],[17.58,-28.68],[17.4,-28.7],[17.42,-28.59],[17.32,-28.47],[17.4,-28.37],[17.35,-28.23],[17.19,-28.21],[17.19,-28.12],[17.1,-28.03],[16.89,-28.08],[16.89,-28.16],[16.77,-28.3],[16.77,-28.44],[16.67,-28.46],[16.49,-28.57],[16.47,-28.62],[16.58,-28.74],[16.6,-28.86],[16.81,-29.08],[16.84,-29.21],[16.93,-29.36],[17.06,-29.68],[17.1,-29.88],[17.17,-30.01],[17.28,-30.35],[17.54,-30.75],[17.56,-30.84],[17.89,-31.34],[18.17,-31.66],[18.28,-31.89],[18.35,-32.26],[18.32,-32.34],[18.33,-32.49],[18.27,-32.65],[18.08,-32.78],[17.97,-32.7],[17.84,-32.82],[17.91,-33.05],[18.04,-33.05],[17.99,-33.15],[18.08,-33.2],[18.15,-33.36],[18.31,-33.48],[18.32,-33.57],[18.43,-33.7],[18.48,-33.9],[18.37,-33.92],[18.32,-34.03],[18.32,-34.16],[18.45,-34.14],[18.56,-34.07],[18.82,-34.1],[18.84,-34.25],[18.81,-34.36],[19.09,-34.34],[19.12,-34.4],[19.3,-34.42],[19.4,-34.6],[19.64,-34.77],[19.86,-34.75],[19.95,-34.81],[20.38,-34.57],[20.52,-34.45],[20.66,-34.44],[20.96,-34.36],[21.26,-34.42],[21.52,-34.35],[21.7,-34.39],[21.9,-34.34],[21.92,-34.25],[22.11,-34.19],[22.19,-34.08],[22.41,-34.07],[22.63,-34],[22.94,-34.08],[23.41,-34.11],[23.43,-34.01],[23.64,-33.98],[23.98,-34.04],[24.16,-34.05],[24.38,-34.11],[24.48,-34.16],[24.86,-34.19],[24.95,-33.98],[25.19,-33.96],[25.41,-34.03],[25.6,-34.05],[25.68,-33.79],[25.96,-33.71],[26.29,-33.77],[26.52,-33.76],[26.65,-33.69],[27.11,-33.52],[27.38,-33.36],[27.73,-33.11],[27.9,-33.04],[28.21,-32.77],[28.55,-32.56],[28.58,-32.51],[28.87,-32.29],[29.1,-32.05],[29.15,-31.97],[29.39,-31.74],[29.54,-31.64],[29.79,-31.43],[29.86,-31.41],[30.01,-31.29],[30.39,-30.85],[30.92,-30.02],[31.05,-29.91],[31.06,-29.79],[31.19,-29.56],[31.49,-29.21],[31.75,-28.97],[32.01,-28.87],[32.39,-28.53],[32.42,-28.38],[32.55,-28.17],[32.59,-27.89],[32.68,-27.52],[32.84,-27.12],[32.89,-26.85],[32.35,-26.86],[32.11,-26.84],[31.99,-26.84],[31.94,-27.1],[31.97,-27.32],[31.53,-27.31],[31.16,-27.21],[30.98,-27.03],[30.96,-26.89],[30.79,-26.72],[30.78,-26.47],[30.81,-26.4],[30.97,-26.21],[31.12,-25.91],[31.31,-25.76],[31.43,-25.74],[31.84,-25.98],[31.95,-25.96],[31.91,-25.78],[32,-25.61],[31.97,-25.48],[31.99,-25.37],[31.99,-24.42],[31.87,-24.16],[31.84,-23.92],[31.74,-23.84],[31.64,-23.59],[31.52,-23.42],[31.54,-23.16],[31.28,-22.41],[31.29,-22.4],[31.15,-22.32],[31.11,-22.33],[30.84,-22.28],[30.63,-22.33],[30.51,-22.31],[30.3,-22.34],[30.14,-22.29],[29.78,-22.14],[29.66,-22.13],[29.35,-22.19],[29.22,-22.18],[29.05,-22.22],[28.96,-22.31],[28.91,-22.45],[28.62,-22.56],[28.34,-22.58],[28.2,-22.67],[28.02,-22.93],[27.94,-22.96],[27.9,-23.08],[27.7,-23.19],[27.61,-23.22],[27.56,-23.34],[27.35,-23.39],[27.28,-23.46],[27,-23.65],[26.87,-24.12],[26.85,-24.25],[26.71,-24.32],[26.51,-24.49],[26.4,-24.63],[26.28,-24.63],[25.87,-24.75],[25.88,-24.89],[25.84,-25.02],[25.7,-25.31],[25.59,-25.62],[25.39,-25.74],[25.18,-25.76],[25.05,-25.74],[24.8,-25.83],[24.63,-25.82],[24.46,-25.74],[24.34,-25.75],[24.23,-25.65],[23.93,-25.63],[23.74,-25.47],[23.69,-25.45],[23.45,-25.28],[23.27,-25.26],[23.07,-25.33],[23.01,-25.31],[22.85,-25.48],[22.8,-25.69],[22.75,-25.75],[22.72,-25.98],[22.55,-26.21],[22.45,-26.21],[22.34,-26.32],[22.26,-26.34],[22.06,-26.62],[21.94,-26.66],[21.78,-26.68],[21.76,-26.8],[21.69,-26.85],[21.38,-26.82],[21.12,-26.86],[20.85,-26.81],[20.69,-26.88],[20.63,-26.79],[20.61,-26.55],[20.62,-26.43],[20.75,-26.28],[20.84,-26.13],[20.8,-26.07],[20.79,-25.89],[20.64,-25.61],[20.66,-25.56],[20.59,-25.4],[20.54,-25.38],[20.36,-25.03],[20.11,-24.88],[19.98,-24.75]],[[28.98,-28.91],[29.04,-28.92],[29.21,-29.07],[29.31,-29.09],[29.44,-29.34],[29.4,-29.43],[29.3,-29.47],[29.28,-29.61],[29.16,-29.67],[29.11,-29.83],[29.15,-29.91],[28.86,-30.07],[28.64,-30.13],[28.52,-30.12],[28.36,-30.16],[28.22,-30.27],[28.22,-30.39],[28.06,-30.65],[27.71,-30.58],[27.46,-30.32],[27.37,-30.29],[27.27,-30.03],[27.2,-29.98],[27.02,-29.63],[27.24,-29.55],[27.42,-29.4],[27.45,-29.29],[27.67,-29.07],[27.75,-28.91],[27.86,-28.91],[28.02,-28.86],[28.16,-28.7],[28.32,-28.7],[28.4,-28.62],[28.67,-28.6],[28.7,-28.69],[28.86,-28.77],[28.98,-28.91]]],[[[37.66,-46.83],[37.62,-46.95],[37.78,-46.96],[37.82,-46.84],[37.66,-46.83]]]]},"properties":{"iso_a2":"ZA","name":"South Africa"}},{"type":"Feature","geometry":{"type":"Polygon","coordinates":[[[-63.02,18.03],[-63.02,18.12],[-63.11,18.06],[-63.02,18.03]]]},"properties":{"iso_a2":"MF","name":"French St Martin"}},{"type":"Feature","geometry":{"type":"Polygon","coordinates":[[[-63.11,18.06],[-63.1,18.04],[-63.02,18.03],[-63.11,18.06]]]},"properties":{"iso_a2":"SX","name":"Dutch St Maarten"}},{"type":"Feature","geometry":{"type":"MultiPolygon","coordinates":[[[[56.08,26.06],[56.18,26.02],[56.15,25.67],[56.28,25.63],[56.29,25.74],[56.36,25.81],[56.41,25.94],[56.38,26.1],[56.47,26.21],[56.32,26.31],[56.31,26.22],[56.18,26.25],[56.08,26.06]]],[[[56.38,24.98],[56.12,24.74],[56.03,24.75],[56.01,24.96],[55.94,24.98],[55.79,24.86],[55.82,24.64],[55.76,24.56],[55.81,24.34],[55.75,24.25],[55.93,24.22],[56,24.08],[55.81,24.01],[55.65,24.03],[55.46,23.96],[55.53,23.88],[55.54,23.77],[55.45,23.55],[55.38,23.47],[55.32,23.28],[55.23,23.12],[55.19,23],[55.19,22.7],[55.63,22.02],[55.64,21.98],[55.46,21.44],[55.2,20.65],[54.98,20],[54.32,19.77],[53.63,19.55],[52.95,19.32],[51.98,19],[52.31,18.24],[52.74,17.29],[52.8,17.27],[53.09,16.64],[53.34,16.74],[53.58,16.75],[53.83,16.89],[53.98,16.91],[54.09,17.01],[54.39,17.04],[54.67,17.02],[54.81,16.95],[55.03,17.01],[55.26,17.23],[55.3,17.42],[55.23,17.52],[55.26,17.61],[55.36,17.68],[55.45,17.84],[55.65,17.9],[55.91,17.91],[56.19,17.96],[56.35,17.94],[56.46,18.08],[56.56,18.15],[56.66,18.6],[56.79,18.73],[56.92,18.81],[57.21,18.91],[57.5,18.95],[57.71,18.94],[57.84,19.02],[57.81,19.16],[57.75,19.27],[57.77,19.41],[57.7,19.55],[57.7,19.75],[57.76,19.84],[57.85,20.11],[57.86,20.26],[57.97,20.33],[57.99,20.44],[58.08,20.56],[58.18,20.61],[58.26,20.56],[58.2,20.41],[58.42,20.36],[58.52,20.42],[58.59,20.64],[58.65,20.71],[58.68,20.83],[58.79,20.93],[58.92,21.14],[59.17,21.36],[59.34,21.44],[59.45,21.63],[59.5,21.76],[59.65,21.93],[59.69,22.08],[59.79,22.2],[59.85,22.45],[59.8,22.54],[59.53,22.59],[59.3,22.79],[59.21,22.97],[59.09,23.05],[58.92,23.34],[58.81,23.42],[58.79,23.51],[58.49,23.66],[58.41,23.62],[58.04,23.73],[57.91,23.72],[57.8,23.78],[57.65,23.79],[57.18,23.93],[56.94,24.12],[56.8,24.3],[56.61,24.5],[56.49,24.7],[56.38,24.98]]],[[[58.91,20.63],[58.81,20.55],[58.78,20.47],[58.64,20.36],[58.64,20.22],[58.72,20.22],[58.79,20.29],[58.84,20.44],[58.95,20.51],[58.91,20.63]]]]},"properties":{"iso_a2":"OM","name":"Oman"}},{"type":"Feature","geometry":{"type":"MultiPolygon","coordinates":[[[[70.96,40.24],[71.36,40.29],[71.67,40.15],[72.1,40.43],[72.24,40.46],[72.39,40.39],[72.45,40.56],[72.59,40.51],[72.75,40.58],[72.78,40.67],[73.12,40.78],[73,40.87],[72.62,40.88],[72.48,41.01],[72.19,41.04],[72.17,41.17],[72.03,41.16],[71.87,41.19],[71.85,41.34],[71.75,41.45],[71.63,41.41],[71.52,41.3],[71.41,41.34],[71.42,41.16],[71.24,41.18],[71.19,41.13],[71.03,41.19],[70.91,41.19],[70.76,41.27],[70.76,41.37],[70.63,41.47],[70.45,41.41],[70.34,41.49],[70.2,41.51],[70.17,41.58],[70.45,41.71],[70.55,41.82],[70.68,41.9],[70.83,41.94],[70.85,42.03],[70.98,42.04],[71.22,42.21],[71.08,42.28],[70.95,42.25],[70.73,42.2],[70.61,42.03],[70.46,42.09],[70.32,42.04],[70.14,41.85],[69.91,41.71],[69.63,41.67],[69.33,41.48],[69.04,41.38],[69.04,41.22],[68.75,41.06],[68.71,40.98],[68.57,40.91],[68.56,40.75],[68.63,40.67],[68.59,40.6],[68.46,40.59],[68.23,40.68],[68.07,40.79],[68.12,41.03],[68.02,41.06],[67.94,41.2],[67.75,41.18],[66.82,41.14],[66.69,41.2],[66.54,41.74],[66.5,41.99],[66.02,42],[66.01,42.4],[66.05,42.44],[66.1,42.99],[65.8,42.88],[65.52,43.3],[65.27,43.42],[64.96,43.7],[64.86,43.71],[64.43,43.55],[63.21,43.63],[62.03,43.48],[61.99,43.49],[61.16,44.17],[61.04,44.38],[60.45,44.66],[59.48,45.12],[58.58,45.55],[58.53,45.56],[57.48,45.34],[55.98,45],[55.98,44.08],[55.98,43.62],[55.98,42.7],[55.98,42.24],[55.98,41.32],[56.79,41.29],[57.01,41.25],[57.15,41.37],[57.03,41.44],[56.96,41.65],[56.95,41.87],[57.12,41.95],[57.21,42.07],[57.38,42.16],[57.62,42.15],[57.85,42.19],[58,42.49],[58.23,42.47],[58.31,42.53],[58.15,42.59],[58.28,42.69],[58.49,42.65],[58.61,42.78],[58.89,42.55],[59.12,42.54],[59.21,42.48],[59.25,42.37],[59.48,42.29],[59.87,42.3],[60.03,42.2],[59.97,42.1],[59.98,41.95],[60.23,41.82],[60.05,41.75],[60.16,41.6],[60.07,41.51],[60.09,41.39],[60.42,41.24],[60.54,41.21],[60.86,41.25],[60.98,41.2],[61.1,41.22],[61.32,41.17],[61.41,41.29],[61.65,41.25],[61.88,41.13],[61.97,41.02],[62.05,40.72],[62.19,40.5],[62.34,40.44],[62.44,40.19],[62.45,40.01],[62.59,39.89],[63.48,39.4],[63.71,39.19],[64.12,38.96],[64.34,38.97],[64.42,38.88],[64.64,38.74],[64.98,38.61],[65.21,38.45],[65.6,38.24],[65.74,38.22],[65.88,38.27],[66.23,38.15],[66.31,38.08],[66.55,38.03],[66.65,37.95],[66.52,37.78],[66.49,37.52],[66.52,37.36],[67.01,37.38],[67.24,37.19],[67.65,37.25],[67.78,37.19],[67.82,37.3],[67.8,37.42],[67.83,37.53],[68.08,37.81],[68.12,37.91],[68.25,37.95],[68.36,38.17],[68.33,38.24],[68.18,38.34],[68.06,38.54],[68.05,38.71],[68.17,38.85],[68.09,38.99],[67.85,38.97],[67.69,38.99],[67.68,39.11],[67.58,39.16],[67.38,39.2],[67.43,39.48],[67.51,39.55],[67.77,39.62],[68.11,39.55],[68.34,39.53],[68.52,39.55],[68.61,39.67],[68.62,39.83],[68.88,39.9],[68.79,39.99],[68.93,40.15],[68.69,40.11],[68.6,40.17],[69.02,40.23],[69.2,40.18],[69.29,40.22],[69.31,40.34],[69.2,40.55],[69.31,40.61],[69.31,40.73],[69.44,40.8],[69.66,40.64],[69.83,40.71],[70.01,40.76],[70.28,40.88],[70.36,41.03],[70.45,41.03],[70.7,40.82],[70.76,40.7],[70.35,40.46],[70.37,40.37],[70.5,40.35],[70.58,40.22],[70.71,40.2],[70.96,40.24]]],[[[71.18,40.04],[70.98,40.15],[70.95,40.08],[71.11,39.87],[71.19,39.89],[71.18,40.04]]]]},"properties":{"iso_a2":"UZ","name":"Uzbekistan"}},{"type":"Feature","geometry":{"type":"Polygon","coordinates":[[[87.32,49.09],[87.22,49.23],[87.08,49.24],[86.91,49.35],[86.82,49.51],[86.59,49.59],[86.78,49.7],[86.76,49.77],[86.61,49.8],[86.48,49.68],[86.11,49.52],[85.93,49.49],[85.83,49.54],[85.38,49.62],[85.26,49.58],[85.03,49.89],[84.96,49.91],[84.98,50.08],[84.72,50.14],[84.44,50.25],[84.24,50.28],[84.2,50.49],[84.1,50.63],[83.98,50.69],[83.95,50.78],[83.8,50.88],[83.5,50.95],[83.43,50.99],[83.11,50.99],[82.98,50.88],[82.77,50.91],[82.7,50.81],[82.48,50.71],[82.41,50.75],[82.07,50.72],[81.99,50.76],[81.76,50.78],[81.67,50.74],[81.46,50.73],[81.4,50.96],[81.06,50.95],[81.16,51.17],[80.94,51.21],[80.68,51.3],[80.6,51.21],[80.43,51.2],[80.44,50.96],[80.27,50.92],[80.12,50.82],[79.99,50.79],[79.47,51.49],[79.04,51.99],[78.48,52.64],[77.87,53.27],[77.61,53.44],[76.53,53.96],[76.37,54.15],[76.67,54.13],[76.84,54.3],[76.81,54.41],[76.43,54.32],[76.23,54.35],[76.18,54.25],[75.64,54.1],[75.46,54.1],[75.43,53.99],[75.03,53.81],[74.77,53.83],[74.62,53.68],[74.45,53.69],[74.41,53.48],[74.27,53.52],[74.21,53.6],[73.87,53.63],[73.65,53.61],[73.42,53.43],[73.39,53.52],[73.23,53.57],[73.23,53.66],[73.49,53.88],[73.7,53.9],[73.74,54.06],[73.59,54.07],[73.52,53.96],[73.36,53.94],[73.06,53.98],[72.96,54.12],[72.62,54.14],[72.67,53.95],[72.42,54.02],[72.3,54.18],[72.33,54.22],[72.19,54.36],[72.07,54.22],[71.76,54.25],[71.71,54.13],[71.48,54.11],[71.32,54.2],[71.18,54.1],[71.04,54.19],[70.98,54.33],[71.19,54.32],[71.14,54.56],[71.25,54.63],[71.2,54.72],[71.01,54.77],[70.95,54.87],[70.98,55.08],[70.67,55.31],[70.46,55.29],[70.37,55.2],[70.2,55.13],[69.94,55.2],[69.67,55.33],[69.33,55.39],[69.19,55.33],[68.72,55.35],[68.62,55.21],[68.26,55.19],[68.31,55.07],[68.17,54.96],[67.82,54.95],[67.62,54.85],[67.28,54.85],[67.21,54.8],[66.78,54.76],[66.7,54.72],[66.45,54.71],[65.98,54.61],[65.83,54.67],[65.71,54.6],[65.48,54.63],[65.43,54.55],[65.21,54.53],[65.21,54.34],[65.1,54.31],[64.91,54.4],[64.72,54.33],[64.58,54.39],[63.98,54.3],[63.86,54.2],[63.71,54.25],[63.33,54.16],[63.12,54.17],[63.09,54.09],[62.67,54.08],[62.5,53.88],[62.39,53.94],[62.41,54.03],[61.78,54],[61.48,54],[61.31,54.06],[61.19,54.02],[61.07,53.88],[61.2,53.82],[61.01,53.64],[61.28,53.54],[61.5,53.59],[61.56,53.51],[61.41,53.44],[61.22,53.49],[61.14,53.37],[61.2,53.28],[61.48,53.22],[61.64,53.24],[61.76,53.17],[62.05,53.13],[62.09,52.99],[61.92,52.94],[61.82,52.98],[61.61,52.95],[61.45,53.02],[61.19,53.01],[60.83,52.77],[60.7,52.74],[60.8,52.63],[60.83,52.51],[60.95,52.48],[61.04,52.34],[60.67,52.14],[60.51,52.15],[60.2,51.99],[60.14,51.89],[60.45,51.81],[60.38,51.66],[60.52,51.62],[60.92,51.61],[61.04,51.48],[61.36,51.46],[61.47,51.43],[61.59,51.28],[61.51,51.16],[61.43,50.83],[61.37,50.78],[60.72,50.65],[60.3,50.69],[60.18,50.74],[60.14,50.84],[60.02,50.85],[59.92,50.69],[59.78,50.53],[59.52,50.48],[59.44,50.63],[59.29,50.62],[59.2,50.66],[58.93,50.68],[58.66,50.79],[58.55,50.93],[58.6,51.02],[58.4,51.06],[58.31,51.15],[58.19,51.07],[57.96,51.08],[57.77,51.12],[57.74,50.94],[57.33,50.9],[57.17,51.09],[56.87,51.05],[56.51,51.07],[56.29,50.88],[56.18,50.91],[56.08,50.73],[55.66,50.53],[55.49,50.65],[55.31,50.67],[55.08,50.8],[55.05,50.88],[54.89,50.91],[54.64,51.03],[54.5,50.93],[54.64,50.89],[54.68,50.6],[54.5,50.52],[54.38,50.6],[54.48,50.85],[54.28,50.9],[54.15,50.99],[54.11,51.1],[53.94,51.19],[53.67,51.22],[53.59,51.29],[53.61,51.39],[53.41,51.48],[53.19,51.51],[52.96,51.46],[52.79,51.51],[52.53,51.47],[52.34,51.76],[52.09,51.66],[51.9,51.68],[51.77,51.59],[51.78,51.49],[51.65,51.45],[51.3,51.47],[51.37,51.63],[51.23,51.69],[50.93,51.68],[50.8,51.63],[50.58,51.64],[50.52,51.46],[50.38,51.42],[50.33,51.3],[49.99,51.23],[49.78,51.1],[49.42,51.1],[49.35,50.96],[49.42,50.88],[49.28,50.8],[49.14,50.78],[48.83,50.6],[48.67,50.58],[48.7,50.34],[48.89,50.02],[48.79,49.93],[48.42,49.81],[48.24,49.87],[47.99,50.18],[47.63,50.44],[47.47,50.41],[47.3,50.28],[47.27,50.19],[47.33,50.07],[47.18,49.95],[46.96,49.88],[46.9,49.82],[46.78,49.33],[47.03,49.2],[47.02,49.1],[46.93,49],[46.75,48.91],[46.48,48.41],[47.08,48.28],[47.1,48.1],[47.05,47.98],[47.16,47.87],[47.17,47.77],[47.36,47.68],[47.44,47.83],[47.65,47.77],[48.04,47.77],[48.17,47.71],[48.36,47.49],[48.53,47.41],[48.7,47.1],[49.01,46.77],[48.92,46.7],[48.76,46.68],[48.68,46.76],[48.56,46.76],[48.47,46.66],[48.57,46.56],[48.71,46.55],[48.9,46.48],[49.23,46.33],[49.3,46.47],[49.64,46.58],[49.82,46.54],[50.03,46.64],[50.17,46.75],[50.38,46.82],[50.44,46.9],[50.61,46.87],[50.97,47.06],[51.19,47.12],[51.5,47.06],[51.76,46.92],[52,46.89],[52.11,46.81],[52.24,46.81],[52.46,47],[52.62,46.95],[52.94,46.95],[53.08,46.85],[53.11,46.74],[53.19,46.72],[53.1,46.57],[53.08,46.44],[53.16,46.34],[53.09,46.02],[52.95,45.83],[52.75,45.64],[52.74,45.53],[53.14,45.38],[53.11,45.3],[52.91,45.31],[52.57,45.4],[52.4,45.41],[51.96,45.37],[51.79,45.41],[51.59,45.35],[51.4,45.33],[51.24,45.16],[51.24,45.1],[51.08,45.01],[50.96,44.98],[50.97,44.85],[51.2,44.74],[51.32,44.6],[51.23,44.5],[51.12,44.49],[50.9,44.62],[50.5,44.63],[50.3,44.66],[50.23,44.57],[50.23,44.39],[50.35,44.31],[50.7,44.26],[50.85,44.19],[50.86,44.07],[50.98,43.92],[51.02,43.8],[51.14,43.63],[51.27,43.56],[51.32,43.44],[51.27,43.19],[51.37,43.15],[51.65,43.19],[51.84,42.91],[51.93,42.84],[52.17,42.89],[52.27,42.8],[52.36,42.83],[52.57,42.8],[52.71,42.73],[52.75,42.66],[52.6,42.35],[52.4,42.09],[52.49,41.94],[52.44,41.75],[52.77,41.99],[52.98,42.13],[53.41,42.26],[54.05,42.35],[54.2,42.32],[54.74,42.05],[54.91,41.93],[54.95,41.8],[55.23,41.47],[55.36,41.39],[55.43,41.29],[55.64,41.26],[55.88,41.33],[55.98,41.32],[55.98,42.24],[55.98,42.7],[55.98,43.62],[55.98,44.08],[55.98,45],[57.48,45.34],[58.53,45.56],[58.58,45.55],[59.48,45.12],[60.45,44.66],[61.04,44.38],[61.16,44.17],[61.99,43.49],[62.03,43.48],[63.21,43.63],[64.43,43.55],[64.86,43.71],[64.96,43.7],[65.27,43.42],[65.52,43.3],[65.8,42.88],[66.1,42.99],[66.05,42.44],[66.01,42.4],[66.02,42],[66.5,41.99],[66.54,41.74],[66.69,41.2],[66.82,41.14],[67.75,41.18],[67.94,41.2],[68.02,41.06],[68.12,41.03],[68.07,40.79],[68.23,40.68],[68.46,40.59],[68.59,40.6],[68.63,40.67],[68.56,40.75],[68.57,40.91],[68.71,40.98],[68.75,41.06],[69.04,41.22],[69.04,41.38],[69.33,41.48],[69.63,41.67],[69.91,41.71],[70.14,41.85],[70.32,42.04],[70.46,42.09],[70.61,42.03],[70.73,42.2],[70.95,42.25],[70.86,42.29],[70.94,42.39],[71,42.56],[71.13,42.59],[71.16,42.69],[71.41,42.8],[71.58,42.76],[71.85,42.83],[72.11,42.75],[72.29,42.76],[72.48,42.68],[72.73,42.65],[72.84,42.56],[73.11,42.55],[73.32,42.49],[73.33,42.43],[73.51,42.42],[73.41,42.59],[73.5,42.79],[73.49,42.88],[73.56,43.02],[73.63,43.06],[74.04,43.18],[74.26,43.22],[74.56,43.12],[74.71,43],[74.86,42.98],[75.18,42.85],[75.62,42.81],[75.77,42.93],[75.86,42.94],[76.25,42.92],[76.4,42.89],[76.69,42.91],[76.96,42.99],[77.16,42.92],[77.91,42.89],[78.03,42.86],[78.29,42.85],[78.43,42.88],[78.69,42.81],[79.03,42.76],[79.15,42.79],[79.24,42.63],[79.35,42.58],[79.48,42.45],[79.7,42.46],[79.92,42.42],[80.21,42.19],[80.27,42.24],[80.14,42.62],[80.23,42.79],[80.55,42.88],[80.41,42.96],[80.37,43.03],[80.62,43.13],[80.79,43.13],[80.74,43.29],[80.64,43.33],[80.71,43.46],[80.48,43.91],[80.35,44.1],[80.37,44.27],[80.33,44.42],[80.38,44.67],[80.48,44.74],[80.22,44.82],[79.99,44.79],[79.86,44.9],[80.06,45.02],[80.36,45.04],[80.43,45.09],[80.7,45.14],[80.85,45.13],[81.14,45.21],[81.74,45.34],[81.81,45.19],[81.95,45.14],[82.3,45.23],[82.43,45.14],[82.54,45.12],[82.63,45.34],[82.62,45.44],[82.36,45.48],[82.29,45.53],[82.37,45.73],[82.49,45.9],[82.57,46.2],[82.67,46.33],[82.84,46.73],[82.99,46.94],[83.02,47.21],[83.15,47.21],[83.52,47.07],[83.91,46.97],[84.16,46.99],[84.66,46.98],[84.77,46.82],[84.92,46.85],[85.21,47.03],[85.5,47.05],[85.56,47.18],[85.66,47.21],[85.67,47.38],[85.58,47.52],[85.6,47.62],[85.52,47.92],[85.59,48.14],[85.72,48.36],[85.78,48.41],[86.19,48.42],[86.31,48.48],[86.57,48.53],[86.75,48.7],[86.79,48.84],[86.72,48.91],[86.84,49.09],[87.12,49.13],[87.32,49.09]],[[63.38,45.57],[63.21,45.58],[62.97,45.69],[62.85,45.82],[62.8,45.94],[62.85,46.14],[63.01,46.3],[63.21,46.37],[63.44,46.39],[63.66,46.34],[63.9,46.18],[63.96,46.02],[63.94,45.86],[63.83,45.72],[63.56,45.58],[63.38,45.57]]]},"properties":{"iso_a2":"KZ","name":"Kazakhstan"}},{"type":"Feature","geometry":{"type":"MultiPolygon","coordinates":[[[[70.96,40.24],[70.71,40.2],[70.58,40.22],[70.5,40.35],[70.37,40.37],[70.35,40.46],[70.76,40.7],[70.7,40.82],[70.45,41.03],[70.36,41.03],[70.28,40.88],[70.01,40.76],[69.83,40.71],[69.66,40.64],[69.44,40.8],[69.31,40.73],[69.31,40.61],[69.2,40.55],[69.31,40.34],[69.29,40.22],[69.2,40.18],[69.02,40.23],[68.6,40.17],[68.69,40.11],[68.93,40.15],[68.79,39.99],[68.88,39.9],[68.62,39.83],[68.61,39.67],[68.52,39.55],[68.34,39.53],[68.11,39.55],[67.77,39.62],[67.51,39.55],[67.43,39.48],[67.38,39.2],[67.58,39.16],[67.68,39.11],[67.69,38.99],[67.85,38.97],[68.09,38.99],[68.17,38.85],[68.05,38.71],[68.06,38.54],[68.18,38.34],[68.33,38.24],[68.36,38.17],[68.25,37.95],[68.12,37.91],[68.08,37.81],[67.83,37.53],[67.8,37.42],[67.82,37.3],[67.78,37.19],[67.79,37.1],[67.88,37.06],[68.01,36.93],[68.19,37.02],[68.28,37.01],[68.31,37.11],[68.63,37.21],[68.67,37.28],[68.83,37.26],[68.9,37.34],[69.01,37.31],[69.12,37.17],[69.25,37.1],[69.32,37.12],[69.44,37.24],[69.39,37.34],[69.38,37.45],[69.53,37.59],[69.8,37.58],[69.9,37.62],[70,37.55],[70.13,37.53],[70.25,37.63],[70.28,37.71],[70.24,37.83],[70.17,37.89],[70.48,38.14],[70.6,38.34],[70.76,38.44],[70.94,38.43],[70.99,38.47],[71.22,38.33],[71.33,38.28],[71.36,38.21],[71.26,37.95],[71.34,37.89],[71.5,37.95],[71.6,37.9],[71.5,37.57],[71.49,37.27],[71.43,37.07],[71.46,36.95],[71.61,36.71],[71.84,36.7],[72.26,36.97],[72.41,37.01],[72.66,37.03],[72.83,37.24],[73.09,37.33],[73.3,37.47],[73.49,37.48],[73.75,37.43],[73.75,37.35],[73.62,37.23],[73.8,37.23],[74.16,37.33],[74.22,37.4],[74.66,37.39],[74.79,37.33],[74.89,37.23],[75.07,37.31],[75.16,37.4],[74.89,37.6],[74.96,37.76],[74.88,37.84],[74.89,37.99],[74.79,38.08],[74.77,38.29],[74.84,38.4],[74.78,38.51],[74.33,38.67],[74.14,38.67],[73.93,38.53],[73.8,38.6],[73.68,38.85],[73.82,38.99],[73.7,39.08],[73.6,39.24],[73.63,39.45],[73.48,39.47],[73.33,39.39],[73.17,39.35],[72.83,39.36],[72.65,39.39],[72.58,39.36],[72.32,39.33],[72.2,39.24],[72.1,39.28],[72.05,39.37],[71.84,39.28],[71.71,39.34],[71.74,39.45],[71.51,39.46],[71.53,39.55],[71.46,39.61],[71.24,39.51],[71.06,39.5],[71.01,39.41],[70.8,39.39],[70.7,39.42],[70.62,39.56],[70.46,39.6],[70.24,39.52],[70.02,39.57],[69.83,39.54],[69.67,39.58],[69.41,39.53],[69.29,39.54],[69.29,39.66],[69.23,39.75],[69.31,39.99],[69.41,39.9],[69.5,39.92],[69.46,40.03],[69.58,40.1],[69.97,40.21],[70.15,40.14],[70.63,39.99],[70.64,40.09],[70.96,40.24]]],[[[70.5,39.88],[70.58,39.77],[70.71,39.82],[70.5,39.88]]]]},"properties":{"iso_a2":"TJ","name":"Tajikistan"}},{"type":"Feature","geometry":{"type":"Polygon","coordinates":[[[26.6,55.67],[26.28,55.74],[26.18,55.85],[25.71,56.08],[25.66,56.14],[25.11,56.18],[24.98,56.29],[24.89,56.44],[24.64,56.36],[24.45,56.26],[24.29,56.3],[24.17,56.26],[23.86,56.33],[23.48,56.33],[23.31,56.37],[23.02,56.32],[22.89,56.41],[22.68,56.35],[22.51,56.4],[22.22,56.39],[22.09,56.42],[21.29,56.21],[21.19,56.08],[21.05,56.07],[21.07,55.75],[21.22,55.52],[21.27,55.25],[21.41,55.27],[21.5,55.19],[22.1,55.03],[22.25,55.07],[22.58,55.06],[22.63,54.96],[22.81,54.89],[22.83,54.78],[22.73,54.73],[22.68,54.45],[22.77,54.36],[22.96,54.38],[23.43,54.17],[23.49,53.94],[23.64,53.9],[23.92,53.95],[24.2,53.95],[24.38,53.89],[24.58,53.98],[24.81,53.98],[24.78,54.09],[24.86,54.15],[25.07,54.13],[25.19,54.24],[25.55,54.23],[25.49,54.16],[25.74,54.15],[25.79,54.23],[25.68,54.33],[25.53,54.35],[25.65,54.52],[25.74,54.57],[25.72,54.78],[25.91,54.95],[26.14,54.97],[26.31,55.15],[26.58,55.12],[26.77,55.3],[26.45,55.34],[26.6,55.67]]]},"properties":{"iso_a2":"LT","name":"Lithuania"}},{"type":"Feature","geometry":{"type":"MultiPolygon","coordinates":[[[[-57.6,-30.19],[-57.57,-30.26],[-57.41,-30.3],[-57.18,-30.27],[-57.1,-30.12],[-56.83,-30.1],[-56.63,-30.25],[-56.39,-30.48],[-56.23,-30.56],[-55.99,-30.86],[-56.01,-31.08],[-55.86,-31.08],[-55.65,-30.94],[-55.61,-30.84],[-55.37,-31.04],[-55.24,-31.24],[-55.12,-31.31],[-55.03,-31.27],[-54.82,-31.43],[-54.59,-31.47],[-54.48,-31.58],[-54.46,-31.67],[-54.13,-31.91],[-54.07,-31.88],[-53.77,-32.05],[-53.67,-32.23],[-53.63,-32.37],[-53.42,-32.56],[-53.19,-32.65],[-53.11,-32.74],[-53.3,-32.89],[-53.33,-32.97],[-53.51,-33.1],[-53.54,-33.17],[-53.51,-33.4],[-53.54,-33.65],[-53.38,-33.74],[-53.27,-33.68],[-53.09,-33.53],[-52.82,-33.32],[-52.62,-33.1],[-52.47,-32.8],[-52.37,-32.5],[-52.23,-32.25],[-52.09,-32.17],[-52.1,-32.08],[-52.26,-32.05],[-52.17,-31.94],[-52.25,-31.84],[-52.2,-31.73],[-52.08,-31.68],[-52,-31.55],[-52,-31.43],[-51.92,-31.31],[-51.65,-31.26],[-51.62,-31.13],[-51.44,-31.08],[-51.48,-31.01],[-51.45,-30.89],[-51.36,-30.88],[-51.38,-30.66],[-51.29,-30.62],[-51.25,-30.46],[-51.12,-30.26],[-51.01,-30.28],[-51.03,-30.38],[-50.94,-30.43],[-50.9,-30.31],[-50.67,-30.29],[-50.54,-30.32],[-50.61,-30.48],[-50.69,-30.46],[-50.68,-30.64],[-50.73,-30.79],[-50.94,-30.9],[-50.99,-31.05],[-51.18,-31.15],[-51.18,-31.36],[-51.24,-31.46],[-51.46,-31.56],[-51.67,-31.77],[-51.79,-31.79],[-51.92,-31.87],[-52.09,-31.86],[-52.03,-32.11],[-51.86,-31.93],[-51.56,-31.78],[-51.15,-31.48],[-50.72,-31.04],[-50.32,-30.46],[-50.04,-29.81],[-49.81,-29.44],[-49.55,-29.13],[-49.34,-28.92],[-48.94,-28.64],[-48.81,-28.61],[-48.76,-28.54],[-48.85,-28.47],[-48.79,-28.37],[-48.7,-28.34],[-48.57,-27.88],[-48.65,-27.65],[-48.58,-27.59],[-48.65,-27.48],[-48.55,-27.34],[-48.61,-27.31],[-48.57,-27.02],[-48.63,-26.86],[-48.58,-26.78],[-48.68,-26.72],[-48.66,-26.56],[-48.61,-26.46],[-48.64,-26.38],[-48.8,-26.3],[-48.58,-26.16],[-48.61,-26.04],[-48.52,-25.77],[-48.43,-25.62],[-48.52,-25.51],[-48.41,-25.41],[-48.37,-25.28],[-48.25,-25.41],[-48.09,-25.32],[-47.95,-25.2],[-47.89,-25.06],[-47.89,-24.96],[-47.83,-24.89],[-47.53,-24.69],[-47.44,-24.68],[-47.18,-24.53],[-47,-24.41],[-46.94,-24.27],[-46.59,-24.09],[-46.41,-24.01],[-46.36,-23.89],[-46.28,-23.97],[-46.17,-23.99],[-46.08,-23.83],[-45.86,-23.76],[-45.72,-23.77],[-45.51,-23.84],[-45.41,-23.82],[-45.43,-23.66],[-45.29,-23.57],[-45.2,-23.57],[-45.15,-23.49],[-45.07,-23.51],[-44.99,-23.4],[-44.67,-23.34],[-44.58,-23.35],[-44.51,-23.27],[-44.71,-23.21],[-44.67,-23.06],[-44.44,-23],[-44.3,-22.99],[-44.19,-23.05],[-44.06,-22.94],[-43.86,-22.9],[-43.73,-22.94],[-43.75,-23.05],[-43.99,-23.04],[-44,-23.09],[-43.22,-22.99],[-43.16,-22.9],[-43.24,-22.84],[-43.27,-22.75],[-43.08,-22.67],[-43.03,-22.78],[-43.12,-22.93],[-43.03,-22.97],[-42.7,-22.97],[-42.53,-22.93],[-42.06,-22.95],[-41.99,-22.83],[-41.97,-22.53],[-41.67,-22.28],[-41.47,-22.2],[-41.24,-22.14],[-40.99,-22.01],[-40.97,-21.95],[-41.02,-21.72],[-41.02,-21.61],[-41.07,-21.52],[-40.96,-21.36],[-40.96,-21.27],[-40.81,-21.04],[-40.8,-20.93],[-40.73,-20.84],[-40.58,-20.8],[-40.48,-20.65],[-40.35,-20.5],[-40.28,-20.31],[-40.19,-20.19],[-40.15,-20.02],[-40.03,-19.76],[-39.83,-19.66],[-39.71,-19.42],[-39.7,-19.24],[-39.74,-18.9],[-39.74,-18.68],[-39.72,-18.52],[-39.62,-18.19],[-39.5,-18.01],[-39.38,-17.9],[-39.27,-17.87],[-39.14,-17.68],[-39.18,-17.6],[-39.22,-17.3],[-39.21,-17.16],[-39.12,-16.9],[-39.14,-16.8],[-39.05,-16.44],[-38.86,-15.84],[-38.92,-15.72],[-39,-15.23],[-39.02,-14.82],[-39.07,-14.67],[-38.98,-14.31],[-38.99,-14.21],[-38.92,-14],[-39.02,-13.96],[-38.97,-13.67],[-39.06,-13.4],[-38.96,-13.26],[-38.84,-13.16],[-38.89,-13.07],[-38.8,-13.02],[-38.73,-12.88],[-38.83,-12.87],[-38.74,-12.74],[-38.72,-12.62],[-38.61,-12.71],[-38.51,-12.72],[-38.48,-12.85],[-38.54,-13],[-38.36,-12.96],[-38.05,-12.64],[-37.79,-12.26],[-37.65,-12.05],[-37.43,-11.57],[-37.32,-11.41],[-37.26,-11.28],[-37.17,-11.2],[-37.04,-10.95],[-36.9,-10.77],[-36.58,-10.55],[-36.41,-10.5],[-36.29,-10.35],[-36.25,-10.25],[-36.04,-10.06],[-35.95,-9.91],[-35.88,-9.86],[-35.86,-9.73],[-35.7,-9.67],[-35.66,-9.58],[-35.57,-9.52],[-35.48,-9.37],[-35.3,-9.19],[-35.15,-8.91],[-35.13,-8.81],[-34.94,-8.35],[-34.94,-8.27],[-34.85,-8.07],[-34.81,-7.91],[-34.89,-7.8],[-34.9,-7.72],[-34.8,-7.62],[-34.81,-7.48],[-34.8,-7.16],[-34.86,-7.07],[-34.86,-6.91],[-34.92,-6.86],[-34.98,-6.39],[-35.04,-6.24],[-35.09,-6.19],[-35.1,-6],[-35.15,-5.92],[-35.2,-5.69],[-35.26,-5.48],[-35.4,-5.23],[-35.51,-5.14],[-36,-5.05],[-36.13,-5.1],[-36.42,-5.08],[-36.59,-5.1],[-36.79,-5.05],[-36.9,-4.94],[-37.18,-4.91],[-37.33,-4.7],[-37.61,-4.61],[-37.71,-4.51],[-37.77,-4.4],[-37.85,-4.38],[-38.11,-4.16],[-38.25,-3.96],[-38.38,-3.87],[-38.46,-3.72],[-38.66,-3.68],[-38.81,-3.55],[-38.92,-3.5],[-38.96,-3.42],[-39.08,-3.38],[-39.36,-3.18],[-39.48,-3.15],[-39.68,-3.02],[-39.73,-3.02],[-39.99,-2.85],[-40.5,-2.79],[-40.58,-2.83],[-41.08,-2.88],[-41.26,-2.87],[-41.34,-2.92],[-41.67,-2.88],[-41.84,-2.73],[-42,-2.72],[-41.97,-2.83],[-42.22,-2.81],[-42.26,-2.76],[-42.45,-2.75],[-42.63,-2.64],[-42.71,-2.56],[-43.31,-2.35],[-43.47,-2.35],[-43.43,-2.44],[-43.5,-2.52],[-43.67,-2.48],[-44.01,-2.63],[-44.08,-2.75],[-44.14,-2.67],[-44.04,-2.53],[-44.05,-2.4],[-44.37,-2.55],[-44.37,-2.67],[-44.43,-2.95],[-44.61,-3.11],[-44.69,-2.99],[-44.62,-2.71],[-44.5,-2.42],[-44.39,-2.4],[-44.36,-2.31],[-44.43,-2.16],[-44.5,-2.15],[-44.52,-1.85],[-44.71,-1.81],[-44.89,-1.51],[-45.09,-1.46],[-45.16,-1.48],[-45.25,-1.58],[-45.23,-1.68],[-45.35,-1.73],[-45.34,-1.61],[-45.39,-1.55],[-45.3,-1.42],[-45.5,-1.48],[-45.56,-1.28],[-45.65,-1.32],[-45.7,-1.16],[-45.81,-1.27],[-45.89,-1.17],[-46,-1.2],[-46.02,-1.11],[-46.1,-1.07],[-46.23,-1.15],[-46.17,-0.92],[-46.23,-0.92],[-46.3,-1.03],[-46.48,-1.02],[-46.66,-0.81],[-46.71,-0.88],[-46.95,-0.77],[-47.21,-0.7],[-47.29,-0.59],[-47.41,-0.66],[-47.58,-0.58],[-47.65,-0.72],[-47.72,-0.64],[-47.95,-0.74],[-48.02,-0.72],[-48.15,-0.78],[-48.14,-0.84],[-48.19,-1.02],[-48.3,-1.06],[-48.27,-1.13],[-48.34,-1.32],[-48.48,-1.28],[-48.5,-1.45],[-48.41,-1.46],[-48.44,-1.57],[-48.53,-1.58],[-48.64,-1.39],[-48.81,-1.62],[-48.97,-1.6],[-49.01,-1.68],[-49.12,-1.77],[-49.15,-1.86],[-49.23,-1.95],[-49.33,-2.2],[-49.43,-2.37],[-49.44,-2.49],[-49.53,-2.63],[-49.55,-2.41],[-49.5,-2.26],[-49.45,-2.18],[-49.38,-1.9],[-49.45,-1.87],[-49.48,-1.76],[-49.68,-1.91],[-49.81,-1.9],[-49.98,-1.83],[-50.28,-1.89],[-50.37,-1.97],[-50.56,-1.89],[-50.66,-1.8],[-50.7,-1.91],[-50.83,-1.93],[-50.65,-1.74],[-50.69,-1.61],[-50.82,-1.44],[-50.82,-1.23],[-50.91,-1.13],[-50.83,-1.06],[-50.83,-0.92],[-50.94,-0.91],[-51.03,-1.04],[-51.16,-1.1],[-51.27,-1.22],[-51.4,-1.25],[-51.44,-1.31],[-51.67,-1.4],[-51.91,-1.57],[-52.12,-1.62],[-52.2,-1.68],[-52.28,-1.52],[-52.42,-1.57],[-52.56,-1.52],[-52.4,-1.42],[-52.19,-1.34],[-52.01,-1.4],[-51.92,-1.33],[-51.93,-1.18],[-51.83,-1.13],[-51.71,-1.03],[-51.72,-0.88],[-51.7,-0.75],[-51.44,-0.47],[-51.32,-0.21],[-51.2,-0.05],[-51.07,-0.02],[-50.93,0.16],[-50.79,0.17],[-50.61,0.37],[-50.47,0.65],[-50.35,0.74],[-50.31,0.82],[-50.17,0.92],[-49.89,1.17],[-49.92,1.22],[-49.87,1.36],[-49.91,1.66],[-50,1.75],[-50.18,1.82],[-50.47,1.82],[-50.71,2.24],[-50.74,2.38],[-50.9,2.79],[-50.98,2.94],[-51.04,3.15],[-51.04,3.23],[-51.09,3.38],[-51.08,3.49],[-51.08,3.88],[-51.18,3.8],[-51.18,4.03],[-51.22,4.17],[-51.39,4.36],[-51.52,4.44],[-51.56,4.36],[-51.55,4.21],[-51.68,4.04],[-51.78,3.98],[-51.83,3.87],[-51.99,3.71],[-52.01,3.62],[-52.23,3.26],[-52.36,3.13],[-52.35,3.06],[-52.53,2.69],[-52.55,2.57],[-52.71,2.36],[-52.88,2.26],[-52.98,2.17],[-53.23,2.25],[-53.34,2.35],[-53.53,2.25],[-53.75,2.32],[-53.87,2.31],[-53.95,2.22],[-54.19,2.16],[-54.32,2.16],[-54.48,2.21],[-54.61,2.33],[-54.7,2.33],[-54.7,2.45],[-54.88,2.45],[-55.02,2.59],[-55.11,2.53],[-55.17,2.56],[-55.25,2.5],[-55.35,2.5],[-55.4,2.43],[-55.61,2.43],[-55.72,2.4],[-55.78,2.44],[-55.99,2.52],[-56.01,2.4],[-56.12,2.33],[-56.03,2.16],[-55.91,2.04],[-55.92,1.89],[-56.02,1.83],[-56.35,1.93],[-56.48,1.94],[-56.64,1.94],[-56.81,1.87],[-57.04,1.93],[-57.1,2.02],[-57.24,1.95],[-57.34,1.97],[-57.56,1.71],[-57.79,1.71],[-57.92,1.64],[-57.98,1.66],[-58.03,1.52],[-58.15,1.52],[-58.19,1.57],[-58.33,1.59],[-58.41,1.47],[-58.51,1.44],[-58.48,1.33],[-58.52,1.27],[-58.68,1.28],[-58.77,1.2],[-58.85,1.19],[-59.01,1.33],[-59.24,1.38],[-59.57,1.73],[-59.68,1.76],[-59.76,1.92],[-59.74,2.26],[-59.9,2.36],[-59.91,2.46],[-60,2.69],[-59.96,3.07],[-59.83,3.38],[-59.84,3.61],[-59.68,3.7],[-59.53,3.93],[-59.73,4.18],[-59.74,4.29],[-59.69,4.38],[-59.8,4.45],[-59.97,4.5],[-60.15,4.51],[-60.03,4.72],[-59.98,5.09],[-60.09,5.16],[-60.13,5.24],[-60.21,5.27],[-60.33,5.19],[-60.46,5.18],[-60.67,5.21],[-60.74,5.2],[-60.66,5.17],[-60.6,5],[-60.61,4.9],[-60.76,4.76],[-60.9,4.71],[-60.95,4.57],[-61.01,4.52],[-61.15,4.49],[-61.3,4.52],[-61.33,4.42],[-61.46,4.42],[-61.52,4.38],[-61.57,4.25],[-61.72,4.26],[-61.93,4.15],[-62.03,4.16],[-62.19,4.1],[-62.38,4.17],[-62.54,4.13],[-62.56,4.04],[-62.77,4.02],[-62.79,3.9],[-62.74,3.74],[-62.8,3.6],[-62.89,3.56],[-63,3.6],[-63.29,3.92],[-63.42,3.97],[-63.51,3.86],[-63.62,3.94],[-63.87,3.95],[-64,3.88],[-64.06,3.91],[-64.15,4.11],[-64.36,4.15],[-64.59,4.12],[-64.7,4.26],[-64.79,4.28],[-64.8,4.19],[-64.73,4.14],[-64.66,4],[-64.53,3.85],[-64.32,3.72],[-64.2,3.6],[-64.25,3.42],[-64.22,3.25],[-64.22,3.12],[-64.11,2.95],[-64,2.71],[-64.05,2.47],[-63.83,2.43],[-63.7,2.44],[-63.38,2.42],[-63.37,2.27],[-63.41,2.15],[-63.62,2.1],[-63.76,1.99],[-63.99,1.96],[-64.05,1.89],[-64.07,1.67],[-64.13,1.58],[-64.39,1.37],[-64.41,1.51],[-64.55,1.42],[-64.6,1.33],[-64.73,1.25],[-64.84,1.27],[-65.02,1.14],[-65.14,1.13],[-65.2,0.92],[-65.33,0.91],[-65.45,0.69],[-65.54,0.65],[-65.59,0.74],[-65.53,0.91],[-65.6,0.98],[-65.74,0.97],[-65.87,0.91],[-65.97,0.81],[-66.16,0.73],[-66.35,0.76],[-66.41,0.8],[-66.87,1.22],[-67.06,1.17],[-67.1,1.25],[-67.07,1.54],[-67.12,1.71],[-67.37,2.12],[-67.44,2.14],[-67.59,2.06],[-67.79,1.81],[-67.93,1.74],[-68.06,1.82],[-68.1,1.92],[-68.2,2.01],[-68.26,1.86],[-68.24,1.77],[-68.16,1.72],[-69.35,1.72],[-69.58,1.77],[-69.75,1.74],[-69.85,1.67],[-69.85,1.06],[-69.75,1.09],[-69.48,1.06],[-69.34,1.06],[-69.27,1.03],[-69.15,0.87],[-69.23,0.62],[-69.37,0.64],[-69.5,0.73],[-69.62,0.65],[-69.69,0.67],[-69.81,0.61],[-70.05,0.59],[-70.07,-0.12],[-69.94,-0.3],[-69.86,-0.34],[-69.75,-0.45],[-69.63,-0.51],[-69.59,-0.63],[-69.63,-0.73],[-69.54,-0.92],[-69.45,-1],[-69.4,-1.18],[-69.48,-1.62],[-69.65,-2.59],[-69.8,-3.39],[-69.95,-4.2],[-69.96,-4.24],[-70.02,-4.34],[-70.1,-4.27],[-70.23,-4.3],[-70.31,-4.26],[-70.31,-4.17],[-70.43,-4.13],[-70.58,-4.19],[-70.83,-4.18],[-70.84,-4.24],[-70.97,-4.38],[-71.26,-4.37],[-71.36,-4.46],[-71.49,-4.44],[-71.53,-4.49],[-71.7,-4.48],[-71.91,-4.52],[-72.07,-4.61],[-72.13,-4.68],[-72.27,-4.76],[-72.4,-4.81],[-72.4,-4.86],[-72.65,-5.06],[-72.92,-5.13],[-72.9,-5.27],[-72.97,-5.47],[-72.96,-5.56],[-73,-5.71],[-73.14,-5.88],[-73.23,-6.08],[-73.18,-6.2],[-73.13,-6.43],[-73.2,-6.55],[-73.37,-6.58],[-73.68,-6.81],[-73.76,-6.9],[-73.81,-7.1],[-73.71,-7.3],[-73.98,-7.37],[-73.94,-7.45],[-73.97,-7.58],[-73.84,-7.72],[-73.71,-7.79],[-73.78,-7.95],[-73.67,-8.01],[-73.53,-8.37],[-73.37,-8.46],[-73.35,-8.6],[-73.19,-8.7],[-73.07,-8.89],[-72.98,-8.98],[-72.96,-9.09],[-73.03,-9.22],[-73.09,-9.24],[-73.21,-9.41],[-72.81,-9.41],[-72.43,-9.48],[-72.31,-9.54],[-72.26,-9.76],[-72.16,-9.89],[-72.2,-10.01],[-71.39,-10.01],[-71.2,-9.94],[-71.16,-9.88],[-71.01,-9.82],[-70.87,-9.66],[-70.68,-9.53],[-70.62,-9.57],[-70.54,-9.73],[-70.64,-9.85],[-70.64,-11.01],[-70.53,-10.94],[-70.44,-11.04],[-70.29,-11.06],[-70.2,-11.04],[-69.96,-10.92],[-69.81,-10.93],[-69.72,-10.96],[-69.58,-10.95],[-69.4,-10.93],[-69.07,-10.97],[-68.88,-11.02],[-68.81,-10.99],[-68.79,-11.13],[-68.62,-11.11],[-68.29,-10.98],[-68.11,-10.71],[-68.01,-10.66],[-67.86,-10.66],[-67.72,-10.7],[-67.68,-10.61],[-67.58,-10.5],[-67.49,-10.46],[-67.43,-10.39],[-67.3,-10.31],[-67.17,-10.32],[-67.06,-10.26],[-66.9,-10.09],[-66.63,-9.9],[-66.45,-9.89],[-66.1,-9.79],[-65.71,-9.76],[-65.58,-9.83],[-65.45,-9.68],[-65.37,-9.71],[-65.3,-9.83],[-65.33,-10.01],[-65.29,-10.22],[-65.36,-10.33],[-65.44,-10.53],[-65.38,-10.7],[-65.4,-10.81],[-65.32,-10.86],[-65.3,-10.99],[-65.39,-11.15],[-65.32,-11.48],[-65.22,-11.53],[-65.2,-11.74],[-65.07,-11.75],[-65,-12],[-64.79,-12.03],[-64.72,-12.15],[-64.47,-12.26],[-64.49,-12.37],[-64.4,-12.46],[-64.21,-12.47],[-64.14,-12.52],[-63.92,-12.54],[-63.8,-12.45],[-63.66,-12.47],[-63.5,-12.55],[-63.39,-12.66],[-63.25,-12.7],[-63.17,-12.65],[-63.07,-12.65],[-62.99,-12.84],[-62.93,-12.85],[-62.77,-13.01],[-62.49,-13.06],[-62.38,-13.14],[-62.22,-13.12],[-62.11,-13.15],[-62.11,-13.23],[-62,-13.36],[-61.87,-13.46],[-61.81,-13.54],[-61.6,-13.51],[-61.46,-13.54],[-61.35,-13.49],[-60.9,-13.55],[-60.65,-13.72],[-60.47,-13.8],[-60.39,-13.97],[-60.47,-14.12],[-60.46,-14.28],[-60.4,-14.34],[-60.29,-14.63],[-60.27,-15.09],[-60.53,-15.14],[-60.26,-15.46],[-60.24,-15.5],[-60.18,-16.22],[-60.13,-16.27],[-59.49,-16.3],[-58.46,-16.33],[-58.34,-16.29],[-58.36,-16.51],[-58.48,-16.68],[-58.47,-16.88],[-58.38,-17.27],[-58.01,-17.5],[-57.84,-17.51],[-57.79,-17.56],[-57.78,-17.7],[-57.72,-17.74],[-57.73,-17.85],[-57.55,-18.18],[-57.57,-18.26],[-57.78,-18.91],[-57.72,-19.05],[-57.79,-19.06],[-58.12,-19.73],[-58.12,-19.76],[-57.86,-19.98],[-58.16,-20.16],[-58.08,-20.38],[-57.99,-20.43],[-57.99,-20.62],[-57.86,-20.73],[-57.91,-20.88],[-57.82,-21],[-57.86,-21.33],[-57.93,-21.45],[-57.94,-21.62],[-57.9,-21.69],[-57.96,-21.85],[-57.92,-21.9],[-57.99,-22.03],[-57.94,-22.12],[-57.84,-22.14],[-57.65,-22.1],[-57.61,-22.18],[-57.38,-22.21],[-57.23,-22.19],[-56.84,-22.29],[-56.81,-22.25],[-56.65,-22.24],[-56.51,-22.09],[-56.42,-22.07],[-56.32,-22.21],[-56.2,-22.28],[-55.89,-22.31],[-55.75,-22.42],[-55.72,-22.57],[-55.63,-22.63],[-55.66,-22.82],[-55.64,-23],[-55.53,-23.23],[-55.56,-23.33],[-55.53,-23.6],[-55.44,-23.73],[-55.43,-23.93],[-55.37,-23.99],[-55.2,-24.02],[-54.94,-23.97],[-54.83,-23.89],[-54.61,-23.81],[-54.42,-23.91],[-54.24,-24.05],[-54.33,-24.15],[-54.26,-24.33],[-54.33,-24.53],[-54.32,-24.63],[-54.41,-24.82],[-54.46,-25.04],[-54.43,-25.13],[-54.61,-25.43],[-54.6,-25.57],[-54.46,-25.64],[-54.39,-25.58],[-54.21,-25.53],[-53.91,-25.63],[-53.84,-25.81],[-53.83,-25.97],[-53.76,-26.03],[-53.67,-26.22],[-53.72,-26.38],[-53.71,-26.5],[-53.75,-26.69],[-53.71,-26.87],[-53.82,-27.14],[-54,-27.19],[-54.09,-27.28],[-54.19,-27.26],[-54.29,-27.43],[-54.46,-27.42],[-54.53,-27.49],[-54.7,-27.55],[-54.83,-27.54],[-54.9,-27.62],[-54.91,-27.73],[-55.03,-27.84],[-55.2,-27.86],[-55.34,-27.96],[-55.44,-28.08],[-55.6,-28.12],[-55.68,-28.2],[-55.68,-28.37],[-55.84,-28.35],[-55.9,-28.46],[-56.01,-28.5],[-56.02,-28.59],[-56.18,-28.74],[-56.29,-28.78],[-56.3,-28.88],[-56.39,-28.95],[-56.42,-29.05],[-56.62,-29.16],[-56.68,-29.31],[-56.82,-29.47],[-56.97,-29.6],[-57.09,-29.75],[-57.29,-29.81],[-57.32,-29.98],[-57.51,-30.14],[-57.61,-30.18],[-57.6,-30.19]]],[[[-43.63,-2.25],[-43.74,-2.33],[-43.63,-2.4],[-43.63,-2.25]]],[[[-49.29,-1.76],[-49.35,-1.72],[-49.45,-1.85],[-49.37,-1.89],[-49.29,-1.76]]],[[[-48.34,-1.07],[-48.42,-1.08],[-48.46,-1.16],[-48.38,-1.22],[-48.3,-1.13],[-48.34,-1.07]]],[[[-48.19,-0.82],[-48.32,-0.97],[-48.21,-1.02],[-48.16,-0.87],[-48.19,-0.82]]],[[[-50.82,-0.62],[-50.84,-0.56],[-51.07,-0.68],[-51.1,-0.83],[-50.93,-0.73],[-50.84,-0.72],[-50.82,-0.62]]],[[[-51.19,-0.61],[-51.31,-0.52],[-51.42,-0.55],[-51.56,-0.66],[-51.68,-0.85],[-51.72,-1.13],[-51.87,-1.24],[-51.95,-1.42],[-51.89,-1.48],[-51.79,-1.45],[-51.43,-1.19],[-51.33,-1.01],[-51.27,-1.02],[-51.23,-0.84],[-51.16,-0.68],[-51.19,-0.61]]],[[[-51.16,-0.14],[-51.26,-0.22],[-51.38,-0.46],[-51.2,-0.34],[-51.15,-0.26],[-51.16,-0.14]]],[[[-48.46,-0.58],[-48.45,-0.49],[-48.37,-0.37],[-48.43,-0.26],[-48.62,-0.22],[-48.89,-0.22],[-48.93,-0.16],[-49.19,-0.14],[-49.33,-0.15],[-49.42,-0.23],[-49.65,-0.24],[-50.1,-0.13],[-50.35,-0.1],[-50.39,-0.15],[-50.58,-0.19],[-50.65,-0.26],[-50.78,-0.66],[-50.8,-0.91],[-50.78,-1.17],[-50.8,-1.42],[-50.74,-1.53],[-50.59,-1.68],[-50.56,-1.8],[-50.4,-1.83],[-50.3,-1.8],[-50.29,-1.73],[-50.15,-1.78],[-50.05,-1.7],[-49.82,-1.82],[-49.56,-1.72],[-49.56,-1.64],[-49.35,-1.61],[-49.22,-1.62],[-49.18,-1.45],[-49.07,-1.53],[-48.92,-1.5],[-48.84,-1.44],[-48.79,-1.28],[-48.84,-1.21],[-48.64,-1.08],[-48.61,-0.93],[-48.54,-0.89],[-48.46,-0.58]]],[[[-50.97,-0.29],[-50.92,-0.33],[-50.63,-0.09],[-50.77,0.05],[-50.95,-0.01],[-51.03,-0.17],[-50.97,-0.29]]],[[[-49.83,-0.1],[-49.69,-0.13],[-49.44,-0.12],[-49.35,-0.01],[-49.43,0.07],[-49.63,0.06],[-49.74,0],[-49.83,-0.1]]],[[[-50.63,0.07],[-50.56,0],[-50.45,-0.01],[-50.45,0.13],[-50.61,0.18],[-50.63,0.07]]],[[[-50.04,0.3],[-50.11,0.22],[-50.37,0.22],[-50.38,0.13],[-50.3,0.01],[-50.21,0.04],[-50.07,0.02],[-50,-0.05],[-49.83,0.01],[-49.69,0.21],[-49.53,0.3],[-49.56,0.39],[-49.65,0.39],[-49.92,0.29],[-50.04,0.3]]],[[[-50.38,0.25],[-50.32,0.29],[-50.35,0.41],[-50.35,0.57],[-50.43,0.55],[-50.43,0.42],[-50.49,0.19],[-50.38,0.25]]],[[[-50.31,0.41],[-50.28,0.36],[-50.04,0.51],[-50.04,0.61],[-50.24,0.59],[-50.3,0.53],[-50.31,0.41]]],[[[-50.2,0.75],[-50.11,0.75],[-50.02,0.89],[-50.13,0.91],[-50.27,0.81],[-50.2,0.75]]],[[[-50.45,2.11],[-50.52,2],[-50.46,1.88],[-50.38,1.88],[-50.31,1.95],[-50.4,2.12],[-50.45,2.11]]],[[[-48.43,-27.4],[-48.54,-27.48],[-48.5,-27.7],[-48.41,-27.58],[-48.38,-27.46],[-48.43,-27.4]]],[[[-48.54,-26.34],[-48.49,-26.24],[-48.63,-26.24],[-48.7,-26.32],[-48.61,-26.41],[-48.54,-26.34]]],[[[-45.21,-23.91],[-45.23,-23.77],[-45.32,-23.72],[-45.45,-23.88],[-45.39,-23.94],[-45.21,-23.91]]],[[[-44.1,-23.15],[-44.24,-23.07],[-44.36,-23.16],[-44.32,-23.21],[-44.1,-23.15]]]]},"properties":{"iso_a2":"BR","name":"Brazil"}},{"type":"Feature","geometry":{"type":"Polygon","coordinates":[[[-57.6,-30.19],[-57.64,-30.19],[-57.65,-30.33],[-57.85,-30.48],[-57.89,-30.59],[-57.8,-30.77],[-57.81,-30.91],[-57.91,-30.95],[-57.85,-31.06],[-57.9,-31.24],[-57.99,-31.4],[-58.07,-31.47],[-57.99,-31.55],[-58.05,-31.8],[-58.2,-31.89],[-58.14,-32.02],[-58.19,-32.15],[-58.1,-32.31],[-58.2,-32.44],[-58.2,-32.45],[-58.16,-32.58],[-58.13,-32.8],[-58.05,-32.91],[-58.08,-33.03],[-58.17,-33.11],[-58.37,-33.15],[-58.35,-33.28],[-58.41,-33.37],[-58.38,-33.47],[-58.44,-33.55],[-58.43,-33.78],[-58.39,-33.94],[-58.32,-33.99],[-58.2,-34.16],[-58.08,-34.19],[-57.82,-34.47],[-57.62,-34.43],[-57.54,-34.45],[-57.2,-34.44],[-57.12,-34.46],[-56.79,-34.7],[-56.57,-34.76],[-56.45,-34.76],[-56.31,-34.91],[-56.07,-34.9],[-55.79,-34.77],[-55.6,-34.77],[-55.38,-34.8],[-55.26,-34.9],[-55.05,-34.89],[-54.94,-34.97],[-54.31,-34.71],[-54.15,-34.67],[-54.12,-34.61],[-53.97,-34.49],[-53.76,-34.39],[-53.71,-34.2],[-53.54,-34.06],[-53.49,-33.87],[-53.38,-33.74],[-53.54,-33.65],[-53.51,-33.4],[-53.54,-33.17],[-53.51,-33.1],[-53.33,-32.97],[-53.3,-32.89],[-53.11,-32.74],[-53.19,-32.65],[-53.42,-32.56],[-53.63,-32.37],[-53.67,-32.23],[-53.77,-32.05],[-54.07,-31.88],[-54.13,-31.91],[-54.46,-31.67],[-54.48,-31.58],[-54.59,-31.47],[-54.82,-31.43],[-55.03,-31.27],[-55.12,-31.31],[-55.24,-31.24],[-55.37,-31.04],[-55.61,-30.84],[-55.65,-30.94],[-55.86,-31.08],[-56.01,-31.08],[-55.99,-30.86],[-56.23,-30.56],[-56.39,-30.48],[-56.63,-30.25],[-56.83,-30.1],[-57.1,-30.12],[-57.18,-30.27],[-57.41,-30.3],[-57.57,-30.26],[-57.6,-30.19]]]},"properties":{"iso_a2":"UY","name":"Uruguay"}},{"type":"Feature","geometry":{"type":"Polygon","coordinates":[[[116.68,49.82],[116.58,49.92],[116.22,50.01],[116.05,50],[115.75,49.89],[115.37,49.9],[115.21,49.97],[115,50.14],[114.75,50.24],[114.47,50.23],[114.29,50.28],[113.97,50.16],[113.85,50.08],[113.58,50.02],[113.21,49.82],[113.04,49.59],[112.7,49.49],[112.43,49.53],[112.03,49.41],[111.66,49.4],[111.5,49.35],[111.34,49.37],[110.97,49.21],[110.73,49.14],[110.43,49.2],[110.18,49.16],[109.82,49.23],[109.73,49.27],[109.52,49.26],[109.29,49.34],[108.93,49.35],[108.54,49.33],[108.34,49.44],[108.25,49.52],[108.03,49.59],[107.96,49.73],[107.95,49.93],[107.73,49.97],[107.36,49.98],[107.07,50.07],[106.97,50.2],[106.66,50.33],[106.44,50.33],[106.25,50.29],[106.06,50.33],[105.99,50.4],[105.64,50.42],[105.33,50.48],[105.13,50.4],[104.93,50.39],[104.61,50.31],[104.41,50.3],[104.12,50.15],[103.79,50.19],[103.67,50.13],[103.25,50.22],[103.2,50.3],[102.97,50.3],[102.59,50.42],[102.47,50.53],[102.33,50.55],[102.28,50.65],[102.33,50.72],[102.22,50.8],[102.23,50.98],[102.17,51.06],[102.14,51.24],[102.18,51.32],[102.05,51.38],[101.72,51.45],[101.39,51.45],[100.51,51.73],[100.01,51.73],[99.92,51.75],[99.68,51.89],[99.32,51.93],[99.03,52.05],[98.85,52.04],[98.71,51.85],[98.62,51.78],[98.33,51.72],[98.23,51.58],[98.22,51.48],[98.05,51.47],[97.92,51.3],[97.93,51.23],[97.81,50.97],[97.99,50.84],[97.94,50.77],[98.02,50.64],[98.3,50.49],[98.26,50.28],[98.11,50.06],[97.85,49.93],[97.73,49.96],[97.57,49.92],[97.57,49.85],[97.3,49.73],[97.15,49.75],[96.97,49.89],[96.7,49.91],[96.57,49.86],[96.37,49.89],[96.24,49.95],[95.87,50.02],[95.48,49.89],[95.36,49.95],[95.08,49.95],[94.92,50.05],[94.63,50.02],[94.39,50.19],[94.33,50.4],[94.24,50.57],[93.54,50.59],[93.42,50.61],[93.11,50.6],[93.01,50.62],[92.96,50.78],[92.76,50.77],[92.61,50.69],[92.32,50.86],[92.24,50.72],[92.16,50.69],[91.9,50.71],[91.75,50.68],[91.42,50.46],[91.26,50.47],[90.98,50.41],[90.72,50.28],[90.68,50.22],[90.48,50.22],[90.22,50.11],[90.05,50.08],[89.97,49.97],[89.62,49.9],[89.68,49.71],[89.44,49.64],[89.25,49.63],[89.16,49.5],[88.87,49.44],[88.38,49.48],[88.18,49.44],[88.11,49.25],[87.96,49.17],[87.82,49.17],[87.82,49.03],[87.76,48.92],[87.81,48.8],[87.98,48.76],[88.06,48.67],[87.94,48.6],[88.02,48.54],[88.24,48.49],[88.57,48.34],[88.58,48.21],[88.81,48.11],[88.93,48.1],[89.05,47.99],[89.24,47.98],[89.33,48.03],[89.54,48.03],[89.75,47.82],[89.89,47.82],[90.05,47.88],[90.08,47.76],[90.33,47.62],[90.44,47.49],[90.47,47.31],[90.71,47.02],[90.83,46.98],[91.01,46.74],[91.05,46.57],[90.9,46.3],[91,46.11],[91,46.02],[90.71,45.75],[90.65,45.49],[90.74,45.44],[90.8,45.29],[90.91,45.19],[91.14,45.2],[91.25,45.13],[91.46,45.14],[91.52,45.08],[92.08,45.07],[92.19,45.02],[92.48,45],[92.75,45.04],[92.95,45.01],[93.17,45.01],[93.53,44.95],[93.71,44.88],[93.88,44.71],[93.98,44.66],[94.2,44.65],[94.34,44.51],[94.59,44.44],[94.7,44.34],[95.04,44.26],[95.38,44.29],[95.32,44.15],[95.33,44.01],[95.51,43.98],[95.59,43.87],[95.69,43.63],[95.83,43.41],[95.91,43.22],[96.29,42.93],[96.35,42.74],[96.48,42.73],[97.19,42.79],[98.26,42.68],[99.47,42.56],[100.02,42.68],[101.22,42.53],[101.41,42.55],[101.64,42.52],[101.74,42.46],[101.89,42.28],[102.03,42.19],[103.07,42.01],[103.72,41.76],[104.5,41.87],[104.5,41.67],[104.89,41.65],[105.02,41.6],[105.2,41.74],[105.87,41.99],[106.77,42.29],[108.18,42.45],[108.54,42.44],[108.8,42.4],[108.99,42.45],[109.25,42.43],[109.49,42.45],[109.67,42.55],[109.91,42.63],[110.04,42.64],[110.41,42.77],[110.61,42.95],[110.68,43.06],[110.93,43.29],[111.1,43.37],[111.6,43.52],[111.75,43.66],[111.93,43.7],[111.93,43.82],[111.84,43.94],[111.63,44.07],[111.52,44.19],[111.41,44.42],[111.54,44.58],[111.55,44.69],[111.74,44.97],[111.84,45.04],[112.01,45.09],[112.38,45.07],[112.59,44.92],[112.75,44.87],[113.11,44.79],[113.64,44.75],[113.89,44.91],[114.02,44.93],[114.42,45.2],[114.53,45.39],[114.74,45.43],[114.94,45.37],[115.34,45.4],[115.64,45.44],[116.01,45.68],[116.17,45.71],[116.25,45.8],[116.21,45.91],[116.36,46.11],[116.57,46.29],[116.81,46.38],[117.3,46.35],[117.35,46.38],[117.39,46.57],[117.58,46.59],[117.7,46.51],[117.88,46.6],[118.27,46.72],[118.44,46.69],[118.72,46.68],[118.82,46.76],[118.95,46.74],[119.06,46.66],[119.32,46.61],[119.5,46.63],[119.7,46.6],[119.91,46.72],[119.9,46.84],[119.76,47.02],[119.7,47.16],[119.32,47.41],[119.31,47.48],[119.12,47.54],[119.08,47.66],[118.77,47.76],[118.61,47.92],[118.47,47.99],[118.18,48.03],[117.74,47.98],[117.53,47.79],[117.32,47.65],[117.07,47.81],[116.85,47.87],[116.5,47.84],[116.24,47.86],[116.08,47.81],[115.97,47.71],[115.85,47.71],[115.56,47.93],[115.51,48.13],[115.77,48.22],[115.81,48.27],[115.8,48.53],[116.03,48.77],[116.04,48.87],[116.68,49.82]]]},"properties":{"iso_a2":"MN","name":"Mongolia"}},{"type":"Feature","geometry":{"type":"MultiPolygon","coordinates":[[[[87.82,49.17],[87.96,49.17],[88.11,49.25],[88.18,49.44],[88.38,49.48],[88.87,49.44],[89.16,49.5],[89.25,49.63],[89.44,49.64],[89.68,49.71],[89.62,49.9],[89.97,49.97],[90.05,50.08],[90.22,50.11],[90.48,50.22],[90.68,50.22],[90.72,50.28],[90.98,50.41],[91.26,50.47],[91.42,50.46],[91.75,50.68],[91.9,50.71],[92.16,50.69],[92.24,50.72],[92.32,50.86],[92.61,50.69],[92.76,50.77],[92.96,50.78],[93.01,50.62],[93.11,50.6],[93.42,50.61],[93.54,50.59],[94.24,50.57],[94.33,50.4],[94.39,50.19],[94.63,50.02],[94.92,50.05],[95.08,49.95],[95.36,49.95],[95.48,49.89],[95.87,50.02],[96.24,49.95],[96.37,49.89],[96.57,49.86],[96.7,49.91],[96.97,49.89],[97.15,49.75],[97.3,49.73],[97.57,49.85],[97.57,49.92],[97.73,49.96],[97.85,49.93],[98.11,50.06],[98.26,50.28],[98.3,50.49],[98.02,50.64],[97.94,50.77],[97.99,50.84],[97.81,50.97],[97.93,51.23],[97.92,51.3],[98.05,51.47],[98.22,51.48],[98.23,51.58],[98.33,51.72],[98.62,51.78],[98.71,51.85],[98.85,52.04],[99.03,52.05],[99.32,51.93],[99.68,51.89],[99.92,51.75],[100.01,51.73],[100.51,51.73],[101.39,51.45],[101.72,51.45],[102.05,51.38],[102.18,51.32],[102.14,51.24],[102.17,51.06],[102.23,50.98],[102.22,50.8],[102.33,50.72],[102.28,50.65],[102.33,50.55],[102.47,50.53],[102.59,50.42],[102.97,50.3],[103.2,50.3],[103.25,50.22],[103.67,50.13],[103.79,50.19],[104.12,50.15],[104.41,50.3],[104.61,50.31],[104.93,50.39],[105.13,50.4],[105.33,50.48],[105.64,50.42],[105.99,50.4],[106.06,50.33],[106.25,50.29],[106.44,50.33],[106.66,50.33],[106.97,50.2],[107.07,50.07],[107.36,49.98],[107.73,49.97],[107.95,49.93],[107.96,49.73],[108.03,49.59],[108.25,49.52],[108.34,49.44],[108.54,49.33],[108.93,49.35],[109.29,49.34],[109.52,49.26],[109.73,49.27],[109.82,49.23],[110.18,49.16],[110.43,49.2],[110.73,49.14],[110.97,49.21],[111.34,49.37],[111.5,49.35],[111.66,49.4],[112.03,49.41],[112.43,49.53],[112.7,49.49],[113.04,49.59],[113.21,49.82],[113.58,50.02],[113.85,50.08],[113.97,50.16],[114.29,50.28],[114.47,50.23],[114.75,50.24],[115,50.14],[115.21,49.97],[115.37,49.9],[115.75,49.89],[116.05,50],[116.22,50.01],[116.58,49.92],[116.68,49.82],[117.06,49.67],[117.25,49.62],[117.47,49.61],[117.76,49.51],[117.89,49.55],[118.17,49.67],[118.39,49.82],[118.67,49.96],[119.19,50.01],[119.33,50.11],[119.35,50.35],[119.24,50.45],[119.29,50.6],[119.5,50.74],[119.52,50.91],[119.74,51.07],[119.83,51.28],[119.92,51.33],[120.15,51.66],[120.49,51.88],[120.65,51.91],[120.78,52.12],[120.74,52.26],[120.63,52.35],[120.72,52.54],[120.46,52.64],[120.18,52.58],[120.06,52.6],[120.03,52.76],[120.27,52.86],[120.45,53.01],[120.87,53.28],[121.15,53.28],[121.51,53.33],[121.89,53.43],[122.08,53.43],[122.34,53.49],[122.47,53.47],[122.86,53.47],[123.15,53.51],[123.25,53.57],[123.49,53.53],[123.64,53.55],[123.97,53.46],[124.12,53.35],[124.23,53.38],[124.34,53.27],[124.72,53.15],[125.13,53.21],[125.52,53.04],[125.62,53.06],[125.84,52.91],[126.07,52.68],[125.97,52.63],[126.21,52.53],[126.42,52.29],[126.32,52.2],[126.53,52.15],[126.45,51.98],[126.81,51.53],[126.8,51.42],[126.97,51.32],[126.91,51.16],[126.93,51.06],[127.14,50.9],[127.29,50.75],[127.37,50.56],[127.29,50.47],[127.33,50.33],[127.58,50.22],[127.49,50.03],[127.51,49.82],[127.68,49.74],[127.83,49.59],[127.99,49.6],[128.09,49.54],[128.67,49.61],[128.8,49.57],[128.88,49.48],[129.36,49.35],[129.5,49.41],[129.55,49.29],[129.71,49.27],[129.76,49.18],[129.91,49.04],[130.25,48.87],[130.39,48.9],[130.54,48.85],[130.67,48.87],[130.53,48.64],[130.72,48.5],[130.82,48.28],[130.66,48.12],[130.68,48.05],[130.91,47.88],[130.94,47.72],[131.02,47.68],[131.42,47.74],[131.59,47.66],[131.68,47.7],[131.92,47.67],[132.16,47.69],[132.33,47.74],[132.53,47.71],[132.66,47.87],[132.82,47.94],[133.09,48.11],[133.19,48.13],[133.46,48.09],[133.56,48.11],[133.72,48.25],[133.98,48.29],[134.06,48.33],[134.39,48.38],[134.54,48.36],[134.7,48.26],[134.68,48.14],[134.56,48.01],[134.77,47.71],[134.68,47.59],[134.49,47.43],[134.29,47.41],[134.15,47.26],[134.23,47.12],[134.12,47.07],[134.02,46.83],[133.99,46.63],[133.85,46.48],[133.92,46.41],[133.9,46.26],[133.69,46.14],[133.72,46.08],[133.66,45.94],[133.51,45.88],[133.49,45.69],[133.38,45.57],[133.2,45.51],[133.14,45.44],[133.1,45.11],[132.95,45.02],[132.84,45.06],[131.97,45.23],[131.85,45.34],[131.72,45.22],[131.63,45.2],[131.61,45.09],[131.42,44.96],[131.31,44.96],[131.18,44.9],[131.05,44.91],[130.93,44.84],[131.07,44.68],[131.26,44.05],[131.17,43.78],[131.19,43.59],[131.28,43.38],[131.09,43.04],[131.1,42.91],[130.99,42.85],[130.77,42.87],[130.49,42.78],[130.53,42.53],[130.7,42.3],[130.86,42.53],[130.66,42.66],[131.13,42.65],[131.2,42.61],[131.27,42.78],[131.47,42.87],[131.52,43.01],[131.59,43.05],[131.83,43.34],[131.99,43.27],[131.85,43.1],[131.95,43.07],[132.1,43.18],[132.36,43.29],[132.29,42.88],[132.4,42.94],[132.58,42.84],[132.77,42.88],[133,42.8],[133.16,42.69],[133.24,42.74],[133.42,42.77],[133.63,42.85],[133.93,42.88],[134.19,43.08],[134.34,43.12],[134.77,43.32],[134.98,43.46],[135.14,43.51],[135.23,43.68],[135.35,43.72],[135.52,43.88],[135.46,43.94],[135.62,44.04],[135.66,44.17],[135.79,44.26],[135.84,44.36],[136.01,44.46],[136.12,44.48],[136.37,44.79],[136.55,44.9],[136.66,45.04],[136.76,45.09],[136.83,45.2],[137.15,45.38],[137.4,45.62],[137.67,45.8],[137.78,45.95],[138.1,46.23],[138.2,46.45],[138.35,46.55],[138.35,46.66],[138.48,46.86],[138.56,47.03],[138.89,47.31],[138.96,47.31],[139.05,47.48],[139.21,47.66],[139.26,47.79],[139.5,47.95],[139.73,48.16],[140.04,48.34],[140.17,48.45],[140.19,48.65],[140.3,48.98],[140.38,49.14],[140.35,49.21],[140.43,49.31],[140.45,49.42],[140.56,49.58],[140.51,49.69],[140.54,49.78],[140.42,49.86],[140.5,49.98],[140.66,50.06],[140.52,50.15],[140.54,50.34],[140.44,50.54],[140.54,50.88],[140.66,50.94],[140.71,51.07],[140.67,51.13],[140.71,51.34],[140.89,51.42],[140.91,51.62],[141.11,51.68],[141.2,51.82],[141.43,51.93],[141.31,52.04],[141.4,52.14],[141.51,52.17],[141.17,52.37],[141.12,52.45],[141.28,52.58],[141.28,52.72],[141.19,52.85],[140.98,52.93],[140.86,53.12],[141.13,52.99],[141.25,53.09],[141.43,53.16],[141.38,53.31],[141.25,53.31],[141.04,53.41],[140.95,53.49],[140.58,53.64],[140.51,53.73],[140.36,53.79],[140.25,53.89],[140.33,53.97],[140.24,54.06],[140,54.12],[139.82,54.22],[139.8,54.29],[139.37,54.2],[139.16,54.21],[138.74,54.32],[138.76,53.98],[138.7,53.82],[138.55,53.59],[138.41,53.51],[138.25,53.53],[138.35,53.66],[138.54,53.79],[138.59,53.88],[138.56,53.99],[138.4,53.93],[138.3,53.76],[137.92,53.59],[137.34,53.53],[137.32,53.65],[137.48,53.67],[137.6,53.82],[137.77,53.94],[137.55,53.97],[137.32,54.13],[137.5,54.14],[137.69,54.28],[137.45,54.32],[137.06,54.15],[137.16,54.04],[137.28,54.03],[137.19,53.85],[136.96,53.86],[136.76,53.78],[136.69,53.81],[136.69,54.01],[136.78,54.06],[136.82,54.32],[136.74,54.41],[136.88,54.59],[136.76,54.65],[136.54,54.6],[136.25,54.62],[135.75,54.57],[135.65,54.67],[135.26,54.72],[135.17,54.82],[135.22,54.89],[135.53,55.09],[135.87,55.17],[136.16,55.32],[136.32,55.49],[136.56,55.62],[136.82,55.71],[137.33,55.97],[137.57,56.12],[137.7,56.13],[137.83,56.23],[137.91,56.36],[138.05,56.39],[138.15,56.6],[138.27,56.63],[138.66,56.98],[138.92,57.06],[138.93,57.14],[139.2,57.27],[139.42,57.3],[139.56,57.43],[139.79,57.48],[139.98,57.69],[140.5,57.85],[140.67,58.19],[140.9,58.38],[141.19,58.46],[141.58,58.62],[141.78,58.77],[141.95,58.94],[142.26,59.13],[142.58,59.23],[143.16,59.35],[143.49,59.32],[143.84,59.4],[144.46,59.38],[145,59.37],[145.68,59.42],[145.98,59.4],[145.84,59.29],[146.05,59.14],[146.31,59.28],[146.32,59.4],[146.44,59.46],[146.72,59.38],[147.27,59.33],[147.55,59.24],[147.85,59.38],[148.22,59.41],[148.39,59.38],[148.44,59.26],[148.79,59.24],[148.99,59.36],[148.74,59.37],[148.74,59.47],[148.97,59.45],[149.13,59.64],[149.38,59.73],[149.6,59.76],[150.46,59.61],[150.52,59.56],[150.84,59.45],[150.94,59.56],[151.32,59.56],[151.64,59.48],[151.77,59.35],[151.96,59.27],[152.14,59.3],[152.31,59.23],[152.11,59.16],[151.77,59.13],[151.44,59.17],[151.22,59.09],[151.09,59.1],[151.36,58.86],[151.72,58.85],[152.02,58.88],[152.17,58.98],[152.41,59.02],[152.56,58.95],[152.92,58.92],[152.94,59.01],[153.09,59.08],[153.34,59.09],[153.37,59.24],[153.77,59.18],[154.03,59.05],[154.36,59.11],[154.33,59.19],[154.57,59.2],[155.19,59.18],[155.21,59.34],[154.96,59.5],[154.78,59.47],[154.64,59.54],[154.43,59.55],[154.26,59.44],[154.07,59.51],[154.28,59.65],[154.22,59.87],[154.49,59.9],[154.41,60.06],[154.56,60.09],[154.95,60.37],[155.14,60.41],[155.34,60.53],[155.48,60.53],[155.57,60.63],[155.83,60.73],[156.01,60.95],[156.37,61.15],[156.62,61.21],[156.68,61.52],[156.92,61.55],[157.03,61.65],[157.3,61.7],[157.47,61.78],[157.79,61.78],[158.08,61.73],[158.26,61.83],[158.85,61.83],[158.92,61.9],[159.36,61.89],[159.38,61.82],[159.58,61.65],[159.97,61.76],[160.04,61.85],[160.29,61.94],[160.41,61.77],[160.26,61.63],[160.29,61.55],[160.11,61.43],[159.82,61.29],[159.96,61.23],[160,61.11],[159.85,60.98],[159.95,60.94],[160.2,61.04],[160.43,60.98],[160.17,60.83],[160.38,60.7],[160.83,60.76],[160.92,60.9],[161.18,60.99],[161.45,61.14],[161.6,61.26],[161.99,61.37],[162.33,61.59],[162.42,61.68],[162.62,61.66],[162.77,61.71],[163.14,61.63],[163.34,61.71],[162.98,61.81],[163.15,62.04],[163.09,62.23],[163.23,62.31],[163.27,62.52],[164.06,62.66],[164.38,62.69],[164.6,62.67],[164.77,62.56],[165.17,62.46],[164.99,62.4],[164.74,62.46],[164.54,62.45],[164.42,62.35],[164.13,62.26],[164.08,62.09],[164.1,61.92],[164.05,61.68],[163.87,61.65],[163.76,61.48],[163.95,61.44],[164.03,61.35],[163.93,61.24],[163.63,61.12],[163.49,61],[163.77,60.92],[163.35,60.8],[162.89,60.75],[162.75,60.65],[162.5,60.62],[162.21,60.54],[161.94,60.42],[161.9,60.2],[161.53,60.07],[161.28,59.87],[160.81,59.61],[160.5,59.55],[160.31,59.35],[159.86,59.14],[159.73,59.01],[159.73,58.88],[159.02,58.42],[158.66,58.27],[158.33,58.09],[158.06,57.99],[157.65,58],[157.47,57.8],[157.24,57.77],[156.98,57.86],[156.8,57.77],[156.93,57.66],[157,57.43],[156.83,57.21],[156.39,56.91],[156.13,56.83],[155.92,56.59],[155.76,56.11],[155.69,56.04],[155.55,55.28],[155.61,54.9],[155.73,54.43],[155.94,53.87],[156.04,53.37],[156.11,52.94],[156.27,52.6],[156.43,52.53],[156.37,52.41],[156.44,52.22],[156.5,51.78],[156.48,51.52],[156.54,51.29],[156.72,51.2],[156.7,51.12],[156.88,51.02],[157.26,51.24],[157.61,51.53],[157.76,51.54],[157.94,51.67],[158.03,51.78],[158.29,51.97],[158.29,52.03],[158.55,52.3],[158.52,52.57],[158.6,52.7],[158.52,52.75],[158.63,52.86],[158.62,52.93],[158.42,52.99],[158.58,53.07],[158.71,52.89],[159,53.08],[159.48,53.23],[159.63,53.26],[160.02,53.12],[160.02,53.27],[159.92,53.28],[159.97,53.57],[159.84,53.8],[159.9,53.98],[160,54.13],[160.42,54.38],[160.74,54.54],[161.07,54.6],[161.21,54.57],[161.31,54.49],[161.75,54.52],[162.13,54.77],[162.15,54.85],[161.81,55.18],[161.75,55.38],[161.78,55.61],[162.02,55.93],[162.04,56.05],[162.14,56.13],[162.59,56.27],[162.4,56.37],[162.53,56.44],[162.74,56.48],[162.91,56.43],[162.99,56.53],[163.12,56.5],[162.94,56.38],[162.75,56.35],[162.64,56.22],[162.82,56.06],[163.05,56.01],[163.11,56.1],[163.37,56.18],[163.34,56.36],[163.24,56.59],[163.28,56.69],[163.07,56.74],[162.97,56.7],[162.78,56.76],[162.79,56.92],[162.86,57.05],[162.79,57.15],[162.83,57.38],[163.07,57.46],[163.33,57.71],[163.22,57.81],[163,57.84],[162.71,57.97],[162.53,57.94],[162.46,57.78],[162.22,57.82],[162.03,57.93],[161.99,58.09],[162.17,58.41],[162.41,58.65],[162.74,58.82],[162.84,58.91],[163.08,59.01],[162.89,59.11],[163.07,59.26],[163.31,59.27],[163.33,59.39],[163.17,59.51],[163.39,59.63],[163.38,59.81],[163.5,59.9],[163.7,59.9],[163.65,60.05],[164.02,60.04],[164.16,59.96],[164.34,59.99],[164.32,60.09],[164.49,60.11],[164.72,59.96],[164.81,59.79],[165.01,59.85],[165.2,60.01],[165.13,60.08],[165.67,60.25],[166.05,60.45],[166.25,60.38],[166.29,60.23],[166.18,60.12],[166.11,59.83],[166.29,59.85],[167.05,60.33],[168.1,60.57],[168.49,60.6],[168.63,60.56],[169.17,60.57],[169.35,60.53],[169.71,60.4],[169.96,60.06],[170.12,60.02],[170.27,59.92],[170.4,59.97],[170.5,60.27],[170.67,60.34],[170.58,60.43],[170.81,60.51],[171.18,60.56],[171.36,60.63],[171.41,60.75],[171.75,60.85],[172.01,60.86],[172.24,61.02],[172.48,61.06],[172.39,61.23],[172.65,61.19],[172.92,61.36],[173.13,61.4],[173.29,61.52],[173.5,61.57],[173.55,61.75],[173.8,61.69],[173.99,61.72],[174.14,61.85],[174.49,61.82],[174.69,61.86],[174.82,61.95],[175.17,62.02],[175.63,62.19],[176.28,62.32],[176.64,62.5],[177.02,62.55],[176.93,62.69],[177.04,62.77],[177.33,62.69],[177.34,62.59],[178.06,62.54],[178.49,62.44],[179.15,62.34],[179.15,62.5],[179.38,62.52],[179.43,62.62],[179.61,62.71],[179.54,62.85],[179.29,62.93],[179.25,63.03],[179.42,63.12],[179.3,63.22],[178.6,63.41],[178.74,63.51],[178.51,63.58],[178.59,63.67],[178.76,63.64],[178.62,63.95],[178.38,64],[178.48,64.07],[178.28,64.35],[178,64.21],[177.67,64.31],[177.43,64.44],[177.36,64.56],[177.49,64.77],[177.34,64.78],[176.69,64.63],[176.44,64.69],[176.21,64.87],[176.85,64.85],[177.04,64.77],[177.3,64.84],[177.74,64.71],[178.27,64.67],[178.57,64.68],[178.76,64.64],[179.25,64.81],[179.48,64.82],[179.78,65.02],[180,65.07],[180,65.57],[180,66.07],[180,66.57],[180,67.06],[180,67.56],[180,68.06],[180,68.56],[180,68.98],[179.36,69.22],[179.07,69.3],[178.75,69.28],[178.77,69.42],[178.37,69.49],[178.21,69.44],[177.36,69.62],[176.74,69.68],[176.5,69.75],[176,69.77],[175.5,69.87],[175.18,69.85],[174.07,69.89],[173.93,69.85],[173.46,69.95],[173.25,69.92],[173.37,69.79],[172.86,69.9],[172.79,69.96],[171.99,69.99],[171.32,70.07],[170.61,70.12],[170.52,69.94],[170.59,69.77],[170.23,69.69],[170.29,69.58],[170.58,69.6],[170.75,69.39],[170.91,69.3],[170.9,69.17],[171.03,69.06],[170.35,68.83],[169.63,68.78],[169.45,68.85],[169.42,69.02],[168.85,69.19],[168.29,69.24],[168.19,69.38],[168.24,69.56],[167.93,69.65],[167.94,69.72],[167.67,69.77],[166.94,69.5],[166.63,69.53],[166.08,69.52],[165.68,69.6],[164.83,69.57],[164.44,69.62],[164.03,69.77],[163.77,69.69],[163.17,69.72],[162.77,69.65],[162.62,69.68],[162.21,69.66],[161.95,69.53],[161.7,69.5],[161.44,69.38],[161.4,69.22],[161.57,69.02],[160.96,69.11],[161.03,69.28],[160.92,69.46],[161.01,69.58],[160.93,69.64],[160.38,69.68],[159.8,69.81],[159.69,69.89],[160.11,70.26],[160.03,70.42],[159.69,70.67],[159.24,70.83],[158.52,70.97],[157.99,71.05],[157.59,71.08],[155.94,71.1],[154.24,70.97],[153.93,70.89],[152.99,70.83],[152.61,70.83],[152.21,70.88],[151.97,70.94],[152.14,71.02],[151.62,71.3],[151.03,71.39],[150.63,71.3],[150.51,71.35],[150.67,71.47],[149.97,71.54],[150.07,71.61],[149.18,71.69],[149.04,71.77],[149.41,71.9],[149.71,71.77],[150.02,71.85],[150.07,71.92],[149.61,72.15],[148.97,72.25],[148.4,72.31],[147.75,72.34],[147.1,72.31],[146.37,71.91],[146.16,71.82],[145.34,71.66],[144.91,71.7],[145.33,71.87],[145.75,71.91],[145.96,72.14],[146.5,72.07],[146.93,72.31],[145.07,72.26],[144.42,72.18],[144.85,72.42],[145.17,72.42],[145.33,72.35],[145.69,72.36],[146.79,72.33],[146.13,72.47],[145.71,72.5],[145.41,72.56],[143.71,72.67],[142.54,72.72],[142.23,72.7],[141.55,72.77],[141.39,72.84],[140.73,72.9],[140.66,72.81],[141.01,72.69],[140.88,72.54],[140.58,72.5],[140.07,72.48],[139.54,72.5],[139.14,72.3],[139.19,72.16],[139.56,72.23],[139.87,72.18],[139.57,71.93],[139.71,71.87],[139.74,71.67],[140,71.53],[139.72,71.46],[139.44,71.5],[139.19,71.42],[139.04,71.57],[138.76,71.64],[138.04,71.56],[137.83,71.39],[138.01,71.34],[137.97,71.22],[137.77,71.17],[137.43,71.28],[137.49,71.35],[136.89,71.46],[136.78,71.52],[135.99,71.64],[135.03,71.54],[134.78,71.43],[134.17,71.37],[133.65,71.44],[133.15,71.58],[132.81,71.83],[132.54,71.88],[132.26,71.68],[131.95,71.29],[131.55,70.89],[131.23,70.75],[130.88,70.77],[130.3,70.94],[130.14,71.05],[129.76,71.15],[129.65,71.26],[129.39,71.35],[129.25,71.55],[128.88,71.6],[128.93,71.74],[128.66,71.86],[128.62,71.96],[128.25,72.21],[128.49,72.2],[128.93,72.07],[129.33,72.09],[129.36,72.26],[129.49,72.35],[129.12,72.48],[128.61,72.48],[128.19,72.57],[127.96,72.66],[128.66,72.71],[129.2,72.66],[129.31,72.72],[128.36,72.79],[128.23,72.82],[128.29,72.91],[128.93,72.98],[129.36,72.94],[129.44,73.03],[129.07,73.13],[128.89,73.22],[128.3,73.32],[127.9,73.44],[127.18,73.54],[126.91,73.46],[126.39,73.41],[126.23,73.56],[125.76,73.47],[125.21,73.65],[124.73,73.71],[124.33,73.8],[123.97,73.63],[123.27,73.56],[123.33,73.35],[123.55,73.22],[123.38,73.16],[123.34,72.98],[123.14,72.92],[122.61,73.03],[122.04,72.89],[121.79,72.98],[121.39,72.98],[121.06,72.93],[120.66,72.98],[120.53,72.87],[119.72,72.96],[119.54,73.06],[118.92,73.12],[118.46,73.21],[118.35,73.28],[118.49,73.48],[118.45,73.59],[117.74,73.58],[117.06,73.61],[116.6,73.68],[115.41,73.71],[114.68,73.59],[114.11,73.6],[113.92,73.54],[113.49,73.51],[113.5,73.34],[113.13,73.45],[113.4,73.69],[113.11,73.89],[112.82,73.75],[112.37,73.71],[111.8,73.74],[111.3,73.87],[110.58,73.99],[110.02,74.01],[109.82,73.88],[109.53,73.78],[109.8,73.71],[110.29,73.71],[110.66,73.79],[110.9,73.69],[110.43,73.61],[109.86,73.47],[109.43,73.45],[109.22,73.39],[108.39,73.32],[107.72,73.17],[107.04,73.18],[106.78,73.14],[106.36,73.19],[106.18,73.11],[106.26,72.97],[105.48,72.77],[105.29,72.8],[105.65,72.91],[106.23,73.32],[106.65,73.31],[107.13,73.53],[107.15,73.62],[107.75,73.61],[108.09,73.66],[108.49,73.77],[108.62,73.87],[109,74.02],[109.48,74.08],[109.89,74.2],[110,74.37],[110.96,74.55],[111.47,74.7],[111.74,74.66],[112.15,74.88],[112.88,74.99],[113.61,75.29],[113.67,75.51],[113.34,75.54],[113.21,75.65],[112.88,75.65],[112.82,75.74],[113.72,75.67],[113.89,75.85],[113.52,75.93],[113.46,76.15],[113.3,76.25],[112.86,76.14],[112.61,76.22],[112.67,76.36],[112.2,76.47],[111.56,76.68],[110.36,76.76],[110.06,76.69],[109.33,76.76],[108.69,76.72],[107.95,76.74],[107.99,76.62],[107.59,76.51],[107.04,76.51],[106.6,76.56],[107.11,76.81],[107.47,76.91],[107.24,77.01],[106.83,77.06],[106.5,77.02],[105.8,77.11],[104.87,77.09],[104.88,77.17],[105.46,77.24],[105.98,77.43],[105.87,77.57],[105.33,77.54],[104.98,77.59],[104.68,77.71],[104.02,77.73],[103.59,77.63],[103.2,77.66],[102.89,77.55],[102.16,77.4],[101.21,77.1],[101.21,76.99],[100.92,76.98],[100.86,76.84],[101.14,76.72],[101.11,76.62],[100.85,76.54],[100.23,76.49],[99.51,76.47],[98.88,76.52],[99.07,76.35],[99.56,76.28],[99.88,76.1],[99.26,76.13],[99.17,76.21],[98.58,76.23],[97.8,76.1],[97.84,75.99],[97.2,75.99],[96.83,75.92],[96.48,76.02],[96.08,75.96],[96.11,76.11],[95.39,76.16],[95.26,76.12],[93.69,76.13],[93.63,76.05],[93.21,76.04],[93.01,75.94],[93.52,75.95],[93.55,75.85],[92.01,75.73],[91.58,75.64],[90.89,75.67],[90.6,75.61],[89.95,75.58],[90.06,75.52],[89.23,75.5],[89.06,75.43],[88.61,75.34],[88.31,75.18],[87.91,75.1],[87.03,75.16],[87.04,75.09],[87.64,74.97],[87.1,74.86],[87.08,74.77],[86.76,74.7],[85.94,74.73],[85.74,74.64],[86.19,74.62],[86.49,74.57],[86.48,74.46],[86.02,74.26],[86.51,74.26],[87.3,73.84],[87.43,73.82],[87.17,73.61],[86.2,73.56],[87.01,73.78],[87.08,73.87],[86.78,73.9],[86.02,73.87],[85.6,73.82],[85.43,73.71],[85.01,73.71],[84.79,73.77],[84.37,73.71],[83.73,73.69],[83.48,73.66],[81.96,73.66],[81.53,73.65],[80.83,73.57],[80.57,73.58],[80.61,73.45],[80.27,73.31],[80.53,73.28],[80.51,73.08],[80.75,73.04],[80.84,72.92],[80.63,72.72],[80.83,72.62],[80.7,72.55],[81.21,72.36],[81.59,72.35],[82.13,72.28],[82.3,72.22],[82.19,72.09],[82.79,71.91],[83.36,71.84],[83.63,71.61],[83.54,71.5],[83.15,71.25],[83.38,71.03],[83.78,70.48],[83.48,70.33],[82.95,70.33],[83.18,70.14],[82.88,70.09],[82.67,70.17],[82.66,70.26],[83.01,70.43],[82.99,70.57],[83.13,70.88],[82.69,70.96],[82.41,70.79],[82.2,71.02],[82.35,71.1],[82.3,71.29],[82.82,71.39],[83.05,71.56],[83.32,71.67],[82.87,71.79],[82.19,71.71],[81.74,71.7],[81.34,71.76],[81.25,71.86],[80.65,72.03],[80.83,72.08],[80.01,72.21],[79.39,72.39],[79.02,72.38],[78.5,72.41],[78.09,72.36],[77.74,72.22],[77.49,72.18],[77.56,72.07],[77.94,72.12],[78.2,72],[78.11,71.88],[77.58,71.83],[76.95,72.04],[76.35,72],[76.03,71.92],[76.33,71.56],[76.71,71.46],[77.1,71.42],[77.23,71.36],[77.67,71.29],[77.9,71.31],[78.28,71.26],[78.24,71.11],[78.5,71.11],[78.61,70.96],[78.41,70.9],[78,70.96],[77.78,71.14],[76.15,71.23],[75.73,71.27],[75.34,71.33],[75.23,71.41],[75.53,71.54],[75.22,71.81],[75.29,71.96],[75.44,71.99],[75.52,72.15],[75.74,72.26],[75.57,72.47],[75.7,72.55],[75.43,72.69],[75.32,72.82],[74.98,72.88],[74.75,72.81],[75,72.67],[75.11,72.35],[75.08,72.21],[74.93,72.1],[74.33,71.96],[73.94,71.91],[73.53,71.82],[73.48,71.65],[73.04,71.44],[73.56,71.26],[73.95,70.84],[74.26,70.72],[74.34,70.56],[74.01,70.31],[73.74,70.18],[73.77,70.1],[73.66,69.86],[73.52,69.75],[73.9,69.41],[73.75,69.18],[73.96,69.08],[74.25,69.14],[74.77,69.08],[75.09,69.13],[75.51,69.26],[76.04,69.24],[76.43,69.14],[76.76,69.13],[76.93,69.01],[77.23,68.99],[77.68,68.89],[77.77,68.57],[77.96,68.5],[78.09,68.36],[78.1,68.25],[77.75,68.23],[77.54,68.13],[77.46,67.79],[77.62,67.73],[77.92,67.73],[78.11,67.66],[78.48,67.67],[78.5,67.56],[78.23,67.58],[78.05,67.54],[77.68,67.62],[77.12,67.77],[77.3,67.93],[77.19,67.99],[77.23,68.12],[77.36,68.23],[77.17,68.28],[77.3,68.38],[77.32,68.53],[76.66,68.76],[76.61,68.97],[76.38,68.99],[75.82,68.94],[75.62,68.9],[75.19,68.88],[74.63,68.78],[74.41,68.62],[74.46,68.51],[74.33,68.39],[74.7,68.18],[74.83,67.94],[74.73,67.69],[74.1,67.43],[73.9,67.3],[73.95,67.23],[73.87,67.01],[73.66,66.94],[73.49,66.82],[73,66.74],[72.94,66.66],[72.49,66.62],[72.37,66.47],[72.35,66.31],[71.99,66.23],[71.68,66.32],[71.15,66.37],[70.36,66.33],[69.9,66.42],[69.73,66.48],[69.39,66.51],[69.11,66.62],[69.13,66.83],[69.64,66.84],[69.94,66.86],[70.17,66.71],[70.32,66.68],[70.58,66.76],[70.68,66.72],[70.3,66.64],[70.41,66.56],[70.69,66.52],[70.98,66.54],[71.35,66.66],[71.6,66.7],[71.52,66.88],[71.76,66.93],[72.23,67.17],[72.06,67.31],[72.4,67.33],[72.39,67.47],[72.61,67.63],[73.15,67.73],[73.2,67.97],[73.08,68.12],[73.09,68.21],[73.64,68.5],[73.54,68.58],[72.85,68.8],[72.58,68.94],[72.49,69.2],[72.65,69.29],[72.63,69.51],[72.5,69.65],[72.69,69.84],[72.49,70.05],[72.62,70.16],[72.46,70.3],[72.77,70.43],[72.69,70.63],[72.83,70.89],[72.62,71.03],[72.57,71.16],[72.11,71.29],[71.84,71.43],[71.84,71.53],[72.21,71.61],[72.36,71.74],[72.35,71.86],[72.52,71.92],[72.6,72.06],[72.86,72.27],[72.73,72.62],[72.81,72.66],[72.5,72.79],[71.56,72.92],[70.66,72.89],[70.17,72.9],[69.28,72.84],[68.99,72.71],[68.64,72.03],[68.48,71.84],[67.95,71.53],[67.31,71.35],[66.93,71.3],[66.65,71.08],[66.82,71],[66.61,70.88],[66.69,70.77],[67.14,70.84],[67.32,70.78],[67.22,70.55],[67.28,70.48],[67.09,70.22],[67.33,70.11],[67.25,70.02],[66.87,70],[66.77,69.74],[66.86,69.64],[67.1,69.69],[67.63,69.59],[67.97,69.49],[68.11,69.4],[68.02,69.33],[68.13,69.22],[68.49,68.97],[69.11,68.88],[68.92,68.64],[68.57,68.38],[68.6,68.32],[68.38,68.23],[68.14,68.42],[67.91,68.47],[67.06,68.78],[66.99,68.88],[66.68,68.9],[66.11,69.04],[65.85,69.06],[65.82,69.14],[65.42,69.18],[65.07,69.27],[64.55,69.45],[64.13,69.55],[63.41,69.67],[62.63,69.74],[62.16,69.75],[61.41,69.79],[60.93,69.87],[60.77,69.85],[60.65,69.67],[60.23,69.67],[60.14,69.58],[60.52,69.33],[60.58,69.15],[60.84,69.16],[60.93,69.08],[60.91,68.93],[60.47,68.72],[59.77,68.67],[59.96,68.47],[59.68,68.34],[59.11,68.41],[59.06,68.62],[59.42,68.77],[58.88,69],[57.98,68.85],[57.93,68.75],[57.6,68.74],[57.33,68.57],[56.85,68.57],[56.63,68.64],[56.2,68.62],[55.95,68.65],[55.79,68.6],[55.39,68.56],[55,68.44],[54.86,68.19],[54.65,68.19],[54.47,68.3],[54.24,68.21],[53.81,68.25],[53.24,68.25],[53.44,68.37],[53.79,68.35],[53.92,68.49],[53.72,68.66],[53.96,68.88],[54.36,68.96],[54.1,69],[53.44,68.92],[52.81,68.77],[52.5,68.62],[52.73,68.47],[52.4,68.34],[52.16,68.4],[52.33,68.49],[52.06,68.54],[51.56,68.48],[51.51,68.42],[50.95,68.34],[50.76,68.37],[50.44,68.22],[49.66,67.98],[49.13,67.86],[48.84,67.86],[48.81,67.77],[48.93,67.69],[48.36,67.69],[48.01,67.65],[47.83,67.56],[47.95,67.44],[47.77,67.34],[47.7,67.21],[47.73,67],[46.93,66.85],[46.58,66.82],[46.49,66.88],[46.04,66.83],[45.85,66.89],[45.59,67.16],[44.95,67.32],[44.92,67.44],[45.03,67.53],[45.32,67.59],[45.35,67.73],[46,67.77],[46.72,67.85],[46.55,68.04],[46.54,68.13],[46.03,68.32],[45.94,68.45],[45.31,68.55],[43.99,68.55],[43.48,68.67],[43.33,68.61],[44.16,68.34],[44.24,68.28],[44.09,67.84],[44.13,67.8],[44,67.58],[43.79,67.34],[43.82,67.18],[44.21,67.13],[44.5,66.92],[44.36,66.78],[44.49,66.68],[44.25,66.45],[44.1,66.26],[44.05,66.08],[43.66,66.29],[43.41,66.33],[43.25,66.44],[42.75,66.4],[42.65,66.45],[42.2,66.53],[41.86,66.3],[41.34,66.06],[40.8,65.99],[40.28,65.73],[39.83,65.61],[39.71,65.47],[39.72,65.38],[40.11,65.08],[40.38,64.92],[40.52,64.54],[40.18,64.56],[39.81,64.66],[39.74,64.56],[39.57,64.55],[39.33,64.64],[38.92,64.73],[38.51,64.79],[38.36,64.85],[38.05,64.85],[37.8,64.92],[37.71,65.02],[37.01,65.17],[36.9,65.15],[36.81,64.96],[36.57,64.9],[36.56,64.72],[36.74,64.68],[37.12,64.4],[37.34,64.34],[37.52,64.39],[37.8,64.38],[38,64.32],[37.91,64.22],[38.09,64.06],[38,63.96],[37.61,63.88],[37.61,63.82],[37.29,63.82],[37.17,63.9],[36.7,63.93],[36.29,64.01],[36.24,64.13],[36.01,64.19],[35.81,64.34],[35.41,64.29],[35.28,64.38],[34.96,64.45],[34.85,64.56],[34.98,64.61],[34.8,64.76],[34.93,64.84],[34.78,64.97],[34.77,65.11],[34.62,65.26],[34.37,65.39],[34.63,65.49],[34.78,65.6],[34.75,65.7],[34.97,65.73],[34.84,65.91],[34.5,66.12],[33.97,66.25],[33.48,66.35],[33.62,66.45],[33.35,66.48],[33.19,66.58],[33.03,66.59],[32.89,66.78],[32.71,66.8],[32.48,66.91],[32.56,66.99],[32.31,67.06],[32.38,67.16],[32.85,67.08],[32.84,66.98],[33.1,66.86],[33.48,66.73],[33.59,66.82],[33.83,66.7],[34.28,66.67],[34.43,66.55],[34.89,66.6],[35.38,66.42],[36.41,66.3],[36.89,66.29],[37.27,66.23],[37.55,66.15],[37.93,66.09],[38.55,66.06],[39.34,66.14],[40.09,66.29],[40.44,66.41],[40.76,66.61],[41.18,66.81],[41.36,67.01],[41.34,67.17],[41.11,67.25],[41.15,67.42],[41,67.47],[41.02,67.7],[40.32,67.85],[40.36,67.9],[39.86,68.06],[39.52,68.08],[38.66,68.38],[38.44,68.36],[38.32,68.45],[38.07,68.51],[37.68,68.71],[37.46,68.74],[36.84,68.94],[35.97,69.18],[35.33,69.28],[35.09,69.23],[34.66,69.25],[34.42,69.31],[33.62,69.33],[33.45,69.45],[32.69,69.5],[32.06,69.62],[32.16,69.66],[32.87,69.58],[33.12,69.66],[32.92,69.78],[32.52,69.8],[32.05,69.96],[31.75,69.85],[31.7,69.74],[31.41,69.72],[30.84,69.81],[30.93,69.67],[30.9,69.54],[30.51,69.54],[30.29,69.62],[30.12,69.44],[29.9,69.36],[29.34,69.28],[29.24,69.11],[28.95,69.03],[28.46,68.9],[28.8,68.83],[28.46,68.54],[28.66,68.2],[29.3,68.08],[29.65,67.82],[30.01,67.69],[29.92,67.51],[29.52,67.3],[29.1,66.99],[29.09,66.84],[29.52,66.49],[29.59,66.35],[29.88,66.13],[30.11,65.71],[29.7,65.63],[29.72,65.33],[29.58,65.24],[29.83,65.21],[29.82,65.09],[29.59,64.99],[29.78,64.8],[30.06,64.78],[30.17,64.68],[29.97,64.58],[30.09,64.36],[30.32,64.32],[30.56,64.22],[30.59,64.08],[30.51,63.99],[30.2,63.79],[29.98,63.74],[30.49,63.46],[30.82,63.38],[31.23,63.2],[31.25,63.12],[31.57,62.91],[31.44,62.79],[31.24,62.5],[30.91,62.29],[30.64,62.18],[29.78,61.59],[29.54,61.49],[29.2,61.25],[28.8,61.1],[28.15,60.76],[27.81,60.55],[28.22,60.55],[28.4,60.67],[28.72,60.72],[28.61,60.39],[28.79,60.34],[29.09,60.18],[29.42,60.17],[29.7,60.2],[29.85,60.17],[29.95,60.03],[30.21,60],[30.12,59.87],[29.8,59.94],[29.16,60],[29.01,59.93],[28.98,59.83],[28.72,59.79],[28.5,59.86],[28.38,59.67],[28.19,59.76],[28.01,59.76],[28.07,59.58],[28.02,59.48],[28.19,59.38],[28.08,59.31],[27.88,59.28],[27.84,59.16],[27.7,58.98],[27.48,58.88],[27.41,58.76],[27.56,58.4],[27.5,58.22],[27.63,58.09],[27.67,57.91],[27.41,57.69],[27.35,57.53],[27.53,57.53],[27.51,57.43],[27.84,57.29],[27.82,57.16],[27.63,56.84],[27.83,56.86],[27.87,56.74],[28,56.6],[28.13,56.55],[28.22,56.28],[28.15,56.14],[28.31,56.04],[28.39,56.09],[28.62,56.08],[28.71,55.96],[29.03,56.02],[29.38,55.95],[29.34,55.79],[29.46,55.69],[29.87,55.83],[30.22,55.86],[30.47,55.79],[30.6,55.67],[30.74,55.59],[30.91,55.57],[30.91,55.38],[30.79,55.29],[30.96,55.16],[31.01,55.04],[30.82,54.93],[30.77,54.79],[31.17,54.62],[31.07,54.49],[31.21,54.45],[31.33,54.23],[31.53,54.14],[31.75,54.09],[31.85,53.99],[31.75,53.82],[31.87,53.78],[32.08,53.81],[32.29,53.76],[32.48,53.66],[32.45,53.55],[32.72,53.44],[32.72,53.34],[32.48,53.31],[32.46,53.24],[32.21,53.1],[32.08,53.08],[31.8,53.11],[31.74,53.19],[31.38,53.18],[31.37,53.1],[31.25,53.01],[31.39,52.89],[31.51,52.85],[31.57,52.73],[31.48,52.68],[31.58,52.58],[31.61,52.35],[31.76,52.1],[31.89,52.04],[32.1,52.04],[32.31,52.14],[32.34,52.29],[32.53,52.32],[32.73,52.25],[32.93,52.25],[33.2,52.37],[33.36,52.36],[33.53,52.29],[33.8,52.36],[34.07,52.16],[34.07,52.03],[34.23,51.9],[34.39,51.82],[34.38,51.71],[34.13,51.68],[34.22,51.52],[34.28,51.3],[34.62,51.23],[34.75,51.17],[34.95,51.21],[35.1,51.18],[35.17,51.04],[35.27,51.05],[35.45,50.69],[35.38,50.62],[35.42,50.5],[35.7,50.35],[35.84,50.42],[36.11,50.42],[36.27,50.28],[36.4,50.31],[36.68,50.26],[36.91,50.34],[37.2,50.36],[37.44,50.43],[37.6,50.29],[37.59,50.22],[37.73,50.08],[37.88,50.02],[38,49.9],[38.17,49.94],[38.17,50.06],[38.34,49.99],[38.85,49.87],[38.94,49.8],[39.18,49.86],[39.33,49.73],[39.56,49.72],[39.62,49.61],[39.83,49.54],[39.97,49.6],[40.12,49.59],[40.04,49.46],[40.16,49.33],[40.14,49.25],[39.95,49.13],[39.92,49.05],[39.68,49.02],[39.78,48.89],[39.63,48.59],[39.81,48.58],[39.92,48.38],[39.82,48.31],[39.99,48.25],[39.84,48.12],[39.76,47.83],[39.09,47.83],[38.88,47.86],[38.77,47.78],[38.74,47.68],[38.56,47.63],[38.35,47.61],[38.26,47.49],[38.19,47.3],[38.22,47.1],[38.63,47.14],[38.94,47.19],[39.09,47.29],[39.26,47.26],[39.26,47.01],[39.08,47.03],[38.8,46.89],[38.4,46.82],[38.28,46.73],[37.98,46.62],[37.85,46.62],[37.83,46.48],[38.12,46.38],[38.3,46.22],[38.56,46.12],[38.45,46.03],[38.25,46.14],[38.16,46.06],[37.94,46.02],[37.83,45.75],[37.59,45.6],[37.74,45.38],[37.71,45.3],[37.51,45.36],[37.43,45.32],[37.16,45.33],[36.83,45.44],[36.71,45.39],[36.79,45.29],[36.59,45.17],[36.7,45.1],[36.84,45.11],[37.19,44.99],[37.29,44.93],[37.35,44.78],[37.48,44.68],[37.92,44.61],[38.11,44.5],[38.18,44.41],[38.31,44.37],[38.6,44.33],[38.76,44.27],[38.87,44.17],[38.98,44.15],[39.12,44.02],[39.33,43.9],[39.46,43.77],[39.72,43.57],[39.87,43.5],[39.99,43.39],[40.06,43.54],[40.23,43.58],[40.48,43.51],[40.65,43.54],[40.88,43.46],[41.01,43.38],[41.18,43.38],[41.55,43.23],[42.08,43.19],[42.19,43.23],[42.42,43.23],[42.6,43.14],[42.83,43.17],[43.19,42.93],[43.52,42.86],[43.8,42.75],[43.75,42.6],[43.94,42.55],[44.06,42.62],[44.2,42.63],[44.27,42.7],[44.56,42.75],[44.68,42.72],[44.76,42.62],[44.86,42.76],[45.01,42.7],[45.18,42.68],[45.36,42.52],[45.48,42.54],[45.7,42.51],[45.74,42.45],[45.63,42.2],[45.9,42.09],[45.93,42.03],[46.21,42],[46.43,41.89],[46.55,41.8],[46.74,41.85],[46.76,41.79],[46.91,41.71],[47.03,41.56],[47.14,41.55],[47.24,41.42],[47.27,41.3],[47.38,41.26],[47.74,41.19],[47.9,41.23],[48.05,41.46],[48.2,41.49],[48.37,41.58],[48.58,41.85],[48.42,41.92],[48.3,42.1],[48.1,42.35],[47.94,42.48],[47.87,42.59],[47.72,42.7],[47.7,42.87],[47.46,43.02],[47.49,43.46],[47.6,43.77],[47.7,43.87],[47.6,43.9],[47.5,43.78],[47.25,44.21],[47.08,44.26],[47.03,44.36],[46.77,44.4],[46.68,44.53],[46.79,44.71],[47.08,44.82],[47.2,44.97],[47.31,45.2],[47.57,45.56],[47.63,45.71],[47.75,45.69],[48.06,45.75],[48.22,45.73],[48.29,45.84],[48.4,45.84],[48.47,45.94],[48.57,45.97],[48.74,45.91],[48.71,46.13],[48.89,46.12],[49.11,46.22],[49.23,46.33],[48.9,46.48],[48.71,46.55],[48.57,46.56],[48.47,46.66],[48.56,46.76],[48.68,46.76],[48.76,46.68],[48.92,46.7],[49.01,46.77],[48.7,47.1],[48.53,47.41],[48.36,47.49],[48.17,47.71],[48.04,47.77],[47.65,47.77],[47.44,47.83],[47.36,47.68],[47.17,47.77],[47.16,47.87],[47.05,47.98],[47.1,48.1],[47.08,48.28],[46.48,48.41],[46.75,48.91],[46.93,49],[47.02,49.1],[47.03,49.2],[46.78,49.33],[46.9,49.82],[46.96,49.88],[47.18,49.95],[47.33,50.07],[47.27,50.19],[47.3,50.28],[47.47,50.41],[47.63,50.44],[47.99,50.18],[48.24,49.87],[48.42,49.81],[48.79,49.93],[48.89,50.02],[48.7,50.34],[48.67,50.58],[48.83,50.6],[49.14,50.78],[49.28,50.8],[49.42,50.88],[49.35,50.96],[49.42,51.1],[49.78,51.1],[49.99,51.23],[50.33,51.3],[50.38,51.42],[50.52,51.46],[50.58,51.64],[50.8,51.63],[50.93,51.68],[51.23,51.69],[51.37,51.63],[51.3,51.47],[51.65,51.45],[51.78,51.49],[51.77,51.59],[51.9,51.68],[52.09,51.66],[52.34,51.76],[52.53,51.47],[52.79,51.51],[52.96,51.46],[53.19,51.51],[53.41,51.48],[53.61,51.39],[53.59,51.29],[53.67,51.22],[53.94,51.19],[54.11,51.1],[54.15,50.99],[54.28,50.9],[54.48,50.85],[54.38,50.6],[54.5,50.52],[54.68,50.6],[54.64,50.89],[54.5,50.93],[54.64,51.03],[54.89,50.91],[55.05,50.88],[55.08,50.8],[55.31,50.67],[55.49,50.65],[55.66,50.53],[56.08,50.73],[56.18,50.91],[56.29,50.88],[56.51,51.07],[56.87,51.05],[57.17,51.09],[57.33,50.9],[57.74,50.94],[57.77,51.12],[57.96,51.08],[58.19,51.07],[58.31,51.15],[58.4,51.06],[58.6,51.02],[58.55,50.93],[58.66,50.79],[58.93,50.68],[59.2,50.66],[59.29,50.62],[59.44,50.63],[59.52,50.48],[59.78,50.53],[59.92,50.69],[60.02,50.85],[60.14,50.84],[60.18,50.74],[60.3,50.69],[60.72,50.65],[61.37,50.78],[61.43,50.83],[61.51,51.16],[61.59,51.28],[61.47,51.43],[61.36,51.46],[61.04,51.48],[60.92,51.61],[60.52,51.62],[60.38,51.66],[60.45,51.81],[60.14,51.89],[60.2,51.99],[60.51,52.15],[60.67,52.14],[61.04,52.34],[60.95,52.48],[60.83,52.51],[60.8,52.63],[60.7,52.74],[60.83,52.77],[61.19,53.01],[61.45,53.02],[61.61,52.95],[61.82,52.98],[61.92,52.94],[62.09,52.99],[62.05,53.13],[61.76,53.17],[61.64,53.24],[61.48,53.22],[61.2,53.28],[61.14,53.37],[61.22,53.49],[61.41,53.44],[61.56,53.51],[61.5,53.59],[61.28,53.54],[61.01,53.64],[61.2,53.82],[61.07,53.88],[61.19,54.02],[61.31,54.06],[61.48,54],[61.78,54],[62.41,54.03],[62.39,53.94],[62.5,53.88],[62.67,54.08],[63.09,54.09],[63.12,54.17],[63.33,54.16],[63.71,54.25],[63.86,54.2],[63.98,54.3],[64.58,54.39],[64.72,54.33],[64.91,54.4],[65.1,54.31],[65.21,54.34],[65.21,54.53],[65.43,54.55],[65.48,54.63],[65.71,54.6],[65.83,54.67],[65.98,54.61],[66.45,54.71],[66.7,54.72],[66.78,54.76],[67.21,54.8],[67.28,54.85],[67.62,54.85],[67.82,54.95],[68.17,54.96],[68.31,55.07],[68.26,55.19],[68.62,55.21],[68.72,55.35],[69.19,55.33],[69.33,55.39],[69.67,55.33],[69.94,55.2],[70.2,55.13],[70.37,55.2],[70.46,55.29],[70.67,55.31],[70.98,55.08],[70.95,54.87],[71.01,54.77],[71.2,54.72],[71.25,54.63],[71.14,54.56],[71.19,54.32],[70.98,54.33],[71.04,54.19],[71.18,54.1],[71.32,54.2],[71.48,54.11],[71.71,54.13],[71.76,54.25],[72.07,54.22],[72.19,54.36],[72.33,54.22],[72.3,54.18],[72.42,54.02],[72.67,53.95],[72.62,54.14],[72.96,54.12],[73.06,53.98],[73.36,53.94],[73.52,53.96],[73.59,54.07],[73.74,54.06],[73.7,53.9],[73.49,53.88],[73.23,53.66],[73.23,53.57],[73.39,53.52],[73.42,53.43],[73.65,53.61],[73.87,53.63],[74.21,53.6],[74.27,53.52],[74.41,53.48],[74.45,53.69],[74.62,53.68],[74.77,53.83],[75.03,53.81],[75.43,53.99],[75.46,54.1],[75.64,54.1],[76.18,54.25],[76.23,54.35],[76.43,54.32],[76.81,54.41],[76.84,54.3],[76.67,54.13],[76.37,54.15],[76.53,53.96],[77.61,53.44],[77.87,53.27],[78.48,52.64],[79.04,51.99],[79.47,51.49],[79.99,50.79],[80.12,50.82],[80.27,50.92],[80.44,50.96],[80.43,51.2],[80.6,51.21],[80.68,51.3],[80.94,51.21],[81.16,51.17],[81.06,50.95],[81.4,50.96],[81.46,50.73],[81.67,50.74],[81.76,50.78],[81.99,50.76],[82.07,50.72],[82.41,50.75],[82.48,50.71],[82.7,50.81],[82.77,50.91],[82.98,50.88],[83.11,50.99],[83.43,50.99],[83.5,50.95],[83.8,50.88],[83.95,50.78],[83.98,50.69],[84.1,50.63],[84.2,50.49],[84.24,50.28],[84.44,50.25],[84.72,50.14],[84.98,50.08],[84.96,49.91],[85.03,49.89],[85.26,49.58],[85.38,49.62],[85.83,49.54],[85.93,49.49],[86.11,49.52],[86.48,49.68],[86.61,49.8],[86.76,49.77],[86.78,49.7],[86.59,49.59],[86.82,49.51],[86.91,49.35],[87.08,49.24],[87.22,49.23],[87.32,49.09],[87.82,49.17]]],[[[22.77,54.36],[22.68,54.45],[22.73,54.73],[22.83,54.78],[22.81,54.89],[22.63,54.96],[22.58,55.06],[22.25,55.07],[22.1,55.03],[21.5,55.19],[21.41,55.27],[21.27,55.25],[21.18,55.19],[21.23,54.94],[21.08,54.9],[20.86,54.91],[20.53,54.97],[20.82,55.14],[20.99,55.27],[20.93,55.28],[20.63,55.05],[20.37,54.95],[20.03,54.95],[19.92,54.89],[19.96,54.77],[19.83,54.6],[19.61,54.46],[19.68,54.44],[20.93,54.4],[22.7,54.34],[22.77,54.36]]],[[[33.63,46.13],[33.65,45.98],[33.71,45.91],[33.48,45.85],[33.27,45.75],[32.94,45.66],[32.64,45.52],[32.48,45.41],[32.51,45.34],[32.66,45.32],[32.9,45.35],[33.26,45.16],[33.41,45.19],[33.56,45.09],[33.62,44.93],[33.55,44.84],[33.55,44.71],[33.48,44.61],[33.38,44.57],[33.65,44.43],[33.96,44.38],[34.14,44.44],[34.33,44.55],[34.47,44.73],[34.76,44.82],[34.95,44.84],[35.08,44.79],[35.15,44.9],[35.39,45],[35.42,45.07],[35.55,45.12],[35.77,45.07],[35.85,44.99],[36.05,45.05],[36.23,45.01],[36.44,45.07],[36.42,45.23],[36.5,45.35],[36.61,45.41],[36.3,45.47],[36.14,45.46],[36.02,45.37],[35.79,45.41],[35.7,45.33],[35.48,45.3],[35.33,45.37],[35,45.73],[34.79,45.8],[34.78,45.9],[34.69,45.97],[34.47,45.96],[34.36,46.06],[34.1,46.1],[33.85,46.2],[33.63,46.13]]],[[[-180,65.07],[-179.66,65.14],[-179.52,65.24],[-179.5,65.4],[-179.26,65.53],[-179.28,65.63],[-179.72,65.78],[-179.83,65.93],[-179.77,66.1],[-179.31,66.13],[-179.17,66.29],[-178.98,66.16],[-178.78,66.17],[-178.62,66.3],[-178.5,66.14],[-178.68,66.1],[-178.72,65.99],[-178.87,65.89],[-178.63,65.73],[-178.41,65.68],[-178.53,65.51],[-178.28,65.44],[-177.42,65.44],[-177.25,65.54],[-176.98,65.61],[-175.91,65.4],[-175.88,65.26],[-175.74,65.12],[-175.77,64.94],[-175.63,64.92],[-175.46,64.8],[-175.06,64.76],[-174.59,64.82],[-174.65,64.72],[-174.04,64.53],[-173.99,64.41],[-173.11,64.24],[-172.59,64.37],[-172.22,64.41],[-172.46,64.56],[-172.82,64.61],[-172.7,64.88],[-172.32,64.95],[-172.09,65.05],[-172.2,65.22],[-172.16,65.42],[-172.39,65.43],[-172.39,65.58],[-172.67,65.62],[-172.68,65.7],[-171.81,65.49],[-171.25,65.52],[-171.04,65.47],[-170.98,65.59],[-170.67,65.6],[-170.49,65.67],[-170.53,65.85],[-170.14,66],[-169.89,66.04],[-169.7,66.13],[-170.09,66.17],[-170.15,66.25],[-170.56,66.35],[-170.86,66.51],[-171.36,66.68],[-171.33,66.75],[-171.67,66.85],[-171.63,66.91],[-171.89,66.97],[-172.67,66.89],[-173,66.92],[-173.27,67.05],[-173.65,67.12],[-174.19,67.03],[-174.03,66.96],[-173.93,66.67],[-174.2,66.59],[-173.83,66.51],[-173.69,66.44],[-173.86,66.35],[-174.02,66.47],[-174.3,66.35],[-174.43,66.36],[-174.44,66.53],[-174.81,66.59],[-174.97,66.68],[-174.69,66.76],[-174.76,66.91],[-174.91,67.04],[-174.81,67.36],[-175.16,67.34],[-175.29,67.67],[-175.82,67.81],[-175.95,67.73],[-175.67,67.62],[-175.91,67.59],[-176.27,67.67],[-176.3,67.72],[-176.05,67.85],[-176.24,67.9],[-176.5,67.89],[-176.78,67.97],[-176.72,68.03],[-177.26,68.21],[-177.61,68.2],[-177.97,68.33],[-178.04,68.43],[-178.7,68.54],[-178.64,68.64],[-178.84,68.75],[-179.26,68.8],[-179.51,68.92],[-180,68.98],[-180,68.56],[-180,68.06],[-180,67.56],[-180,67.06],[-180,66.57],[-180,66.07],[-180,65.57],[-180,65.07]]],[[[178.86,71.21],[178.62,71.04],[178.83,70.81],[179.13,70.88],[179.67,70.88],[180,70.99],[180,71.05],[180,71.54],[179.56,71.45],[178.86,71.21]]],[[[-180,70.99],[-179.34,70.91],[-178.88,70.98],[-177.93,71.04],[-177.64,71.12],[-177.44,71.24],[-177.72,71.31],[-178.39,71.54],[-179.07,71.6],[-179.37,71.57],[-179.74,71.59],[-180,71.54],[-180,71.05],[-180,70.99]]],[[[142.53,54.3],[142.41,54.23],[142.47,54.15],[142.71,53.95],[142.61,53.71],[142.51,53.56],[142.58,53.5],[142.46,53.38],[142.24,53.41],[142.23,53.52],[141.94,53.45],[141.77,53.37],[141.84,53.16],[141.93,53.02],[141.84,52.74],[141.84,52.59],[141.78,52.47],[141.66,52.38],[141.65,52.09],[141.68,51.91],[141.81,51.81],[141.82,51.67],[142.08,51.47],[142.18,51.31],[142.27,51.07],[142.1,50.81],[142.04,50.53],[142.15,50.36],[142.17,50.09],[142.13,49.9],[142.16,49.68],[142.12,49.45],[142.06,49.32],[142.08,49.2],[141.97,48.86],[141.86,48.77],[141.92,48.61],[142.1,48.4],[142.17,48.15],[142.19,47.94],[142.09,47.86],[141.96,47.59],[141.98,47.3],[142.06,47.17],[142.06,47.05],[141.82,46.6],[141.84,46.42],[141.9,46.28],[141.93,46.04],[142.04,45.92],[142.2,46.03],[142.28,46.33],[142.46,46.63],[142.73,46.74],[142.8,46.59],[142.93,46.62],[143.34,46.56],[143.34,46.41],[143.42,46.22],[143.52,46.24],[143.63,46.38],[143.53,46.59],[143.5,46.8],[143.3,46.8],[143.34,46.68],[143.17,46.71],[143.08,46.81],[143.12,46.88],[143.03,47.07],[143.02,47.25],[142.91,47.37],[142.76,47.43],[142.59,47.64],[142.54,47.77],[142.55,48.02],[142.79,48.56],[142.99,48.92],[142.98,49.05],[143.07,49.19],[143.17,49.25],[143.5,49.35],[144.01,49.27],[144.44,49.01],[144.28,49.25],[144.23,49.52],[144.14,49.64],[144.13,49.75],[144,50.01],[143.79,50.31],[143.68,50.74],[143.59,51.01],[143.54,51.24],[143.48,51.24],[143.46,51.47],[143.22,51.53],[143.31,51.75],[143.16,51.87],[143.13,51.97],[143.18,52.31],[143.12,52.34],[143.34,52.7],[143.29,53.15],[143.21,53.36],[143.12,53.38],[143.09,53.56],[142.89,53.81],[143,54.14],[142.73,54.42],[142.53,54.3]]],[[[-172.24,64.82],[-172.46,64.83],[-172.63,64.68],[-172.18,64.74],[-172.24,64.82]]],[[[70.13,66.56],[70.09,66.69],[69.73,66.77],[69.43,66.77],[69.55,66.59],[69.83,66.49],[70.13,66.56]]],[[[161.49,69.03],[161.32,69.24],[161.14,69.09],[161.49,69.03]]],[[[51.41,71.81],[51.53,71.57],[51.86,71.46],[52.57,71.58],[52.61,71.47],[52.97,71.41],[53.25,71.46],[53.45,71.26],[54.08,71.1],[53.49,71.07],[53.74,70.95],[53.67,70.87],[54.01,70.76],[54.69,70.77],[54.78,70.67],[55.27,70.58],[55.25,70.68],[55.5,70.71],[55.82,70.61],[56.13,70.6],[56.36,70.65],[57.07,70.67],[57.43,70.62],[57.64,70.73],[57.06,70.86],[56.11,71.26],[56.03,71.37],[55.67,71.61],[55.5,71.9],[55.36,71.97],[55.39,72.11],[55.58,72.2],[55.38,72.3],[55.47,72.44],[55.69,72.57],[55.87,72.8],[56.22,72.83],[56.23,73.01],[56.55,73.12],[56.44,73.23],[55.3,73.34],[54.94,73.43],[54.53,73.38],[54.19,73.27],[53.75,73.3],[53.32,73.22],[53.16,73.15],[53.14,72.96],[52.62,72.86],[52.4,72.72],[52.75,72.67],[52.93,72.56],[52.66,72.43],[52.67,72.31],[52.4,72.22],[52.33,72.07],[51.96,72.11],[51.61,72.09],[51.4,71.87],[51.41,71.81]]],[[[56.99,74.69],[56.56,74.68],[56.39,74.72],[55.9,74.66],[55.53,74.66],[55.71,74.52],[55.23,74.38],[55.53,74.35],[55.62,74.19],[55.02,74.17],[54.68,74.07],[54.73,73.98],[54.25,73.92],[53.87,73.78],[53.97,73.63],[54.54,73.61],[54.2,73.51],[54.47,73.39],[55.02,73.44],[55.44,73.33],[55.77,73.35],[56.12,73.29],[56.69,73.24],[57.18,73.42],[57.33,73.57],[57.57,73.61],[57.59,73.7],[57.95,73.81],[57.88,73.93],[58.21,74.01],[58.14,74.14],[58.39,74.14],[58.73,74.24],[58.57,74.39],[59.09,74.5],[59.22,74.61],[59.88,74.63],[59.93,74.72],[60.28,74.75],[60.56,74.87],[60.83,75.15],[61.65,75.28],[62.03,75.45],[62.27,75.44],[63.03,75.59],[63.3,75.59],[63.61,75.68],[63.86,75.67],[65.22,75.85],[66.18,75.96],[66.69,76.06],[67.15,76.11],[67.91,76.26],[68.29,76.28],[68.75,76.51],[68.93,76.72],[68.46,76.97],[67.59,77.01],[66.94,76.95],[65.75,76.68],[65.61,76.58],[65.17,76.47],[64.83,76.48],[64.04,76.32],[63.72,76.35],[62.96,76.21],[62.78,76.27],[62.09,76.25],[61.64,76.31],[61.08,76.28],[60.84,76.12],[60.27,76.11],[60.05,75.99],[59.75,75.93],[59.4,75.94],[59.14,75.86],[58.26,75.69],[58.05,75.58],[57.56,75.52],[57.74,75.33],[57.05,75.4],[56.84,75.36],[56.88,75.22],[56.61,75.11],[56.37,75.19],[55.81,75.16],[55.87,75],[56.54,74.93],[55.89,74.85],[55.94,74.78],[56.47,74.8],[56.63,74.69],[56.99,74.69]]],[[[146.88,43.86],[146.6,43.81],[146.67,43.71],[146.82,43.78],[146.88,43.86]]],[[[146.47,44.43],[146.36,44.42],[146.12,44.51],[145.98,44.29],[145.8,44.16],[145.73,44.04],[145.41,43.84],[145.44,43.73],[145.57,43.73],[145.58,43.83],[145.79,43.95],[145.93,44.12],[146.14,44.27],[146.33,44.29],[146.47,44.43]]],[[[148.8,45.42],[148.8,45.52],[148.62,45.5],[148.31,45.28],[148.01,45.27],[147.78,45.2],[147.67,45.09],[147.5,45.08],[147.47,44.97],[147.26,44.87],[147.2,44.71],[146.87,44.49],[146.99,44.48],[147.11,44.57],[147.23,44.58],[147.39,44.74],[147.56,44.82],[147.7,45.01],[147.8,44.96],[147.99,45.01],[148.22,45.2],[148.56,45.31],[148.78,45.32],[148.8,45.42]]],[[[150.33,46.21],[150.02,46.07],[149.81,45.88],[149.67,45.85],[149.48,45.67],[149.64,45.61],[149.95,45.82],[150.14,45.9],[150.25,46.04],[150.36,46.08],[150.48,46.21],[150.33,46.21]]],[[[156.13,50.64],[156.07,50.78],[155.89,50.69],[155.72,50.42],[155.41,50.36],[155.25,50.22],[155.22,50.11],[155.39,50.04],[155.56,50.17],[155.77,50.19],[155.89,50.25],[156.05,50.48],[156.15,50.52],[156.13,50.64]]],[[[156.46,50.87],[156.36,50.86],[156.17,50.74],[156.26,50.65],[156.41,50.63],[156.51,50.77],[156.46,50.87]]],[[[137.17,55.12],[136.98,55.09],[136.7,54.97],[137.02,54.92],[137.17,55.12]]],[[[138.05,55.06],[137.86,55.13],[137.54,55.18],[137.48,55.05],[137.3,54.92],[137.49,54.88],[137.71,54.63],[137.99,54.8],[137.99,54.88],[138.18,55.06],[138.05,55.06]]],[[[166.66,54.76],[166.65,54.85],[166.4,55.01],[166.24,55.17],[166.29,55.3],[165.96,55.36],[165.8,55.27],[165.99,55.22],[166.08,55.06],[166.37,54.83],[166.66,54.76]]],[[[164.71,58.98],[164.56,59.24],[164.28,59.11],[163.97,59.03],[163.77,58.87],[163.78,58.81],[163.59,58.56],[164.12,58.78],[164.41,58.87],[164.63,58.87],[164.71,58.98]]],[[[35.87,65.03],[35.82,65.15],[35.52,65.14],[35.6,65.04],[35.87,65.03]]],[[[50.32,69.15],[50.16,69.26],[49.27,69.51],[48.81,69.49],[48.45,69.37],[48.3,69.28],[48.22,69.07],[48.22,68.9],[48.59,68.73],[49.25,68.78],[49.72,68.89],[49.96,69.08],[50.32,69.15]]],[[[169.45,69.85],[169.23,69.91],[168.83,69.94],[168.27,70.02],[167.82,69.88],[167.79,69.81],[168.17,69.69],[168.88,69.57],[169.19,69.58],[169.31,69.77],[169.45,69.85]]],[[[60.54,69.82],[60.48,69.92],[60.01,70.1],[59.78,70.13],[59.32,70.37],[59.02,70.48],[58.52,70.33],[58.45,70.19],[58.7,70],[59.05,69.9],[59.43,69.89],[59.6,69.82],[59.56,69.72],[60.2,69.69],[60.45,69.74],[60.54,69.82]]],[[[53.23,71.22],[53.06,71.24],[52.74,71.41],[52.26,71.35],[52.26,71.27],[52.56,71.25],[52.8,71.09],[53.12,71.09],[53.23,71.22]]],[[[137.91,71.56],[137.71,71.6],[137.22,71.58],[137.04,71.51],[137.34,71.43],[137.77,71.43],[137.91,71.56]]],[[[78.28,72.55],[77.61,72.64],[77.31,72.55],[77.23,72.46],[76.91,72.37],[76.92,72.29],[77.59,72.29],[78.4,72.49],[78.28,72.55]]],[[[128.83,72.66],[128.14,72.64],[128.34,72.56],[128.65,72.53],[128.83,72.66]]],[[[128.32,72.81],[129.21,72.76],[129.42,72.81],[129.22,72.93],[128.99,72.93],[128.42,72.87],[128.32,72.81]]],[[[79.56,72.77],[79.54,72.93],[79.14,73.1],[78.59,72.86],[78.91,72.74],[79.4,72.7],[79.56,72.77]]],[[[74.72,73.11],[74.21,73.11],[74.1,73.01],[74.47,72.9],[74.65,72.94],[74.72,73.11]]],[[[120.28,73.1],[120.02,73.17],[119.66,73.11],[119.8,73.04],[120.23,73.04],[120.28,73.1]]],[[[71.67,73.23],[71.46,73.35],[71.14,73.27],[71.11,73.44],[70.95,73.52],[70.47,73.5],[69.96,73.4],[70.07,73.26],[69.88,73.04],[70.26,73.04],[70.66,73.1],[71.5,73.15],[71.67,73.23]]],[[[143.48,73.32],[143.54,73.44],[143.41,73.54],[142.58,73.83],[142.04,73.92],[141.13,73.88],[140.87,73.78],[140.49,73.49],[139.91,73.47],[139.77,73.42],[139.97,73.33],[140.5,73.41],[140.79,73.41],[141.51,73.3],[142.54,73.21],[143.18,73.18],[143.57,73.23],[143.48,73.32]]],[[[136.26,73.96],[136.03,74.1],[135.59,74.24],[135.44,74.16],[136.04,73.94],[136.26,73.96]]],[[[141.1,74.15],[140.89,74.28],[140.22,74.22],[140.17,74.07],[140.44,73.91],[141.04,74],[141.1,74.15]]],[[[113.41,74.44],[112.11,74.55],[111.99,74.4],[111.47,74.35],[111.58,74.26],[111.94,74.22],[112.16,74.14],[112.78,74.09],[113.16,74.22],[113.41,74.44]]],[[[82.24,75.38],[81.97,75.4],[81.49,75.36],[81.69,75.28],[82.24,75.38]]],[[[150.83,75.16],[150.63,75.12],[150.13,75.23],[149.13,75.27],[148.61,75.22],[148.45,75.29],[148.41,75.42],[147.37,75.44],[147.35,75.36],[146.8,75.37],[146.77,75.51],[146.39,75.58],[146.29,75.4],[146.07,75.24],[146.22,75.18],[146.65,75.13],[147.09,75.01],[147.66,74.95],[148.17,74.8],[149.21,74.76],[150.61,74.89],[150.83,75.16]]],[[[135.99,75.53],[136.16,75.63],[135.6,75.76],[135.59,75.57],[135.45,75.38],[135.84,75.38],[135.99,75.53]]],[[[137.14,75.65],[137.18,75.54],[137.43,75.39],[136.86,75.36],[137.15,75.13],[137.79,74.97],[137.9,74.85],[138.17,74.78],[138.82,74.71],[139.02,74.66],[139.34,74.69],[139.56,74.85],[139.5,74.95],[139.85,74.97],[140.07,74.83],[141.11,74.92],[141.37,74.92],[141.84,75],[142.36,74.83],[142.82,74.88],[143.47,74.9],[143.45,75.01],[142.63,75.1],[142.2,75.35],[142.08,75.53],[142.32,75.71],[143,75.71],[143.01,75.6],[142.54,75.48],[142.49,75.38],[142.87,75.16],[143.42,75.07],[143.75,75.08],[144,75.03],[144.33,75.05],[144.71,75.18],[144.78,75.45],[145.37,75.54],[144.81,75.64],[143.95,75.83],[143.59,75.87],[143.06,75.81],[142.55,75.86],[142.15,76.01],[141.7,76.12],[141.39,76.14],[140.92,76],[140.86,75.74],[140.99,75.62],[140.48,75.64],[140.48,75.8],[140.15,75.8],[139.82,75.88],[139.79,75.98],[139.11,76.1],[138.93,76.22],[138.14,76.12],[138.03,76.03],[137.43,75.95],[137.59,75.77],[137.2,75.79],[137.14,75.65]]],[[[96.64,76.27],[95.31,76.28],[95.31,76.2],[95.89,76.15],[96.4,76.16],[96.64,76.27]]],[[[111.96,76.6],[112.62,76.46],[112.53,76.62],[111.96,76.6]]],[[[149.38,76.74],[148.87,76.73],[148.45,76.62],[149.2,76.63],[149.38,76.74]]],[[[96.53,77.21],[95.71,77.08],[96.01,76.99],[96.48,77.08],[96.53,77.21]]],[[[89.69,77.28],[89.3,77.31],[89.14,77.22],[89.3,77.15],[89.75,77.16],[89.69,77.28]]],[[[107.7,78.14],[107.57,78.19],[106.48,78.16],[107.57,78.07],[107.7,78.14]]],[[[105.42,78.58],[105.19,78.8],[104.5,78.86],[104.38,78.99],[104.07,79.01],[103.99,79.13],[103.35,79.12],[102.64,79.01],[102.74,79.16],[103.14,79.33],[102.3,79.43],[101.97,79.29],[101.31,79.24],[101.03,79.12],[100.79,78.9],[100.82,78.81],[100.4,78.76],[100.29,78.59],[99.76,78.27],[99.27,78.04],[99.52,77.94],[100.04,77.96],[101.01,78.13],[101.21,78.19],[103.71,78.26],[104.19,78.33],[104.79,78.34],[105.36,78.51],[105.42,78.58]]],[[[77.61,79.52],[76.48,79.64],[76.17,79.57],[76.7,79.48],[77.61,79.52]]],[[[93.63,79.93],[92.65,79.98],[92.42,80.03],[91.11,80.05],[91.26,79.9],[91.07,79.85],[92.1,79.81],[91.92,79.68],[92.63,79.67],[93.67,79.83],[93.63,79.93]]],[[[51.35,79.95],[51,80.1],[50.55,79.99],[51.35,79.95]]],[[[99.89,79.04],[99.58,79.17],[99.75,79.36],[99.71,79.57],[100.08,79.78],[99.8,79.91],[99.2,80.05],[98.44,80.02],[98.45,79.91],[97.75,79.89],[98.06,80.03],[97.59,80.18],[96.36,80.1],[95.5,80.11],[94.94,80.07],[94.23,79.9],[94.69,79.82],[93.85,79.71],[93.69,79.56],[94.31,79.48],[94.37,79.24],[95.02,79.04],[95.42,79.11],[95.93,78.99],[96.8,78.99],[97.26,78.85],[97.76,78.81],[99.41,78.82],[99.88,78.93],[99.89,79.04]]],[[[50.08,80.07],[50.23,80.23],[49.53,80.16],[50.08,80.07]]],[[[55.8,80.64],[56.93,80.66],[56.53,80.79],[55.43,80.71],[55.8,80.64]]],[[[46.69,80.53],[46.99,80.55],[47.56,80.75],[48.06,80.66],[48.76,80.66],[48.28,80.83],[47.54,80.86],[46.92,80.75],[45.1,80.65],[45.49,80.52],[46.08,80.44],[46.69,80.53]]],[[[62.22,80.81],[62.07,80.88],[60.56,80.82],[59.69,80.84],[59.23,80.64],[59.24,80.53],[59.64,80.43],[60.31,80.5],[61.05,80.41],[61.61,80.53],[62.26,80.74],[62.22,80.81]]],[[[58.13,80.78],[58.93,80.78],[58.93,80.88],[58.16,80.87],[58.13,80.78]]],[[[55.77,80.78],[55.1,80.9],[54.41,80.85],[54.88,80.72],[55.77,80.78]]],[[[51.69,80.73],[50.72,80.9],[49.68,80.85],[49,80.78],[49.63,80.64],[48.79,80.5],[48.41,80.57],[47.43,80.32],[47.09,80.37],[46.66,80.27],[47.1,80.17],[47.63,80.12],[48.44,80.1],[49.11,80.19],[48.65,80.32],[48.84,80.39],[49.49,80.36],[49.73,80.49],[50.95,80.54],[51.69,80.73]]],[[[79.81,80.97],[79.24,80.95],[79.13,80.81],[80.33,80.86],[80.44,80.94],[79.81,80.97]]],[[[57.34,80.89],[57.84,80.85],[58.28,80.93],[57.65,81.02],[56.8,81.03],[57.34,80.89]]],[[[54.56,81],[55.41,80.96],[55.8,80.85],[56.67,80.81],[57.06,80.69],[57.68,80.82],[56.02,81.04],[55.58,81.01],[54.86,81.08],[54.56,81]]],[[[91.55,81.15],[91.46,81.19],[90.07,81.22],[90,81.11],[91.19,81.06],[91.55,81.15]]],[[[97.75,80.74],[97.79,80.82],[96.97,80.91],[96.56,81.08],[95.78,81.29],[95.1,81.27],[94.89,81.14],[93.05,81],[92.72,80.89],[92.68,80.76],[92.89,80.68],[92.74,80.51],[91.92,80.47],[92.11,80.29],[92.51,80.16],[93.69,80],[95.03,80.14],[97.19,80.23],[97.02,80.53],[97.19,80.65],[97.75,80.74]]],[[[57.27,81.43],[58.31,81.38],[58.4,81.47],[57.01,81.54],[57.27,81.43]]],[[[62.5,81.65],[63.47,81.59],[63.68,81.69],[62.77,81.71],[62.5,81.65]]],[[[58.3,81.71],[59.36,81.75],[59.22,81.86],[58.16,81.83],[58.3,81.71]]],[[[154.84,49.65],[154.61,49.38],[154.72,49.27],[154.84,49.35],[154.8,49.46],[154.9,49.61],[154.84,49.65]]],[[[59,79.98],[59.21,79.93],[59.93,80],[59.53,80.12],[58.8,80.04],[59,79.98]]],[[[55.71,80.1],[56.96,80.07],[57.14,80.12],[57.13,80.31],[55.99,80.34],[56.02,80.18],[55.71,80.1]]],[[[52.62,80.18],[53.49,80.17],[53.86,80.28],[53.34,80.4],[52.86,80.41],[52.57,80.29],[52.62,80.18]]],[[[57.53,80.13],[58.25,80.19],[58.12,80.28],[59.19,80.38],[58.45,80.47],[56.95,80.48],[57.27,80.39],[57.22,80.24],[57.53,80.13]]],[[[60.26,81.04],[60.07,80.98],[60.99,80.92],[61.6,81.03],[61.68,81.11],[60.61,81.09],[60.26,81.04]]],[[[62.77,80.89],[62.62,80.8],[63.13,80.68],[64.43,80.74],[65,80.81],[65.45,80.92],[65.23,81.14],[64.71,81.21],[64.28,81.17],[64.04,80.99],[63.14,80.97],[62.77,80.89]]],[[[55.65,81.2],[56.43,81.17],[57.69,81.33],[56.73,81.4],[55.59,81.32],[55.65,81.2]]],[[[40.46,64.58],[40.19,64.71],[40.06,64.65],[40.2,64.57],[40.46,64.58]]],[[[67.33,69.57],[67.04,69.5],[67.28,69.45],[67.33,69.57]]]]},"properties":{"iso_a2":"RU","name":"Russia"}},{"type":"Feature","geometry":{"type":"Polygon","coordinates":[[[14.81,50.86],[14.64,50.91],[14.56,50.99],[14.29,51.04],[14.24,50.98],[14.35,50.88],[13.89,50.78],[13.82,50.72],[13.56,50.71],[13.45,50.6],[13.23,50.58],[13.16,50.5],[13.01,50.49],[12.68,50.39],[12.51,50.39],[12.26,50.21],[12.16,50.19],[12.25,50.05],[12.47,49.97],[12.52,49.91],[12.45,49.78],[12.64,49.43],[12.76,49.34],[13,49.3],[13.18,49.12],[13.3,49.09],[13.38,48.99],[13.54,48.97],[13.73,48.87],[13.82,48.77],[13.98,48.71],[14.04,48.6],[14.32,48.56],[14.44,48.64],[14.7,48.59],[14.8,48.78],[14.92,48.76],[14.98,49.01],[15.26,48.98],[15.68,48.86],[15.82,48.87],[16.09,48.74],[16.36,48.73],[16.44,48.8],[16.87,48.72],[16.95,48.6],[17.02,48.75],[17.17,48.86],[17.54,48.81],[17.86,48.92],[17.91,49.01],[18.1,49.09],[18.19,49.28],[18.33,49.31],[18.54,49.48],[18.83,49.51],[18.77,49.68],[18.64,49.7],[18.56,49.91],[18.31,49.91],[18.09,50.02],[17.84,49.97],[17.73,50.09],[17.72,50.19],[17.61,50.26],[17.34,50.27],[17.18,50.38],[16.89,50.43],[16.96,50.23],[16.82,50.19],[16.7,50.1],[16.33,50.37],[16.19,50.42],[16.38,50.51],[16.33,50.64],[15.85,50.68],[15.77,50.74],[15.44,50.8],[15.35,50.78],[15.23,50.98],[15,51.01],[14.98,50.86],[14.81,50.86]]]},"properties":{"iso_a2":"CZ","name":"Czechia"}},{"type":"Feature","geometry":{"type":"MultiPolygon","coordinates":[[[[13.82,48.77],[13.73,48.87],[13.54,48.97],[13.38,48.99],[13.3,49.09],[13.18,49.12],[13,49.3],[12.76,49.34],[12.64,49.43],[12.45,49.78],[12.52,49.91],[12.47,49.97],[12.25,50.05],[12.16,50.19],[12.26,50.21],[12.51,50.39],[12.68,50.39],[13.01,50.49],[13.16,50.5],[13.23,50.58],[13.45,50.6],[13.56,50.71],[13.82,50.72],[13.89,50.78],[14.35,50.88],[14.24,50.98],[14.29,51.04],[14.56,50.99],[14.64,50.91],[14.81,50.86],[14.96,51.06],[15.02,51.27],[14.95,51.45],[14.73,51.52],[14.72,51.68],[14.6,51.84],[14.7,51.93],[14.76,52.08],[14.69,52.12],[14.7,52.25],[14.61,52.28],[14.54,52.42],[14.65,52.58],[14.38,52.74],[14.12,52.85],[14.14,52.96],[14.34,53.05],[14.41,53.27],[14.3,53.51],[14.26,53.7],[14.04,53.76],[13.82,53.85],[13.89,53.91],[13.76,54.03],[13.81,54.11],[13.68,54.17],[13.45,54.11],[13.29,54.23],[13.12,54.28],[13.01,54.44],[12.5,54.47],[12.34,54.3],[12.11,54.18],[11.66,54.14],[11.49,54],[11.46,53.92],[11.18,54.02],[10.89,53.96],[10.75,54.04],[11.07,54.18],[11.08,54.34],[10.94,54.38],[10.69,54.32],[10.6,54.37],[10.13,54.5],[9.95,54.78],[9.8,54.78],[9.55,54.85],[9.44,54.81],[8.82,54.91],[8.66,54.9],[8.69,54.74],[9.01,54.51],[8.89,54.42],[8.63,54.39],[8.65,54.28],[8.89,54.3],[8.81,54.18],[9.02,54.1],[8.83,54.04],[9.01,53.89],[8.86,53.83],[8.67,53.89],[8.57,53.86],[8.49,53.67],[8.57,53.55],[8.26,53.6],[8.21,53.41],[8.06,53.5],[8.17,53.55],[7.95,53.72],[7.23,53.67],[7.09,53.59],[7.02,53.45],[7.08,53.34],[7.2,53.25],[7.18,52.97],[7.08,52.85],[7.04,52.65],[6.7,52.62],[6.7,52.48],[7.05,52.37],[7.03,52.23],[6.68,52.04],[6.81,51.98],[6.74,51.91],[6.38,51.83],[6.19,51.87],[5.93,51.81],[5.94,51.74],[6.1,51.64],[6.19,51.51],[6.18,51.34],[6.07,51.23],[6.13,51.14],[5.98,51.08],[6.06,50.91],[6,50.75],[6.23,50.59],[6.32,50.48],[6.34,50.37],[6.25,50.26],[6.15,50.21],[6.12,50.12],[6.1,50.05],[6.22,49.89],[6.5,49.8],[6.49,49.7],[6.36,49.58],[6.35,49.46],[6.5,49.44],[6.71,49.16],[6.84,49.21],[7.27,49.11],[7.39,49.17],[7.65,49.04],[7.93,49.04],[8.19,48.97],[8.1,48.82],[7.81,48.62],[7.75,48.36],[7.57,48.1],[7.62,48],[7.52,47.69],[7.59,47.59],[7.68,47.54],[7.82,47.6],[8.09,47.57],[8.18,47.62],[8.45,47.58],[8.39,47.69],[8.56,47.8],[8.8,47.72],[8.88,47.66],[9.02,47.68],[9.27,47.65],[9.55,47.54],[9.95,47.52],[10.31,47.3],[10.44,47.42],[10.43,47.54],[10.61,47.56],[10.79,47.52],[11.08,47.39],[11.26,47.4],[11.41,47.51],[11.53,47.51],[11.62,47.59],[11.82,47.58],[11.94,47.61],[12.17,47.6],[12.21,47.67],[12.42,47.69],[12.5,47.63],[12.75,47.67],[12.78,47.56],[12.94,47.47],[13.04,47.49],[13.08,47.65],[12.89,47.72],[12.99,47.85],[12.76,48.07],[12.75,48.12],[13.03,48.26],[13.27,48.31],[13.41,48.38],[13.52,48.59],[13.72,48.52],[13.8,48.61],[13.82,48.77]]],[[[14.21,53.94],[14.05,54.01],[13.88,53.84],[14.2,53.88],[14.21,53.94]]],[[[13.7,54.39],[13.58,54.47],[13.64,54.59],[13.17,54.52],[13.25,54.39],[13.12,54.34],[13.35,54.24],[13.5,54.35],[13.7,54.39]]]]},"properties":{"iso_a2":"DE","name":"Germany"}},{"type":"Feature","geometry":{"type":"MultiPolygon","coordinates":[[[[24.31,57.87],[24.53,57.95],[24.7,57.95],[25.17,58.06],[25.4,58.02],[25.6,57.91],[25.79,57.86],[26,57.85],[26.03,57.77],[26.26,57.62],[26.5,57.52],[26.85,57.62],[27.09,57.55],[27.35,57.53],[27.41,57.69],[27.67,57.91],[27.63,58.09],[27.5,58.22],[27.56,58.4],[27.41,58.76],[27.48,58.88],[27.7,58.98],[27.84,59.16],[27.88,59.28],[28.08,59.31],[28.19,59.38],[28.02,59.48],[27.87,59.41],[27.41,59.45],[27.12,59.44],[26.83,59.48],[26.67,59.55],[26.52,59.54],[26,59.63],[25.78,59.64],[25.5,59.57],[25.41,59.49],[25.15,59.54],[24.91,59.51],[24.74,59.45],[24.33,59.47],[24.31,59.42],[24.06,59.4],[24.09,59.31],[23.76,59.28],[23.47,59.21],[23.52,59.13],[23.44,59.06],[23.42,58.91],[23.6,58.8],[23.49,58.67],[23.68,58.5],[23.74,58.34],[23.98,58.32],[24.11,58.24],[24.36,58.4],[24.53,58.35],[24.47,58.25],[24.46,58.07],[24.31,57.87]]],[[[23.23,58.51],[22.9,58.62],[22.32,58.59],[22.23,58.52],[21.86,58.49],[22,58.37],[21.87,58.27],[22.2,58.15],[22.02,58.02],[22.19,57.98],[22.27,58.17],[22.46,58.24],[22.76,58.24],[23.23,58.51]]],[[[23.38,58.58],[23.2,58.68],[23.06,58.6],[23.22,58.54],[23.38,58.58]]],[[[22.29,58.9],[22.44,58.84],[22.5,58.7],[22.72,58.78],[23.04,58.84],[22.93,58.98],[22.74,59.01],[22.6,59.09],[22.46,58.97],[22.29,58.9]]]]},"properties":{"iso_a2":"EE","name":"Estonia"}},{"type":"Feature","geometry":{"type":"Polygon","coordinates":[[[27.35,57.53],[27.09,57.55],[26.85,57.62],[26.5,57.52],[26.26,57.62],[26.03,57.77],[26,57.85],[25.79,57.86],[25.6,57.91],[25.4,58.02],[25.17,58.06],[24.7,57.95],[24.53,57.95],[24.31,57.87],[24.36,57.69],[24.41,57.34],[24.38,57.23],[24.21,57.12],[23.95,57.01],[23.7,56.97],[23.34,57.06],[23.25,57.11],[23.13,57.37],[23.03,57.39],[22.66,57.59],[22.48,57.74],[22,57.6],[21.7,57.56],[21.42,57.29],[21.4,57.04],[21.22,56.91],[21.07,56.85],[21,56.53],[21.07,56.47],[20.97,56.39],[20.97,56.25],[21.05,56.07],[21.19,56.08],[21.29,56.21],[22.09,56.42],[22.22,56.39],[22.51,56.4],[22.68,56.35],[22.89,56.41],[23.02,56.32],[23.31,56.37],[23.48,56.33],[23.86,56.33],[24.17,56.26],[24.29,56.3],[24.45,56.26],[24.64,56.36],[24.89,56.44],[24.98,56.29],[25.11,56.18],[25.66,56.14],[25.71,56.08],[26.18,55.85],[26.28,55.74],[26.6,55.67],[26.82,55.71],[26.98,55.83],[27.26,55.79],[27.35,55.83],[27.59,55.79],[27.65,55.92],[27.91,56.1],[28.15,56.14],[28.22,56.28],[28.13,56.55],[28,56.6],[27.87,56.74],[27.83,56.86],[27.63,56.84],[27.82,57.16],[27.84,57.29],[27.51,57.43],[27.53,57.53],[27.35,57.53]]]},"properties":{"iso_a2":"LV","name":"Latvia"}},{"type":"Feature","geometry":{"type":"MultiPolygon","coordinates":[[[[20.62,69.04],[20.74,69.1],[21.03,69.04],[21.03,69.18],[21.31,69.29],[21.66,69.26],[22.02,69.01],[22.6,68.72],[23.02,68.69],[23.2,68.62],[23.74,68.72],[23.93,68.82],[24.33,68.71],[24.66,68.67],[24.86,68.56],[25.12,68.64],[25.2,68.81],[25.39,68.88],[25.65,68.88],[25.81,69.01],[25.74,69.22],[25.88,69.37],[25.9,69.53],[26.03,69.7],[26.2,69.72],[26.5,69.92],[27.31,69.93],[27.61,70.06],[27.9,70.07],[28.17,69.89],[28.41,69.8],[29.13,69.67],[29.35,69.46],[29.23,69.38],[28.87,69.22],[28.83,69.11],[28.95,69.03],[29.24,69.11],[29.34,69.28],[29.9,69.36],[30.12,69.44],[30.29,69.62],[30.51,69.54],[30.9,69.54],[30.93,69.67],[30.84,69.81],[30.48,69.82],[30.17,69.88],[30.11,69.76],[29.68,69.74],[29.78,69.84],[29.69,69.97],[29.16,70.01],[28.61,70.12],[28.75,70.17],[29.23,70.12],[30.13,70.07],[30.55,70.25],[30.93,70.26],[31.06,70.37],[30.46,70.56],[30.21,70.68],[29.38,70.77],[29.22,70.86],[28.8,70.87],[28.53,70.72],[28.35,70.48],[28.14,70.45],[27.85,70.48],[28.23,70.61],[28.13,70.74],[28.48,70.89],[28.55,70.98],[27.88,71.04],[27.57,71.1],[27.25,71.03],[27.12,70.92],[27.39,70.88],[27.13,70.63],[26.78,70.44],[26.51,70.43],[26.75,70.83],[26.61,70.95],[26.07,70.71],[26.01,70.63],[25.44,70.34],[25.52,70.28],[25.25,70.1],[24.94,70.1],[25.01,70.25],[25.2,70.31],[25.25,70.53],[25.83,70.83],[25.42,70.97],[25.15,70.92],[24.67,70.98],[24.57,70.8],[24.25,70.78],[24.35,70.69],[24.26,70.61],[23.51,70.37],[23.4,70.14],[23,70.08],[22.97,70.21],[22.6,70.22],[21.99,70.32],[21.81,70.26],[21.44,70.27],[21.21,70.21],[21.51,70.09],[21.81,70.07],[21.94,69.99],[21.91,69.83],[21.25,70],[21.17,69.88],[20.89,69.85],[20.51,69.77],[20.32,69.96],[20.01,69.77],[19.78,69.8],[19.3,69.78],[19.1,69.74],[18.85,69.55],[18.5,69.52],[18.74,69.32],[18.6,69.3],[18.3,69.49],[18.16,69.46],[18,69.29],[18.08,69.17],[17.68,69.09],[17.49,69],[17.69,68.89],[17.23,68.76],[16.63,68.64],[16.47,68.51],[16.54,68.44],[16.15,68.31],[16.17,68.2],[16.41,68.07],[16.26,67.99],[16.04,68.03],[16.1,68.16],[15.71,68.08],[15.97,68.01],[15.75,67.95],[15.06,67.84],[15.19,67.72],[15.27,67.52],[14.99,67.57],[14.73,67.49],[14.41,67.28],[14.78,67.21],[14.36,67.16],[14.22,66.98],[13.92,66.93],[13.59,66.94],[13.69,66.83],[13.48,66.68],[13.1,66.54],[13.14,66.39],[13.31,66.22],[12.69,66.08],[12.92,65.99],[12.68,65.93],[12.66,65.81],[12.35,65.64],[12.4,65.54],[12.6,65.43],[12.34,65.3],[12.5,65.15],[12.19,65.05],[11.98,65.07],[11.82,64.98],[11.4,64.92],[11.35,64.81],[11.62,64.84],[11.4,64.66],[11.52,64.57],[11.37,64.42],[11.08,64.52],[10.45,64.35],[10.46,64.29],[10.01,64.12],[9.97,63.9],[9.55,63.77],[9.59,63.67],[9.8,63.69],[9.92,63.52],[10.08,63.51],[10.42,63.58],[10.64,63.68],[10.91,63.73],[11.06,63.86],[10.96,63.95],[11.25,64.04],[11.44,63.98],[11.1,63.89],[11.42,63.85],[11.12,63.7],[10.91,63.68],[10.78,63.49],[10.58,63.43],[10.3,63.47],[9.96,63.43],[9.81,63.51],[9.7,63.64],[9.16,63.51],[9.17,63.4],[8.79,63.43],[8.74,63.34],[8.52,63.31],[8.61,63.2],[8.54,63.13],[8.17,63.12],[8.48,62.91],[8.33,62.88],[8.25,63.01],[8,63.09],[7.75,62.94],[7.5,62.91],[7.27,63.01],[6.91,62.93],[7.02,62.84],[6.97,62.73],[7.31,62.74],[7.37,62.59],[7.09,62.65],[6.78,62.65],[6.62,62.59],[6.32,62.61],[6.31,62.46],[6.48,62.43],[6.03,62.31],[5.93,62.23],[5.62,62.17],[5.18,62.21],[5.11,62.11],[5.3,62.07],[5.24,61.96],[5.36,61.91],[5.24,61.82],[4.97,61.74],[4.99,61.63],[5.23,61.63],[5.29,61.48],[5.06,61.44],[4.96,61.27],[5.13,61.15],[5.38,61.08],[5.7,61.16],[6.13,61.16],[6.43,61.12],[6.56,61.23],[7.01,61.13],[7.21,61.18],[7.3,61.13],[6.88,61.09],[6.65,61.16],[6.38,61.05],[6.1,61.12],[5.53,61.08],[5.43,61.03],[5.14,61.08],[4.98,60.95],[5.1,60.65],[5.3,60.56],[5.74,60.71],[5.71,60.47],[5.62,60.42],[5.24,60.49],[5.27,60.39],[5.17,60.28],[5.3,60.19],[5.85,60.14],[6.11,60.25],[6.25,60.4],[6.35,60.37],[6.14,60.22],[6.11,60.11],[5.77,59.93],[5.71,59.84],[5.83,59.77],[5.75,59.68],[5.44,59.71],[5.18,59.51],[5.3,59.35],[5.86,59.35],[6.11,59.28],[6.01,59.15],[5.87,59.09],[5.92,58.95],[5.72,58.98],[5.57,58.89],[5.48,58.76],[5.7,58.52],[5.96,58.47],[6,58.39],[6.4,58.27],[6.63,58.25],[6.54,58.11],[6.8,58.1],[7.08,58.04],[7.25,58.06],[7.58,58.02],[7.65,58.07],[8.12,58.1],[8.35,58.25],[8.55,58.31],[9.34,58.75],[9.43,58.89],[9.66,58.96],[9.85,58.96],[10.31,59.13],[10.46,59.44],[10.59,59.57],[10.49,59.73],[10.53,59.88],[10.75,59.89],[10.7,59.78],[10.56,59.73],[10.66,59.6],[10.69,59.45],[10.6,59.42],[10.73,59.24],[11.09,59.13],[11.37,59.1],[11.44,58.99],[11.45,58.9],[11.66,58.92],[11.81,59.25],[11.68,59.56],[11.9,59.77],[11.85,59.87],[12.14,59.9],[12.45,60.05],[12.51,60.12],[12.49,60.3],[12.59,60.4],[12.59,60.52],[12.38,60.75],[12.26,60.98],[12.51,61.05],[12.68,61.04],[12.86,61.26],[12.88,61.37],[12.61,61.55],[12.42,61.58],[12.16,61.73],[12.32,62.23],[12.28,62.34],[12.09,62.59],[12.16,62.73],[12.1,62.92],[12.22,63],[11.99,63.29],[12.21,63.46],[12.17,63.6],[12.29,63.66],[12.68,63.96],[12.98,64.06],[13.23,64.09],[13.94,64.01],[14.16,64.21],[14.12,64.44],[13.64,64.58],[14.31,65.08],[14.37,65.22],[14.51,65.32],[14.56,65.7],[14.64,65.84],[14.54,66.13],[15.05,66.15],[15.48,66.28],[15.43,66.49],[15.67,66.6],[16.04,66.89],[16.42,67.05],[16.44,67.2],[16.13,67.42],[16.2,67.51],[16.48,67.56],[16.61,67.65],[16.81,67.91],[17.22,68.04],[17.32,68.11],[17.9,67.97],[18.17,68.16],[18.14,68.4],[18.17,68.54],[18.44,68.57],[18.65,68.5],[19.04,68.51],[19.93,68.35],[20.25,68.48],[19.96,68.54],[20.24,68.66],[20.36,68.81],[20.34,68.91],[20.1,69.02],[20.62,69.04]]],[[[14.03,68.26],[13.64,68.29],[13.5,68.24],[13.49,68.11],[13.7,68.07],[14.03,68.18],[14.03,68.26]]],[[[5.49,59.86],[5.42,59.94],[5.25,59.91],[5.31,59.79],[5.49,59.86]]],[[[5.62,60.07],[5.38,60],[5.49,59.92],[5.64,59.92],[5.62,60.07]]],[[[5.69,60.68],[5.32,60.55],[5.49,60.44],[5.68,60.48],[5.69,60.68]]],[[[5.99,62.4],[5.8,62.36],[5.87,62.26],[6.07,62.35],[5.99,62.4]]],[[[7.92,63.34],[8.18,63.39],[8,63.47],[7.78,63.41],[7.92,63.34]]],[[[9.14,63.57],[8.97,63.66],[8.55,63.6],[8.28,63.47],[8.5,63.43],[9.11,63.53],[9.14,63.57]]],[[[8.36,63.67],[8.74,63.69],[8.74,63.77],[8.36,63.67]]],[[[12.45,65.43],[12.27,65.58],[12.08,65.31],[12.25,65.28],[12.45,65.43]]],[[[15,68.36],[15.17,68.45],[14.65,68.43],[14.3,68.31],[14.33,68.17],[14.76,68.26],[15,68.36]]],[[[16.42,68.49],[16.19,68.52],[16.1,68.4],[16.4,68.41],[16.42,68.49]]],[[[16.53,68.72],[16.51,68.8],[15.93,68.68],[15.86,68.78],[15.91,68.95],[15.68,68.96],[15.46,68.76],[15.4,68.58],[15.24,68.56],[15.22,68.33],[15.69,68.34],[15.97,68.39],[16.09,68.53],[16.5,68.55],[16.53,68.72]]],[[[14.4,68.66],[14.82,68.64],[15.06,68.58],[15.34,68.65],[15.39,68.73],[15.3,68.91],[15.15,68.96],[14.95,68.78],[14.44,68.76],[14.4,68.66]]],[[[15.53,68.91],[15.85,69.03],[16.09,69.17],[15.79,69.16],[15.57,69.11],[15.46,69.01],[15.53,68.91]]],[[[18.07,69.44],[17.84,69.59],[17.62,69.52],[17.26,69.48],[17.28,69.39],[16.93,69.29],[16.82,69.05],[17.52,69.16],[17.96,69.18],[17.92,69.33],[18.07,69.44]]],[[[19,69.83],[18.33,69.77],[18.26,69.53],[18.82,69.59],[18.8,69.68],[19.03,69.74],[19,69.83]]],[[[19.62,70.02],[19.39,69.99],[19.21,70.1],[18.88,70.02],[18.84,69.9],[19.12,69.79],[19.41,69.84],[19.62,70.02]]],[[[20.79,70.09],[20.82,70.21],[20.59,70.24],[20.42,70.17],[20.43,70.07],[20.79,70.09]]],[[[22.92,70.31],[22.78,70.39],[22.49,70.38],[22.45,70.29],[22.73,70.26],[22.92,70.31]]],[[[23.66,70.5],[23.31,70.52],[22.9,70.45],[22.94,70.36],[23.22,70.28],[23.59,70.42],[23.66,70.5]]],[[[24.07,70.66],[23.82,70.75],[23.64,70.7],[23.7,70.57],[23.87,70.51],[24.1,70.59],[24.07,70.66]]],[[[22.42,70.51],[22.64,70.56],[23.09,70.59],[23.1,70.71],[22.77,70.65],[22.52,70.72],[22.24,70.58],[22.42,70.51]]],[[[26.14,71.04],[25.55,71.14],[25.29,71.05],[25.53,70.93],[26.07,70.97],[26.14,71.04]]],[[[-7.96,71.18],[-8.33,71.15],[-8.52,71.01],[-9.12,70.88],[-8.96,70.82],[-8.7,70.94],[-8.01,71.03],[-7.96,71.18]]],[[[19.16,74.53],[18.79,74.48],[19.07,74.35],[19.3,74.48],[19.16,74.53]]],[[[24.43,77.83],[23.63,77.87],[23.12,77.99],[23.07,78.07],[23.47,78.15],[22.97,78.26],[22.4,78.2],[21.7,78.21],[20.99,78.14],[20.88,78.08],[21.58,77.94],[21.26,77.73],[21.19,77.6],[20.87,77.57],[20.92,77.44],[22.19,77.5],[22.44,77.44],[22.43,77.26],[23.24,77.26],[23.35,77.38],[23.89,77.51],[24.43,77.83]]],[[[21.02,78.22],[22.27,78.27],[22.24,78.49],[21.98,78.57],[21.18,78.62],[20.87,78.56],[20.18,78.5],[20.66,78.39],[21.02,78.22]]],[[[12.14,78.24],[11.76,78.45],[11.27,78.57],[11.18,78.73],[10.84,78.88],[10.53,78.79],[10.78,78.69],[11.12,78.44],[11.31,78.45],[12.14,78.24]]],[[[20.1,79.12],[20.41,79],[20.83,79.06],[20.1,79.12]]],[[[20.21,78.64],[21.1,78.64],[21.55,78.78],[21.52,78.85],[20.45,78.95],[19.91,79.01],[19.79,79.17],[18.95,79.16],[18.78,79.28],[18.91,79.39],[18.73,79.54],[18.35,79.63],[17.56,79.9],[16.62,79.99],[16.26,80.06],[15.65,79.85],[15.96,79.31],[15.5,79.33],[15.3,79.6],[14.86,79.77],[14.55,79.81],[13.88,79.54],[13.92,79.36],[13.01,79.69],[13.74,79.71],[13.97,79.78],[13.8,79.88],[12.77,79.77],[11.82,79.85],[11.2,79.72],[10.71,79.56],[10.84,79.37],[11.28,79.1],[11.86,78.86],[11.64,78.75],[12.02,78.61],[12.35,78.6],[12.36,78.49],[12.86,78.36],[12.91,78.25],[13.86,78.21],[14.28,78.31],[14.38,78.5],[14.8,78.64],[15.21,78.66],[15.44,78.46],[16,78.48],[16.94,78.35],[15.8,78.34],[15.04,78.12],[13.87,78.1],[13.59,78.06],[13.72,77.77],[14.46,77.76],[15.09,77.79],[15.56,77.88],[15.79,77.83],[16.68,77.87],[16.87,77.81],[15.12,77.7],[14.97,77.62],[15.85,77.58],[15.85,77.53],[14.6,77.53],[14.44,77.59],[13.91,77.53],[13.96,77.43],[14.32,77.28],[14.37,77.2],[15.04,77.14],[15.35,77.01],[15.73,76.93],[15.68,76.85],[16.28,76.71],[16.34,76.62],[16.81,76.57],[17.19,76.7],[16.94,76.78],[17.32,76.98],[17.48,77.31],[17.81,77.49],[18.19,77.49],[18.45,77.76],[18.33,77.91],[18.58,78.06],[19.06,78.09],[18.92,78.18],[19.07,78.38],[18.99,78.47],[19.68,78.52],[19.76,78.62],[20.21,78.64]]],[[[33.1,80.23],[31.5,80.12],[31.61,80.07],[32.83,80.13],[33.1,80.23]]],[[[27.17,80.07],[26.81,80.17],[25.94,80.19],[25.23,80.25],[23.74,80.3],[23.81,80.19],[23.01,80.17],[23.31,80.29],[23.27,80.45],[22.76,80.5],[22.33,80.36],[22.56,80.31],[22.37,80.11],[21.76,80.15],[21.85,80.27],[20.88,80.21],[20.39,80.42],[19.8,80.49],[19.11,80.26],[18.96,80.16],[18.01,80.19],[18.66,79.97],[18.23,79.89],[18.78,79.72],[19.49,79.72],[20.17,79.79],[21.89,79.82],[21.85,79.71],[20.48,79.69],[19.63,79.61],[20.2,79.47],[20.73,79.46],[20.82,79.38],[21.71,79.37],[22.42,79.41],[22.93,79.22],[24.05,79.19],[24.29,79.31],[24.77,79.37],[25.18,79.34],[25.83,79.44],[25.83,79.63],[26.5,79.72],[27.15,79.86],[27.17,80.07]]]]},"properties":{"iso_a2":"NO","name":"Norway"}},{"type":"Feature","geometry":{"type":"MultiPolygon","coordinates":[[[[20.62,69.04],[20.1,69.02],[20.34,68.91],[20.36,68.81],[20.24,68.66],[19.96,68.54],[20.25,68.48],[19.93,68.35],[19.04,68.51],[18.65,68.5],[18.44,68.57],[18.17,68.54],[18.14,68.4],[18.17,68.16],[17.9,67.97],[17.32,68.11],[17.22,68.04],[16.81,67.91],[16.61,67.65],[16.48,67.56],[16.2,67.51],[16.13,67.42],[16.44,67.2],[16.42,67.05],[16.04,66.89],[15.67,66.6],[15.43,66.49],[15.48,66.28],[15.05,66.15],[14.54,66.13],[14.64,65.84],[14.56,65.7],[14.51,65.32],[14.37,65.22],[14.31,65.08],[13.64,64.58],[14.12,64.44],[14.16,64.21],[13.94,64.01],[13.23,64.09],[12.98,64.06],[12.68,63.96],[12.29,63.66],[12.17,63.6],[12.21,63.46],[11.99,63.29],[12.22,63],[12.1,62.92],[12.16,62.73],[12.09,62.59],[12.28,62.34],[12.32,62.23],[12.16,61.73],[12.42,61.58],[12.61,61.55],[12.88,61.37],[12.86,61.26],[12.68,61.04],[12.51,61.05],[12.26,60.98],[12.38,60.75],[12.59,60.52],[12.59,60.4],[12.49,60.3],[12.51,60.12],[12.45,60.05],[12.14,59.9],[11.85,59.87],[11.9,59.77],[11.68,59.56],[11.81,59.25],[11.66,58.92],[11.45,58.9],[11.44,58.99],[11.36,59.09],[11.22,59.09],[11.11,58.95],[11.23,58.8],[11.18,58.72],[11.29,58.47],[11.2,58.4],[11.38,58.32],[11.73,58.33],[11.88,58.2],[11.69,57.88],[11.85,57.68],[11.9,57.52],[12.11,57.39],[12.27,57.04],[12.35,56.94],[12.6,56.82],[12.73,56.65],[12.89,56.64],[12.94,56.53],[12.89,56.46],[12.62,56.42],[12.83,56.27],[12.6,56.12],[12.93,55.83],[12.92,55.75],[13.06,55.67],[12.93,55.58],[13,55.4],[13.38,55.35],[13.63,55.42],[13.9,55.44],[14.16,55.39],[14.36,55.52],[14.21,55.71],[14.21,55.82],[14.35,55.95],[14.57,56.06],[14.77,56.03],[14.73,56.17],[15.32,56.15],[15.57,56.21],[15.85,56.09],[16.04,56.26],[16.1,56.42],[16.36,56.76],[16.47,56.95],[16.44,57.01],[16.55,57.11],[16.47,57.18],[16.69,57.47],[16.63,57.56],[16.68,57.76],[16.46,57.9],[16.77,57.89],[16.74,58.09],[16.82,58.19],[16.72,58.44],[16.87,58.48],[16.74,58.61],[16.41,58.6],[16.23,58.67],[16.92,58.63],[17.09,58.66],[17.37,58.78],[17.48,58.89],[17.63,58.92],[17.93,58.91],[18.04,59.06],[18.38,59.15],[18.28,59.31],[18.08,59.44],[18.38,59.48],[18.69,59.61],[18.78,59.7],[19.04,59.73],[19.07,59.9],[18.9,59.95],[18.82,60.07],[18.42,60.19],[18.43,60.35],[18.21,60.36],[17.99,60.51],[17.82,60.59],[17.64,60.52],[17.58,60.65],[17.41,60.64],[17.24,60.7],[17.34,60.77],[17.2,60.93],[17.16,61.15],[17.21,61.24],[17.12,61.31],[17.16,61.45],[17.1,61.64],[17.36,61.71],[17.34,61.92],[17.57,62.21],[17.35,62.4],[17.69,62.5],[17.84,62.49],[18.05,62.6],[17.93,62.82],[18.21,62.87],[18.37,62.84],[18.51,62.9],[18.47,63.02],[18.61,63.18],[19.04,63.18],[19.28,63.44],[19.45,63.51],[19.75,63.52],[20.04,63.66],[20.31,63.65],[20.32,63.74],[20.5,63.82],[20.69,63.8],[20.9,63.98],[20.95,64.13],[21.24,64.31],[21.37,64.33],[21.48,64.47],[21.18,64.84],[21.62,65.15],[21.54,65.23],[21.7,65.29],[21.49,65.39],[22.01,65.43],[21.9,65.5],[22.39,65.63],[22.33,65.84],[22.57,65.8],[22.84,65.81],[23.05,65.76],[23.48,65.82],[23.96,65.79],[24.16,65.82],[24.02,66.05],[23.89,66.16],[23.72,66.21],[23.64,66.44],[23.88,66.56],[23.89,66.75],[24,66.81],[23.58,67.15],[23.74,67.29],[23.77,67.42],[23.43,67.49],[23.55,67.59],[23.5,67.88],[23.64,67.91],[23.15,68.14],[23.05,68.3],[22.61,68.43],[22.07,68.48],[21.92,68.57],[21.46,68.69],[21.07,68.87],[20.94,68.97],[20.62,69.04]]],[[[17.13,57.32],[16.97,57.31],[16.89,57.12],[16.72,56.89],[16.62,56.87],[16.4,56.55],[16.41,56.24],[16.57,56.36],[16.64,56.56],[16.78,56.81],[16.88,56.92],[17.13,57.32]]],[[[19.04,57.87],[18.68,57.91],[18.46,57.8],[18.11,57.51],[18.18,57.38],[18.1,57.26],[18.23,57.13],[18.2,56.92],[18.36,56.99],[18.43,57.15],[18.71,57.24],[18.67,57.3],[18.79,57.45],[18.77,57.63],[18.81,57.73],[18.93,57.74],[19.04,57.87]]],[[[11.81,58.23],[11.74,58.29],[11.43,58.16],[11.71,58.1],[11.81,58.23]]]]},"properties":{"iso_a2":"SE","name":"Sweden"}},{"type":"Feature","geometry":{"type":"MultiPolygon","coordinates":[[[[28.95,69.03],[28.83,69.11],[28.87,69.22],[29.23,69.38],[29.35,69.46],[29.13,69.67],[28.41,69.8],[28.17,69.89],[27.9,70.07],[27.61,70.06],[27.31,69.93],[26.5,69.92],[26.2,69.72],[26.03,69.7],[25.9,69.53],[25.88,69.37],[25.74,69.22],[25.81,69.01],[25.65,68.88],[25.39,68.88],[25.2,68.81],[25.12,68.64],[24.86,68.56],[24.66,68.67],[24.33,68.71],[23.93,68.82],[23.74,68.72],[23.2,68.62],[23.02,68.69],[22.6,68.72],[22.02,69.01],[21.66,69.26],[21.31,69.29],[21.03,69.18],[21.03,69.04],[20.74,69.1],[20.62,69.04],[20.94,68.97],[21.07,68.87],[21.46,68.69],[21.92,68.57],[22.07,68.48],[22.61,68.43],[23.05,68.3],[23.15,68.14],[23.64,67.91],[23.5,67.88],[23.55,67.59],[23.43,67.49],[23.77,67.42],[23.74,67.29],[23.58,67.15],[24,66.81],[23.89,66.75],[23.88,66.56],[23.64,66.44],[23.72,66.21],[23.89,66.16],[24.02,66.05],[24.16,65.82],[24.52,65.8],[24.68,65.64],[24.86,65.66],[25.09,65.61],[25.35,65.48],[25.27,65.18],[25.44,64.97],[25.25,64.83],[25.07,64.92],[24.77,64.87],[24.42,64.68],[24.34,64.53],[24,64.38],[23.92,64.26],[23.72,64.18],[23.61,64.03],[23.38,64.05],[23.37,63.95],[22.92,63.8],[22.9,63.71],[22.69,63.69],[22.5,63.62],[22.43,63.49],[22.2,63.43],[22.37,63.32],[22.2,63.24],[21.91,63.18],[21.87,63.26],[21.5,63.21],[21.52,63.06],[21.46,62.95],[21.23,62.86],[21.07,62.62],[21.21,62.36],[21.34,62.36],[21.34,62.18],[21.24,61.99],[21.38,61.94],[21.62,61.55],[21.51,61.52],[21.56,61.2],[21.44,61.16],[21.41,60.93],[21.33,60.84],[21.47,60.61],[21.77,60.6],[22.06,60.44],[22.33,60.38],[22.6,60.36],[22.46,60.27],[22.61,60.22],[22.94,60.32],[22.87,60.18],[23.06,60.04],[23.21,60.05],[23.17,59.89],[23.56,59.98],[23.77,59.97],[24.18,60.05],[24.47,60],[24.6,60.13],[24.95,60.14],[25.18,60.18],[25.2,60.25],[25.74,60.25],[26.1,60.42],[26.32,60.38],[26.49,60.44],[26.69,60.42],[27,60.49],[27.05,60.55],[27.46,60.46],[27.71,60.49],[27.81,60.55],[28.15,60.76],[28.8,61.1],[29.2,61.25],[29.54,61.49],[29.78,61.59],[30.64,62.18],[30.91,62.29],[31.24,62.5],[31.44,62.79],[31.57,62.91],[31.25,63.12],[31.23,63.2],[30.82,63.38],[30.49,63.46],[29.98,63.74],[30.2,63.79],[30.51,63.99],[30.59,64.08],[30.56,64.22],[30.32,64.32],[30.09,64.36],[29.97,64.58],[30.17,64.68],[30.06,64.78],[29.78,64.8],[29.59,64.99],[29.82,65.09],[29.83,65.21],[29.58,65.24],[29.72,65.33],[29.7,65.63],[30.11,65.71],[29.88,66.13],[29.59,66.35],[29.52,66.49],[29.09,66.84],[29.1,66.99],[29.52,67.3],[29.92,67.51],[30.01,67.69],[29.65,67.82],[29.3,68.08],[28.66,68.2],[28.46,68.54],[28.8,68.83],[28.46,68.9],[28.95,69.03]]],[[[22.84,60.24],[22.47,60.18],[22.47,60],[22.73,60.05],[22.85,60.11],[22.84,60.24]]]]},"properties":{"iso_a2":"FI","name":"Finland"}},{"type":"Feature","geometry":{"type":"MultiPolygon","coordinates":[[[[107.52,14.71],[107.51,14.54],[107.46,14.43],[107.39,14.42],[107.32,14.12],[107.34,14.02],[107.43,13.98],[107.44,13.78],[107.6,13.54],[107.61,13.37],[107.46,13.02],[107.54,12.8],[107.57,12.61],[107.51,12.34],[107.42,12.25],[107.32,12.33],[107.15,12.28],[106.98,12.1],[106.77,12.07],[106.7,11.97],[106.39,11.97],[106.44,11.86],[106.4,11.75],[106.29,11.68],[106.16,11.75],[106.02,11.77],[105.93,11.64],[105.79,11.61],[105.86,11.54],[105.87,11.43],[105.84,11.3],[106.06,11.09],[106.16,11.05],[106.12,10.93],[106.16,10.79],[106.07,10.8],[105.93,10.88],[105.88,10.83],[105.75,11.02],[105.47,10.94],[105.41,10.96],[105.33,10.85],[105.25,10.88],[105.03,10.91],[105.07,10.75],[104.82,10.52],[104.55,10.52],[104.45,10.42],[104.59,10.26],[104.62,10.15],[104.71,10.22],[104.81,10.21],[104.9,10.1],[105,10.09],[105.09,10],[104.97,9.85],[104.89,9.85],[104.84,9.56],[104.81,9.05],[104.78,8.82],[104.85,8.73],[104.86,8.57],[105.1,8.63],[105.18,8.74],[105.33,8.84],[105.41,9.01],[105.54,9.13],[106.02,9.32],[106.19,9.37],[106.2,9.54],[106.07,9.75],[106.4,9.54],[106.49,9.55],[106.58,9.65],[106.58,9.74],[106.66,9.88],[106.65,9.97],[106.8,10.15],[106.72,10.2],[106.78,10.28],[106.79,10.39],[106.73,10.52],[106.75,10.58],[106.77,10.6],[106.74,10.67],[106.79,10.68],[106.83,10.63],[106.88,10.65],[106.96,10.5],[107.18,10.48],[107.27,10.38],[107.33,10.44],[107.53,10.51],[107.57,10.56],[107.88,10.72],[108,10.7],[108.11,10.92],[108.35,10.95],[108.37,11.02],[108.48,11.06],[108.58,11.18],[108.74,11.19],[108.82,11.32],[108.93,11.31],[109.02,11.36],[109.03,11.52],[109.14,11.57],[109.24,11.74],[109.13,11.86],[109.2,11.95],[109.21,12.07],[109.21,12.39],[109.3,12.48],[109.21,12.55],[109.21,12.65],[109.46,12.92],[109.31,13.13],[109.31,13.34],[109.23,13.39],[109.3,13.48],[109.23,13.74],[109.3,13.76],[109.19,14.29],[109.07,14.58],[109.08,14.73],[109.01,14.84],[108.92,15.06],[108.91,15.2],[108.95,15.25],[108.88,15.34],[108.7,15.45],[108.46,15.75],[108.42,15.87],[108.31,15.96],[108.26,16.07],[108.14,16.12],[108.18,16.22],[107.95,16.36],[107.82,16.39],[107.67,16.5],[107.61,16.6],[107.22,16.91],[107.11,17.09],[106.76,17.34],[106.64,17.47],[106.47,17.75],[106.44,17.85],[106.53,17.95],[106.27,18.2],[106.1,18.29],[105.98,18.4],[105.83,18.59],[105.78,18.75],[105.72,18.86],[105.64,18.91],[105.64,19.07],[105.74,19.11],[105.74,19.23],[105.81,19.28],[105.79,19.4],[105.81,19.6],[105.92,19.77],[105.95,19.91],[106.03,20],[106.16,19.98],[106.4,20.2],[106.57,20.23],[106.59,20.45],[106.57,20.53],[106.64,20.63],[106.79,20.73],[106.75,20.8],[106.76,20.94],[106.87,20.88],[106.95,20.95],[107.16,20.93],[107.22,21],[107.33,21.01],[107.39,21.28],[107.59,21.29],[107.65,21.38],[107.75,21.41],[107.88,21.53],[107.99,21.49],[107.75,21.66],[107.61,21.61],[107.35,21.6],[107.27,21.72],[107.17,21.72],[106.99,21.85],[106.87,21.97],[106.72,22.01],[106.67,22.09],[106.66,22.22],[106.53,22.43],[106.57,22.58],[106.68,22.58],[106.76,22.75],[106.67,22.87],[106.57,22.9],[106.32,22.85],[106.2,22.95],[106.08,22.98],[105.84,22.92],[105.69,23.04],[105.57,23.05],[105.43,23.27],[105.33,23.32],[105.05,23.23],[104.8,23.09],[104.83,22.95],[104.7,22.82],[104.55,22.84],[104.34,22.69],[104.25,22.73],[104.21,22.83],[104.07,22.78],[104.02,22.72],[103.99,22.53],[103.83,22.61],[103.65,22.8],[103.59,22.77],[103.51,22.59],[103.45,22.62],[103.4,22.74],[103.31,22.79],[103.25,22.68],[103.14,22.61],[103.14,22.54],[102.99,22.44],[102.89,22.49],[102.85,22.59],[102.69,22.67],[102.54,22.7],[102.47,22.77],[102.36,22.66],[102.38,22.62],[102.25,22.5],[102.22,22.41],[102.12,22.4],[102.23,22.23],[102.4,22.11],[102.48,21.96],[102.59,21.9],[102.64,21.67],[102.79,21.74],[102.95,21.74],[102.97,21.58],[102.86,21.29],[102.89,21.17],[103.02,21.04],[103.14,20.85],[103.36,20.79],[103.43,20.82],[103.67,20.66],[103.76,20.74],[103.79,20.85],[104.01,20.91],[104.06,20.96],[104.19,20.93],[104.31,20.87],[104.39,20.77],[104.6,20.66],[104.54,20.54],[104.45,20.54],[104.36,20.44],[104.58,20.41],[104.68,20.34],[104.66,20.21],[104.82,20.22],[104.96,20.09],[104.94,19.98],[104.78,19.91],[104.81,19.79],[104.66,19.7],[104.62,19.62],[104.52,19.6],[104.38,19.68],[104.3,19.66],[104.23,19.71],[104.09,19.65],[104.09,19.48],[104.05,19.43],[103.87,19.33],[103.97,19.23],[104.15,19.18],[104.48,18.98],[104.54,18.91],[104.72,18.79],[104.87,18.78],[104.94,18.73],[105.11,18.7],[105.16,18.64],[105.08,18.45],[105.17,18.31],[105.37,18.15],[105.48,18.13],[105.61,17.96],[105.59,17.89],[105.74,17.66],[105.85,17.6],[106.02,17.39],[106.19,17.26],[106.26,17.29],[106.41,17],[106.53,16.95],[106.54,16.68],[106.64,16.59],[106.67,16.44],[106.86,16.41],[106.98,16.3],[107.12,16.26],[107.15,16.17],[107.3,16.06],[107.41,16.07],[107.45,16.01],[107.36,15.91],[107.18,15.85],[107.16,15.76],[107.37,15.5],[107.45,15.51],[107.49,15.42],[107.58,15.4],[107.66,15.28],[107.66,15.21],[107.58,15.05],[107.45,15.03],[107.56,14.88],[107.49,14.8],[107.52,14.71]]],[[[104.08,10.37],[104.01,10.45],[103.86,10.32],[103.94,10.27],[104.01,10.03],[104.09,10.25],[104.08,10.37]]],[[[106.87,10.46],[106.81,10.63],[106.78,10.58],[106.75,10.57],[106.76,10.49],[106.87,10.46]]],[[[107.08,20.8],[107.02,20.86],[106.91,20.82],[107.01,20.73],[107.08,20.8]]],[[[107.58,21.21],[107.47,21.28],[107.37,21.06],[107.47,21.1],[107.58,21.21]]]]},"properties":{"iso_a2":"VN","name":"Vietnam"}},{"type":"Feature","geometry":{"type":"Polygon","coordinates":[[[107.52,14.71],[107.42,14.54],[107.29,14.6],[107.21,14.49],[107.08,14.4],[107.03,14.43],[106.95,14.32],[106.84,14.31],[106.71,14.43],[106.54,14.52],[106.3,14.45],[106.24,14.48],[106.15,14.37],[105.97,14.37],[106.01,14.23],[106.15,14.07],[106.05,13.92],[105.87,13.94],[105.74,14.09],[105.53,14.16],[105.35,14.11],[105.26,14.18],[105.18,14.35],[105.1,14.23],[104.98,14.3],[104.97,14.38],[104.77,14.44],[104.6,14.41],[104.46,14.36],[104.25,14.4],[104,14.35],[103.87,14.34],[103.55,14.42],[103.46,14.37],[103.27,14.35],[103.09,14.3],[102.93,14.2],[102.87,14.02],[102.75,13.9],[102.7,13.76],[102.57,13.69],[102.51,13.57],[102.33,13.57],[102.33,13.28],[102.38,13.14],[102.49,12.99],[102.47,12.93],[102.51,12.78],[102.5,12.65],[102.59,12.61],[102.77,12.42],[102.72,12.34],[102.7,12.14],[102.91,11.77],[102.91,11.65],[103.11,11.47],[103.07,11.26],[103.11,11.16],[103.1,10.93],[103.18,10.86],[103.28,10.93],[103.4,10.88],[103.47,11.13],[103.53,11.16],[103.66,11.03],[103.72,10.9],[103.67,10.76],[103.57,10.73],[103.51,10.64],[103.62,10.5],[103.82,10.54],[103.88,10.66],[103.95,10.59],[104.07,10.56],[104.29,10.54],[104.45,10.42],[104.55,10.52],[104.82,10.52],[105.07,10.75],[105.03,10.91],[105.25,10.88],[105.33,10.85],[105.41,10.96],[105.47,10.94],[105.75,11.02],[105.88,10.83],[105.93,10.88],[106.07,10.8],[106.16,10.79],[106.12,10.93],[106.16,11.05],[106.06,11.09],[105.84,11.3],[105.87,11.43],[105.86,11.54],[105.79,11.61],[105.93,11.64],[106.02,11.77],[106.16,11.75],[106.29,11.68],[106.4,11.75],[106.44,11.86],[106.39,11.97],[106.7,11.97],[106.77,12.07],[106.98,12.1],[107.15,12.28],[107.32,12.33],[107.42,12.25],[107.51,12.34],[107.57,12.61],[107.54,12.8],[107.46,13.02],[107.61,13.37],[107.6,13.54],[107.44,13.78],[107.43,13.98],[107.34,14.02],[107.32,14.12],[107.39,14.42],[107.46,14.43],[107.51,14.54],[107.52,14.71]]]},"properties":{"iso_a2":"KH","name":"Cambodia"}},{"type":"Feature","geometry":{"type":"Polygon","coordinates":[[[6.12,50.12],[5.96,50.17],[5.87,50.1],[5.72,49.89],[5.72,49.83],[5.89,49.64],[5.79,49.54],[5.96,49.44],[6.14,49.5],[6.35,49.46],[6.36,49.58],[6.49,49.7],[6.5,49.8],[6.22,49.89],[6.1,50.05],[6.12,50.12]]]},"properties":{"iso_a2":"LU","name":"Luxembourg"}},{"type":"Feature","geometry":{"type":"MultiPolygon","coordinates":[[[[56.28,25.63],[56.15,25.67],[56.18,26.02],[56.08,26.06],[56.01,25.88],[55.84,25.71],[55.53,25.54],[55.47,25.41],[55.36,25.35],[55.08,25.02],[54.64,24.75],[54.66,24.68],[54.58,24.51],[54.5,24.49],[54.49,24.39],[54.38,24.26],[54.32,24.27],[54.12,24.15],[53.88,24.07],[53.58,24.05],[53.44,24.12],[53.25,24.1],[53.17,24.17],[53.07,24.12],[52.67,24.15],[52.63,24.19],[52.44,24.06],[52.22,23.97],[51.81,24],[51.77,24.18],[51.57,24.26],[51.59,24.08],[52.07,23.51],[52.54,22.96],[52.58,22.93],[54,22.76],[55.11,22.62],[55.19,22.7],[55.19,23],[55.23,23.12],[55.32,23.28],[55.38,23.47],[55.45,23.55],[55.54,23.77],[55.53,23.88],[55.46,23.96],[55.65,24.03],[55.81,24.01],[56,24.08],[55.93,24.22],[55.75,24.25],[55.81,24.34],[55.76,24.56],[55.82,24.64],[55.79,24.86],[55.94,24.98],[56.01,24.96],[56.03,24.75],[56.12,24.74],[56.38,24.98],[56.36,25.06],[56.38,25.31],[56.37,25.53],[56.28,25.63]]],[[[53.66,24.16],[53.92,24.14],[53.96,24.2],[53.84,24.26],[53.66,24.16]]]]},"properties":{"iso_a2":"AE","name":"United Arab Emirates"}},{"type":"Feature","geometry":{"type":"Polygon","coordinates":[[[2.52,51.09],[2.61,50.96],[2.59,50.84],[2.77,50.73],[2.9,50.7],[3.1,50.78],[3.24,50.67],[3.27,50.53],[3.46,50.52],[3.64,50.45],[3.76,50.35],[4.02,50.34],[4.16,50.21],[4.21,50.06],[4.14,49.98],[4.47,49.94],[4.66,49.99],[4.68,50.08],[4.86,50.08],[4.79,49.97],[4.86,49.9],[4.85,49.79],[4.99,49.79],[5.4,49.6],[5.48,49.5],[5.65,49.54],[5.79,49.54],[5.89,49.64],[5.72,49.83],[5.72,49.89],[5.87,50.1],[5.96,50.17],[6.12,50.12],[6.15,50.21],[6.25,50.26],[6.34,50.37],[6.32,50.48],[6.23,50.59],[6,50.75],[5.73,50.75],[5.62,50.85],[5.84,51.14],[5.55,51.22],[5.47,51.29],[5.22,51.26],[5.07,51.38],[4.91,51.39],[4.73,51.49],[4.53,51.48],[4.26,51.37],[4.22,51.37],[4.12,51.27],[3.93,51.21],[3.64,51.29],[3.42,51.24],[3.35,51.38],[3.13,51.33],[2.52,51.09]]]},"properties":{"iso_a2":"BE","name":"Belgium"}},{"type":"Feature","geometry":{"type":"Polygon","coordinates":[[[39.99,43.39],[40.22,43.32],[40.34,43.14],[40.4,43.16],[40.58,43.09],[40.86,43.06],[41.02,42.99],[41.15,42.8],[41.38,42.76],[41.5,42.64],[41.56,42.38],[41.66,42.11],[41.76,42.01],[41.77,41.82],[41.68,41.66],[41.52,41.51],[41.8,41.43],[41.95,41.51],[42.16,41.5],[42.44,41.43],[42.57,41.57],[42.8,41.53],[43.12,41.31],[43.23,41.17],[43.35,41.19],[43.44,41.11],[43.73,41.11],[43.86,41.16],[44.1,41.18],[44.22,41.22],[44.55,41.18],[44.61,41.22],[44.82,41.21],[44.82,41.27],[45,41.29],[45.25,41.44],[45.72,41.34],[45.82,41.21],[45.97,41.17],[46.21,41.2],[46.5,41.05],[46.6,41.09],[46.7,41.27],[46.59,41.37],[46.3,41.51],[46.19,41.61],[46.19,41.74],[46.33,41.77],[46.43,41.89],[46.21,42],[45.93,42.03],[45.9,42.09],[45.63,42.2],[45.74,42.45],[45.7,42.51],[45.48,42.54],[45.36,42.52],[45.18,42.68],[45.01,42.7],[44.86,42.76],[44.76,42.62],[44.68,42.72],[44.56,42.75],[44.27,42.7],[44.2,42.63],[44.06,42.62],[43.94,42.55],[43.75,42.6],[43.8,42.75],[43.52,42.86],[43.19,42.93],[42.83,43.17],[42.6,43.14],[42.42,43.23],[42.19,43.23],[42.08,43.19],[41.55,43.23],[41.18,43.38],[41.01,43.38],[40.88,43.46],[40.65,43.54],[40.48,43.51],[40.23,43.58],[40.06,43.54],[39.99,43.39]]]},"properties":{"iso_a2":"GE","name":"Georgia"}},{"type":"Feature","geometry":{"type":"Polygon","coordinates":[[[20.57,41.87],[20.5,41.73],[20.52,41.57],[20.45,41.51],[20.54,41.4],[20.48,41.29],[20.58,41.09],[20.66,41.06],[20.74,40.9],[20.94,40.91],[20.97,40.85],[21.3,40.86],[21.38,40.9],[21.58,40.87],[21.74,40.92],[22.03,41.14],[22.18,41.16],[22.42,41.12],[22.59,41.13],[22.74,41.2],[22.75,41.32],[22.92,41.34],[22.93,41.6],[23.01,41.72],[22.88,41.88],[22.84,42.01],[22.62,42.08],[22.51,42.15],[22.35,42.31],[22.23,42.35],[22.1,42.31],[21.94,42.33],[21.68,42.24],[21.56,42.25],[21.35,42.22],[21.24,42.1],[21.1,42.2],[20.81,42.09],[20.76,42.04],[20.74,41.89],[20.57,41.87]]]},"properties":{"iso_a2":"MK","name":"North Macedonia"}},{"type":"Feature","geometry":{"type":"Polygon","coordinates":[[[20.57,41.87],[20.6,41.95],[20.54,42.15],[20.46,42.25],[20.23,42.33],[20.2,42.43],[20.07,42.55],[19.84,42.47],[19.75,42.49],[19.74,42.62],[19.61,42.59],[19.52,42.46],[19.27,42.18],[19.38,42.1],[19.36,41.85],[19.59,41.82],[19.61,41.63],[19.44,41.44],[19.47,41.19],[19.45,41.01],[19.52,40.95],[19.41,40.87],[19.31,40.64],[19.45,40.51],[19.48,40.35],[19.38,40.3],[19.48,40.21],[19.86,40.05],[20.01,39.87],[20,39.69],[20.2,39.64],[20.28,39.7],[20.32,39.92],[20.43,40.06],[20.65,40.09],[20.71,40.29],[20.83,40.47],[20.91,40.46],[21.02,40.56],[21.02,40.69],[20.94,40.77],[20.97,40.85],[20.94,40.91],[20.74,40.9],[20.66,41.06],[20.58,41.09],[20.48,41.29],[20.54,41.4],[20.45,41.51],[20.52,41.57],[20.5,41.73],[20.57,41.87]]]},"properties":{"iso_a2":"AL","name":"Albania"}},{"type":"Feature","geometry":{"type":"MultiPolygon","coordinates":[[[[45,41.29],[45.05,41.19],[45.19,41.16],[45.22,41.01],[45.42,40.96],[45.54,40.88],[45.56,40.78],[45.37,40.67],[45.53,40.44],[45.59,40.4],[45.98,40.22],[45.87,40.01],[45.64,40.03],[45.61,39.96],[45.76,39.92],[45.86,39.81],[45.98,39.77],[46.05,39.69],[46.21,39.59],[46.34,39.62],[46.53,39.54],[46.38,39.38],[46.59,39.24],[46.48,39.12],[46.47,38.96],[46.51,38.88],[46.75,39.04],[46.84,39.14],[47.02,39.19],[47.1,39.31],[47.25,39.36],[47.37,39.46],[47.55,39.52],[47.85,39.69],[47.96,39.71],[48.05,39.65],[48.34,39.38],[48.13,39.3],[48.14,39.18],[48.31,39.05],[48.24,38.97],[48.06,38.95],[47.99,38.85],[48.21,38.73],[48.31,38.6],[48.43,38.57],[48.61,38.4],[48.78,38.45],[48.87,38.43],[48.86,38.76],[48.84,38.8],[48.92,38.94],[48.97,39.18],[49.06,39.17],[49.15,39.08],[49.24,39.17],[49.27,39.34],[49.41,39.39],[49.3,39.48],[49.32,39.62],[49.42,39.71],[49.4,39.78],[49.48,40],[49.49,40.15],[49.58,40.22],[49.78,40.28],[49.89,40.37],[50.23,40.34],[50.36,40.37],[50.24,40.5],[50.05,40.58],[49.82,40.57],[49.54,40.65],[49.54,40.79],[49.38,40.87],[49.2,41.06],[49.14,41.28],[49.03,41.43],[48.66,41.8],[48.58,41.85],[48.37,41.58],[48.2,41.49],[48.05,41.46],[47.9,41.23],[47.74,41.19],[47.38,41.26],[47.27,41.3],[47.24,41.42],[47.14,41.55],[47.03,41.56],[46.91,41.71],[46.76,41.79],[46.74,41.85],[46.55,41.8],[46.43,41.89],[46.33,41.77],[46.19,41.74],[46.19,41.61],[46.3,41.51],[46.59,41.37],[46.7,41.27],[46.6,41.09],[46.5,41.05],[46.21,41.2],[45.97,41.17],[45.82,41.21],[45.72,41.34],[45.25,41.44],[45,41.29]]],[[[46.14,38.86],[45.96,39.15],[45.96,39.27],[45.77,39.35],[45.79,39.55],[45.72,39.57],[45.46,39.49],[45.31,39.53],[45.03,39.77],[44.78,39.7],[44.81,39.64],[44.89,39.61],[44.96,39.43],[45.05,39.39],[45.18,39.22],[45.35,39.16],[45.44,39],[46.14,38.86]]]]},"properties":{"iso_a2":"AZ","name":"Azerbaijan"}},{"type":"Feature","geometry":{"type":"Polygon","coordinates":[[[20.07,42.55],[20.2,42.43],[20.23,42.33],[20.46,42.25],[20.54,42.15],[20.6,41.95],[20.57,41.87],[20.74,41.89],[20.76,42.04],[20.81,42.09],[21.1,42.2],[21.24,42.1],[21.35,42.22],[21.56,42.25],[21.6,42.37],[21.72,42.55],[21.74,42.68],[21.41,42.74],[21.41,42.85],[21.26,42.89],[21.23,42.97],[21.09,43.09],[20.84,43.17],[20.79,43.26],[20.6,43.19],[20.64,43.05],[20.48,42.97],[20.48,42.86],[20.35,42.83],[20.08,42.77],[20.1,42.65],[20.07,42.55]]]},"properties":{"iso_a2":"XK","name":"Kosovo"}},{"type":"Feature","geometry":{"type":"MultiPolygon","coordinates":[[[[43.44,41.11],[43.35,41.19],[43.23,41.17],[43.12,41.31],[42.8,41.53],[42.57,41.57],[42.44,41.43],[42.16,41.5],[41.95,41.51],[41.8,41.43],[41.52,41.51],[41.41,41.39],[41.29,41.35],[41.04,41.23],[40.83,41.2],[40.7,41.1],[40.47,41.05],[40.3,40.97],[40.13,40.92],[40,40.98],[39.86,40.96],[39.59,41.03],[39.43,41.11],[39.27,41.05],[39.16,41.08],[38.93,41.04],[38.72,40.96],[38.33,40.92],[37.98,40.99],[37.9,40.98],[37.66,41.12],[37.53,41.04],[37.26,41.15],[37.04,41.18],[36.99,41.3],[36.84,41.35],[36.62,41.38],[36.45,41.24],[36.24,41.36],[36.13,41.46],[36.12,41.63],[35.98,41.73],[35.62,41.63],[35.53,41.63],[35.23,41.76],[35.09,41.93],[35.02,42.09],[34.89,42.01],[34.69,41.95],[34.48,41.98],[34.33,41.95],[34,41.98],[33.87,41.97],[33.32,42.02],[32.93,41.88],[32.61,41.84],[32.35,41.73],[32.26,41.72],[32.13,41.6],[32.04,41.58],[31.66,41.4],[31.5,41.35],[31.39,41.19],[31.25,41.11],[30.83,41.08],[30.27,41.21],[30.14,41.14],[29.89,41.15],[29.23,41.24],[29.13,41.21],[29.03,40.98],[29.26,40.87],[29.36,40.76],[29.28,40.67],[28.99,40.65],[28.79,40.55],[28.97,40.46],[28.96,40.36],[28.77,40.4],[28.64,40.37],[28.48,40.4],[28.11,40.4],[27.97,40.5],[27.76,40.54],[27.68,40.5],[27.87,40.37],[27.79,40.32],[27.45,40.32],[27.34,40.37],[27.29,40.47],[27.1,40.45],[27.01,40.39],[26.74,40.4],[26.5,40.21],[26.41,40.19],[26.31,40.02],[26.2,40.01],[26.15,39.93],[26.16,39.7],[26.07,39.5],[26.15,39.46],[26.46,39.52],[26.89,39.58],[26.93,39.49],[26.67,39.31],[26.74,39.2],[26.88,39.07],[26.81,38.95],[26.98,38.92],[27.01,38.87],[26.72,38.72],[26.75,38.62],[26.96,38.44],[26.93,38.38],[26.77,38.36],[26.54,38.62],[26.36,38.66],[26.4,38.49],[26.51,38.43],[26.48,38.37],[26.27,38.29],[26.61,38.11],[26.64,38.2],[26.76,38.22],[26.84,38.12],[27.24,37.99],[27.25,37.74],[27.11,37.69],[27.21,37.6],[27.21,37.4],[27.49,37.3],[27.62,37.28],[27.56,37.13],[27.48,37.09],[27.37,37.15],[27.23,37.06],[27.48,36.99],[27.78,36.99],[27.99,37.03],[28.21,37],[28.19,36.94],[28.04,36.94],[28.03,36.79],[27.44,36.75],[27.67,36.66],[27.74,36.76],[27.92,36.74],[28.09,36.64],[28.23,36.7],[28.24,36.83],[28.4,36.79],[28.58,36.82],[28.6,36.73],[28.81,36.66],[28.94,36.75],[29.12,36.63],[29.11,36.39],[29.32,36.25],[29.6,36.21],[29.67,36.14],[29.91,36.22],[30.15,36.25],[30.26,36.31],[30.4,36.25],[30.52,36.34],[30.48,36.4],[30.57,36.53],[30.57,36.78],[30.69,36.89],[30.78,36.85],[30.94,36.86],[31.34,36.81],[31.41,36.76],[32.03,36.54],[32.37,36.18],[32.67,36.05],[32.8,36.03],[32.94,36.1],[33.09,36.08],[33.2,36.12],[33.54,36.14],[34.08,36.33],[34.08,36.41],[34.28,36.59],[34.56,36.77],[34.77,36.82],[34.9,36.73],[34.98,36.72],[35.35,36.54],[35.51,36.61],[35.63,36.61],[35.61,36.74],[35.81,36.78],[35.99,36.92],[36.06,36.92],[36.19,36.8],[36.19,36.6],[35.92,36.45],[35.79,36.32],[35.98,36.02],[35.91,35.92],[36.14,35.82],[36.2,35.95],[36.34,35.99],[36.36,36.18],[36.5,36.23],[36.66,36.23],[36.59,36.33],[36.53,36.49],[36.6,36.75],[36.66,36.83],[36.97,36.75],[37.02,36.64],[37.24,36.66],[37.45,36.63],[37.65,36.73],[37.82,36.76],[38.19,36.91],[38.53,36.83],[38.66,36.72],[38.8,36.69],[39.03,36.7],[39.24,36.66],[39.77,36.74],[40.19,36.88],[40.39,36.99],[40.71,37.1],[40.9,37.12],[41.2,37.07],[41.48,37.08],[42.01,37.18],[42.18,37.31],[42.35,37.23],[42.36,37.11],[42.56,37.15],[42.77,37.38],[42.94,37.32],[43.08,37.37],[43.34,37.32],[43.48,37.24],[43.89,37.23],[43.99,37.31],[44.21,37.27],[44.25,37.19],[44.18,37.09],[44.23,36.98],[44.43,37.07],[44.63,37.18],[44.77,37.14],[44.8,37.29],[44.57,37.45],[44.6,37.72],[44.45,37.77],[44.37,37.86],[44.22,37.88],[44.22,37.97],[44.36,38.15],[44.44,38.37],[44.29,38.38],[44.29,38.64],[44.25,38.72],[44.28,38.84],[44.14,38.99],[44.19,39.15],[44.08,39.2],[44.05,39.4],[44.27,39.38],[44.39,39.41],[44.46,39.7],[44.57,39.77],[44.81,39.64],[44.78,39.7],[44.52,39.93],[44.33,40.03],[44.03,40.01],[43.91,40.02],[43.67,40.11],[43.68,40.27],[43.59,40.35],[43.56,40.47],[43.71,40.61],[43.71,40.78],[43.61,40.96],[43.46,41.02],[43.44,41.11]]],[[[28.02,41.97],[27.81,41.99],[27.53,41.91],[27.33,42.06],[27.02,42.07],[26.94,42],[26.62,41.97],[26.53,41.82],[26.38,41.82],[26.33,41.71],[26.6,41.61],[26.64,41.38],[26.33,41.25],[26.32,41.09],[26.36,40.97],[26.14,40.77],[26.04,40.74],[26.08,40.61],[26.3,40.6],[26.79,40.66],[26.83,40.6],[26.68,40.52],[26.6,40.51],[26.21,40.32],[26.27,40.26],[26.22,40.15],[26.38,40.15],[26.45,40.24],[26.62,40.36],[26.68,40.46],[27.05,40.61],[27.18,40.63],[27.43,40.83],[27.52,40.99],[27.74,41.01],[27.94,40.97],[28.01,41.04],[28.24,41.09],[28.63,40.97],[28.8,40.96],[28.98,41],[29.11,41.24],[28.91,41.27],[28.38,41.45],[28.23,41.52],[28.08,41.65],[27.97,41.82],[28.02,41.97]]],[[[26.01,40.17],[25.91,40.24],[25.76,40.21],[25.86,40.11],[26.01,40.17]]]]},"properties":{"iso_a2":"TR","name":"Turkey"}},{"type":"Feature","geometry":{"type":"MultiPolygon","coordinates":[[[[-1.79,43.39],[-2.1,43.3],[-2.37,43.32],[-2.77,43.45],[-2.9,43.44],[-3.11,43.35],[-3.39,43.43],[-3.55,43.52],[-3.72,43.47],[-3.83,43.5],[-4.19,43.41],[-4.74,43.42],[-4.84,43.45],[-5.18,43.49],[-5.42,43.56],[-5.71,43.57],[-5.84,43.66],[-5.91,43.59],[-6.07,43.57],[-6.22,43.6],[-6.51,43.55],[-6.65,43.58],[-7.16,43.56],[-7.3,43.6],[-7.37,43.68],[-7.49,43.73],[-7.73,43.75],[-7.95,43.73],[-8.31,43.55],[-8.33,43.47],[-8.21,43.43],[-8.69,43.29],[-8.84,43.34],[-8.93,43.24],[-9.22,43.16],[-9.26,43.06],[-9.24,42.94],[-9.13,42.92],[-9.13,42.81],[-9.03,42.8],[-9.07,42.6],[-8.82,42.57],[-8.87,42.42],[-8.8,42.26],[-8.83,42.13],[-8.9,42.1],[-8.88,41.91],[-8.75,41.97],[-8.63,42.05],[-8.35,42.1],[-8.22,42.15],[-8.11,42.01],[-8.23,41.89],[-8.18,41.81],[-8.05,41.82],[-7.72,41.9],[-7.59,41.82],[-7.25,41.86],[-7.14,41.99],[-6.66,41.93],[-6.52,41.87],[-6.55,41.68],[-6.37,41.66],[-6.21,41.57],[-6.32,41.42],[-6.5,41.3],[-6.65,41.27],[-6.8,41.06],[-6.94,41.02],[-6.84,40.84],[-6.81,40.65],[-6.86,40.44],[-6.79,40.36],[-6.9,40.26],[-7.04,40.18],[-6.88,40.01],[-6.92,39.87],[-7.04,39.69],[-7.34,39.67],[-7.56,39.68],[-7.52,39.59],[-7.31,39.46],[-7.33,39.34],[-7.24,39.2],[-7.13,39.1],[-7.04,39.11],[-6.97,39.01],[-7.06,38.85],[-7.27,38.74],[-7.36,38.45],[-7.17,38.27],[-7.13,38.19],[-6.95,38.2],[-7.02,38.02],[-7.12,38.04],[-7.27,37.95],[-7.33,37.81],[-7.43,37.75],[-7.53,37.57],[-7.48,37.49],[-7.41,37.19],[-7.03,37.21],[-6.74,37.1],[-6.5,36.96],[-6.42,36.84],[-6.43,36.72],[-6.38,36.62],[-6.23,36.58],[-6.22,36.4],[-6.04,36.19],[-5.92,36.18],[-5.8,36.09],[-5.61,36.01],[-5.45,36.06],[-5.36,36.14],[-5.34,36.14],[-5.19,36.41],[-4.91,36.5],[-4.68,36.5],[-4.53,36.58],[-4.43,36.71],[-4.22,36.71],[-4.06,36.75],[-3.6,36.74],[-3.41,36.7],[-3.23,36.76],[-2.93,36.75],[-2.76,36.68],[-2.66,36.7],[-2.58,36.81],[-2.36,36.84],[-2.2,36.74],[-2.07,36.78],[-2,36.89],[-1.9,36.95],[-1.81,37.21],[-1.68,37.35],[-1.32,37.56],[-1.17,37.54],[-1.07,37.58],[-0.92,37.56],[-0.7,37.62],[-0.85,37.72],[-0.72,37.94],[-0.66,37.98],[-0.64,38.12],[-0.5,38.21],[-0.51,38.34],[-0.41,38.37],[-0.34,38.46],[-0.09,38.53],[0.24,38.74],[0.11,38.85],[-0.01,38.87],[-0.12,38.95],[-0.21,39.08],[-0.21,39.18],[-0.3,39.32],[-0.33,39.48],[-0.09,39.85],[0.21,40.17],[0.35,40.28],[0.55,40.57],[0.6,40.61],[0.85,40.67],[0.71,40.82],[0.99,41.04],[1.18,41.06],[1.22,41.11],[1.54,41.19],[2.06,41.28],[2.27,41.45],[2.45,41.54],[2.93,41.71],[3.15,41.85],[3.24,41.97],[3.21,42.07],[3.12,42.14],[3.15,42.26],[3.26,42.24],[3.32,42.32],[3.17,42.36],[3.18,42.43],[2.93,42.47],[2.71,42.41],[2.53,42.33],[2.28,42.43],[2.12,42.41],[2.05,42.35],[1.93,42.44],[1.71,42.5],[1.45,42.44],[1.43,42.6],[1.32,42.71],[1.13,42.72],[1.07,42.78],[0.81,42.83],[0.66,42.84],[0.61,42.69],[0.28,42.67],[0.17,42.73],[-0.04,42.69],[-0.3,42.83],[-0.58,42.78],[-0.73,42.88],[-0.76,42.95],[-0.98,42.96],[-1.27,43.05],[-1.38,43.03],[-1.43,43.14],[-1.4,43.24],[-1.54,43.28],[-1.75,43.29],[-1.79,43.39]]],[[[-17.93,27.85],[-18.06,27.76],[-17.96,27.69],[-17.88,27.82],[-17.93,27.85]]],[[[-15.39,28.03],[-15.46,28.13],[-15.71,28.17],[-15.72,28.06],[-15.82,27.98],[-15.78,27.84],[-15.58,27.73],[-15.38,27.85],[-15.39,28.03]]],[[[-17.31,28.21],[-17.34,28.1],[-17.23,28.02],[-17.1,28.1],[-17.21,28.21],[-17.31,28.21]]],[[[-16.43,28.15],[-16.37,28.36],[-16.23,28.49],[-16.3,28.57],[-16.41,28.52],[-16.51,28.42],[-16.77,28.37],[-16.92,28.36],[-16.84,28.21],[-16.68,28],[-16.52,28.06],[-16.43,28.15]]],[[[-13.97,28.74],[-14.04,28.59],[-14.14,28.44],[-14.22,28.22],[-14.21,28.16],[-13.97,28.23],[-13.84,28.41],[-13.84,28.72],[-13.97,28.74]]],[[[-17.76,28.82],[-17.91,28.86],[-18,28.75],[-17.83,28.46],[-17.72,28.73],[-17.76,28.82]]],[[[-13.48,29.24],[-13.53,29.15],[-13.75,29.08],[-13.83,29],[-13.86,28.86],[-13.77,28.84],[-13.71,28.92],[-13.48,29],[-13.48,29.24]]],[[[1.61,39.09],[1.52,39.12],[1.29,39.03],[1.21,38.9],[1.34,38.86],[1.51,38.93],[1.62,39.03],[1.61,39.09]]],[[[3.36,39.78],[3.29,39.75],[3.13,39.81],[3.14,39.93],[2.93,39.91],[2.7,39.81],[2.57,39.71],[2.36,39.61],[2.49,39.47],[2.66,39.57],[2.76,39.5],[2.76,39.4],[2.95,39.37],[3.06,39.27],[3.22,39.36],[3.32,39.52],[3.41,39.59],[3.47,39.75],[3.36,39.78]]],[[[4.3,39.93],[4.26,40],[4.11,40.07],[3.82,40.05],[3.87,39.93],[4.01,39.93],[4.25,39.82],[4.3,39.93]]]]},"properties":{"iso_a2":"ES","name":"Spain"}},{"type":"Feature","geometry":{"type":"Polygon","coordinates":[[[102.12,22.4],[102.02,22.45],[101.82,22.41],[101.71,22.49],[101.66,22.45],[101.61,22.29],[101.52,22.23],[101.61,21.97],[101.67,21.93],[101.75,21.81],[101.73,21.73],[101.75,21.58],[101.72,21.32],[101.82,21.23],[101.72,21.13],[101.58,21.22],[101.5,21.24],[101.26,21.18],[101.21,21.25],[101.24,21.36],[101.17,21.4],[101.16,21.55],[101,21.41],[100.79,21.3],[100.73,21.31],[100.64,21.07],[100.54,21.03],[100.52,20.89],[100.38,20.83],[100.21,20.7],[100.15,20.55],[100.1,20.32],[100.27,20.39],[100.36,20.37],[100.54,20.07],[100.47,19.86],[100.38,19.76],[100.46,19.54],[100.57,19.5],[100.63,19.54],[100.73,19.51],[100.88,19.61],[101.26,19.52],[101.17,19.38],[101.23,19.14],[101.32,19.05],[101.23,18.89],[101.21,18.75],[101.24,18.66],[101.03,18.43],[101.15,18.34],[101.13,18.25],[101.17,18.05],[101.01,17.9],[100.96,17.73],[100.89,17.6],[101.13,17.46],[101.25,17.59],[101.46,17.75],[101.56,17.79],[101.64,17.9],[101.73,17.91],[101.77,18.06],[101.9,18.04],[102.08,18.21],[102.15,18.21],[102.31,18.05],[102.41,17.99],[102.57,17.97],[102.69,17.87],[102.94,18.01],[103.07,18.04],[103.07,18.13],[103.14,18.17],[103.26,18.4],[103.4,18.44],[103.61,18.4],[103.88,18.28],[104.02,18.3],[104.11,18.11],[104.21,18.01],[104.27,17.87],[104.35,17.82],[104.48,17.64],[104.72,17.52],[104.82,17.37],[104.81,17.17],[104.75,17.02],[104.78,16.69],[104.76,16.53],[104.87,16.44],[104.91,16.35],[105.03,16.26],[105.08,16.11],[105.41,16.02],[105.36,15.92],[105.45,15.77],[105.57,15.75],[105.65,15.64],[105.6,15.44],[105.49,15.38],[105.56,15.27],[105.44,15.13],[105.58,14.98],[105.53,14.93],[105.49,14.79],[105.51,14.56],[105.42,14.43],[105.18,14.35],[105.26,14.18],[105.35,14.11],[105.53,14.16],[105.74,14.09],[105.87,13.94],[106.05,13.92],[106.15,14.07],[106.01,14.23],[105.97,14.37],[106.15,14.37],[106.24,14.48],[106.3,14.45],[106.54,14.52],[106.71,14.43],[106.84,14.31],[106.95,14.32],[107.03,14.43],[107.08,14.4],[107.21,14.49],[107.29,14.6],[107.42,14.54],[107.52,14.71],[107.49,14.8],[107.56,14.88],[107.45,15.03],[107.58,15.05],[107.66,15.21],[107.66,15.28],[107.58,15.4],[107.49,15.42],[107.45,15.51],[107.37,15.5],[107.16,15.76],[107.18,15.85],[107.36,15.91],[107.45,16.01],[107.41,16.07],[107.3,16.06],[107.15,16.17],[107.12,16.26],[106.98,16.3],[106.86,16.41],[106.67,16.44],[106.64,16.59],[106.54,16.68],[106.53,16.95],[106.41,17],[106.26,17.29],[106.19,17.26],[106.02,17.39],[105.85,17.6],[105.74,17.66],[105.59,17.89],[105.61,17.96],[105.48,18.13],[105.37,18.15],[105.17,18.31],[105.08,18.45],[105.16,18.64],[105.11,18.7],[104.94,18.73],[104.87,18.78],[104.72,18.79],[104.54,18.91],[104.48,18.98],[104.15,19.18],[103.97,19.23],[103.87,19.33],[104.05,19.43],[104.09,19.48],[104.09,19.65],[104.23,19.71],[104.3,19.66],[104.38,19.68],[104.52,19.6],[104.62,19.62],[104.66,19.7],[104.81,19.79],[104.78,19.91],[104.94,19.98],[104.96,20.09],[104.82,20.22],[104.66,20.21],[104.68,20.34],[104.58,20.41],[104.36,20.44],[104.45,20.54],[104.54,20.54],[104.6,20.66],[104.39,20.77],[104.31,20.87],[104.19,20.93],[104.06,20.96],[104.01,20.91],[103.79,20.85],[103.76,20.74],[103.67,20.66],[103.43,20.82],[103.36,20.79],[103.14,20.85],[103.02,21.04],[102.89,21.17],[102.86,21.29],[102.97,21.58],[102.95,21.74],[102.79,21.74],[102.64,21.67],[102.59,21.9],[102.48,21.96],[102.4,22.11],[102.23,22.23],[102.12,22.4]]]},"properties":{"iso_a2":"LA","name":"Laos"}},{"type":"Feature","geometry":{"type":"Polygon","coordinates":[[[80.21,42.19],[79.92,42.42],[79.7,42.46],[79.48,42.45],[79.35,42.58],[79.24,42.63],[79.15,42.79],[79.03,42.76],[78.69,42.81],[78.43,42.88],[78.29,42.85],[78.03,42.86],[77.91,42.89],[77.16,42.92],[76.96,42.99],[76.69,42.91],[76.4,42.89],[76.25,42.92],[75.86,42.94],[75.77,42.93],[75.62,42.81],[75.18,42.85],[74.86,42.98],[74.71,43],[74.56,43.12],[74.26,43.22],[74.04,43.18],[73.63,43.06],[73.56,43.02],[73.49,42.88],[73.5,42.79],[73.41,42.59],[73.51,42.42],[73.33,42.43],[73.32,42.49],[73.11,42.55],[72.84,42.56],[72.73,42.65],[72.48,42.68],[72.29,42.76],[72.11,42.75],[71.85,42.83],[71.58,42.76],[71.41,42.8],[71.16,42.69],[71.13,42.59],[71,42.56],[70.94,42.39],[70.86,42.29],[70.95,42.25],[71.08,42.28],[71.22,42.21],[70.98,42.04],[70.85,42.03],[70.83,41.94],[70.68,41.9],[70.55,41.82],[70.45,41.71],[70.17,41.58],[70.2,41.51],[70.34,41.49],[70.45,41.41],[70.63,41.47],[70.76,41.37],[70.76,41.27],[70.91,41.19],[71.03,41.19],[71.19,41.13],[71.24,41.18],[71.42,41.16],[71.41,41.34],[71.52,41.3],[71.63,41.41],[71.75,41.45],[71.85,41.34],[71.87,41.19],[72.03,41.16],[72.17,41.17],[72.19,41.04],[72.48,41.01],[72.62,40.88],[73,40.87],[73.12,40.78],[72.78,40.67],[72.75,40.58],[72.59,40.51],[72.45,40.56],[72.39,40.39],[72.24,40.46],[72.1,40.43],[71.67,40.15],[71.36,40.29],[70.96,40.24],[70.64,40.09],[70.63,39.99],[70.15,40.14],[69.97,40.21],[69.58,40.1],[69.46,40.03],[69.5,39.92],[69.41,39.9],[69.31,39.99],[69.23,39.75],[69.29,39.66],[69.29,39.54],[69.41,39.53],[69.67,39.58],[69.83,39.54],[70.02,39.57],[70.24,39.52],[70.46,39.6],[70.62,39.56],[70.7,39.42],[70.8,39.39],[71.01,39.41],[71.06,39.5],[71.24,39.51],[71.46,39.61],[71.53,39.55],[71.51,39.46],[71.74,39.45],[71.71,39.34],[71.84,39.28],[72.05,39.37],[72.1,39.28],[72.2,39.24],[72.32,39.33],[72.58,39.36],[72.65,39.39],[72.83,39.36],[73.17,39.35],[73.33,39.39],[73.48,39.47],[73.63,39.45],[73.82,39.47],[73.93,39.59],[73.82,39.81],[73.97,40.03],[74.2,40.11],[74.37,40.11],[74.71,40.33],[74.83,40.51],[75.04,40.44],[75.19,40.44],[75.48,40.61],[75.59,40.61],[75.67,40.45],[75.67,40.31],[75.92,40.31],[76.08,40.39],[76.24,40.44],[76.33,40.35],[76.45,40.42],[76.62,40.63],[76.63,40.73],[76.77,40.87],[76.77,40.95],[76.86,41.01],[77.01,41.04],[77.12,41.01],[77.33,41.02],[77.47,40.98],[77.67,41],[77.87,41.06],[78.08,41.04],[78.36,41.29],[78.36,41.38],[78.65,41.52],[78.98,41.64],[79.3,41.79],[79.41,41.78],[79.61,41.87],[79.75,41.88],[79.81,41.98],[79.93,42.02],[80.18,42.02],[80.26,42.08],[80.21,42.19]],[[71.18,40.04],[71.19,39.89],[71.11,39.87],[70.95,40.08],[70.98,40.15],[71.18,40.04]],[[70.5,39.88],[70.71,39.82],[70.58,39.77],[70.5,39.88]]]},"properties":{"iso_a2":"KG","name":"Kyrgyzstan"}},{"type":"Feature","geometry":{"type":"Polygon","coordinates":[[[45,41.29],[44.82,41.27],[44.82,41.21],[44.61,41.22],[44.55,41.18],[44.22,41.22],[44.1,41.18],[43.86,41.16],[43.73,41.11],[43.44,41.11],[43.46,41.02],[43.61,40.96],[43.71,40.78],[43.71,40.61],[43.56,40.47],[43.59,40.35],[43.68,40.27],[43.67,40.11],[43.91,40.02],[44.03,40.01],[44.33,40.03],[44.52,39.93],[44.78,39.7],[45.03,39.77],[45.31,39.53],[45.46,39.49],[45.72,39.57],[45.79,39.55],[45.77,39.35],[45.96,39.27],[45.96,39.15],[46.14,38.86],[46.39,38.92],[46.51,38.88],[46.47,38.96],[46.48,39.12],[46.59,39.24],[46.38,39.38],[46.53,39.54],[46.34,39.62],[46.21,39.59],[46.05,39.69],[45.98,39.77],[45.86,39.81],[45.76,39.92],[45.61,39.96],[45.64,40.03],[45.87,40.01],[45.98,40.22],[45.59,40.4],[45.53,40.44],[45.37,40.67],[45.56,40.78],[45.54,40.88],[45.42,40.96],[45.22,41.01],[45.19,41.16],[45.05,41.19],[45,41.29]]]},"properties":{"iso_a2":"AM","name":"Armenia"}},{"type":"Feature","geometry":{"type":"MultiPolygon","coordinates":[[[[8.66,54.9],[8.82,54.91],[9.44,54.81],[9.55,54.88],[9.76,54.9],[9.74,54.98],[9.58,55.05],[9.49,55.16],[9.69,55.21],[9.6,55.37],[9.71,55.54],[9.98,55.71],[10.04,55.82],[10.25,55.92],[10.26,56.1],[10.38,56.2],[10.55,56.18],[10.75,56.22],[10.91,56.33],[10.96,56.45],[10.79,56.54],[10.55,56.52],[10.36,56.56],[10.27,56.91],[10.41,57.14],[10.54,57.24],[10.55,57.44],[10.43,57.57],[10.2,57.6],[9.97,57.59],[9.79,57.46],[9.57,57.24],[9.41,57.17],[9.23,57.14],[8.98,57.16],[8.78,57.11],[8.59,57.11],[8.27,56.84],[8.37,56.68],[8.49,56.73],[8.68,56.95],[9.12,57.05],[9.29,57],[9.16,56.89],[9.18,56.78],[9.33,56.67],[9.15,56.64],[9.11,56.8],[8.88,56.76],[8.6,56.5],[8.44,56.58],[8.25,56.61],[8.12,56.55],[8.13,56.21],[8.11,56.12],[8.28,56.08],[8.39,55.93],[8.19,55.81],[8.09,55.56],[8.31,55.56],[8.44,55.46],[8.62,55.44],[8.69,55.14],[8.64,55.02],[8.66,54.9]]],[[[11.85,54.73],[11.73,54.87],[11.57,54.85],[11.37,54.88],[11.23,54.96],[11.02,54.9],[11.03,54.76],[11.19,54.73],[11.45,54.63],[11.61,54.67],[11.81,54.66],[11.85,54.73]]],[[[10.01,54.98],[9.8,55.02],[9.76,54.94],[9.97,54.86],[10.01,54.98]]],[[[10.86,55.04],[10.64,54.84],[10.74,54.75],[10.86,55.04]]],[[[15.15,55.13],[14.75,55.3],[14.68,55.1],[14.78,55.05],[15.07,54.99],[15.15,55.13]]],[[[10.67,55.06],[10.79,55.13],[10.83,55.31],[10.7,55.44],[10.29,55.62],[9.89,55.51],[9.81,55.44],[9.88,55.25],[10.11,55.18],[10.23,55.09],[10.54,55.03],[10.67,55.06]]],[[[12.04,54.89],[12.15,54.99],[12.05,55.14],[12.18,55.23],[12.39,55.26],[12.44,55.36],[12.27,55.41],[12.25,55.55],[12.47,55.61],[12.6,55.71],[12.51,55.92],[12.62,56.04],[12.49,56.1],[12.25,56.13],[11.87,55.97],[12.03,55.94],[11.87,55.81],[11.73,55.83],[11.64,55.94],[11.25,55.73],[10.96,55.72],[11.09,55.63],[11.21,55.42],[11.16,55.32],[11.25,55.22],[11.42,55.22],[11.65,55.18],[11.88,54.98],[11.75,54.87],[11.96,54.69],[12.17,54.84],[12.04,54.89]]],[[[8.83,56.74],[8.84,56.88],[8.65,56.89],[8.55,56.77],[8.65,56.68],[8.83,56.74]]],[[[11.14,57.33],[10.86,57.27],[11.03,57.2],[11.14,57.33]]]]},"properties":{"iso_a2":"DK","name":"Denmark"}},{"type":"Feature","geometry":{"type":"Polygon","coordinates":[[[11.51,33.18],[11.46,32.9],[11.45,32.64],[11.56,32.47],[11.44,32.37],[10.87,32.14],[10.81,32.03],[10.61,31.95],[10.59,31.84],[10.48,31.73],[10.32,31.72],[10.12,31.49],[10.11,31.41],[10.25,31.08],[10.27,30.92],[10.19,30.73],[10.1,30.64],[9.87,30.36],[9.74,30.33],[9.52,30.23],[9.29,30.12],[9.55,29.8],[9.67,29.61],[9.83,29.13],[9.85,28.79],[9.78,28.27],[9.94,27.87],[9.82,27.51],[9.76,27.42],[9.72,27.29],[9.83,26.92],[9.91,26.84],[9.9,26.65],[9.84,26.5],[9.48,26.35],[9.38,26.17],[9.4,26.11],[9.97,25.4],[10.02,25.27],[10.03,24.86],[10.19,24.75],[10.26,24.58],[10.45,24.48],[10.72,24.55],[11.51,24.31],[11.57,24.27],[11.97,23.52],[12.59,23.38],[13.48,23.18],[13.6,23.12],[14.2,22.62],[14.23,22.62],[14.98,23],[15.97,23.44],[15.99,23.45],[16.82,23.03],[17.81,22.55],[18.92,22],[19.66,21.63],[20.65,21.14],[21.63,20.66],[22.25,20.35],[23.24,19.86],[23.98,19.5],[23.98,20],[24.97,20],[24.98,20.41],[24.98,21.25],[24.98,22],[24.98,23.16],[24.98,24.04],[24.98,24.62],[24.98,25.5],[24.98,26.67],[24.98,27.67],[24.98,28.49],[24.98,29.18],[24.87,29.47],[24.87,29.64],[24.81,29.76],[24.81,29.89],[24.69,30.14],[24.77,30.33],[24.91,30.5],[25,30.79],[24.88,31.04],[24.86,31.15],[24.86,31.38],[25.02,31.49],[25.15,31.66],[25.02,31.86],[24.98,31.97],[24.67,32.03],[24.55,31.99],[24.09,32.01],[23.84,32.15],[23.67,32.18],[23.41,32.19],[23.24,32.22],[23.1,32.32],[23.15,32.48],[23.11,32.64],[22.81,32.73],[22.51,32.79],[22.38,32.87],[22.1,32.92],[21.88,32.9],[21.72,32.95],[21.61,32.93],[21.42,32.79],[21.1,32.78],[20.8,32.64],[20.56,32.56],[20.26,32.34],[20.07,32.18],[19.94,31.96],[19.92,31.72],[20.02,31.4],[20.15,31.22],[20.15,31.05],[20.04,30.82],[19.75,30.51],[19.62,30.42],[19.34,30.3],[19.06,30.27],[18.93,30.29],[18.65,30.42],[18.57,30.5],[18.32,30.66],[18.18,30.79],[17.93,30.86],[17.85,30.92],[17.47,31.03],[17.37,31.09],[17.16,31.12],[16.73,31.22],[16.36,31.23],[16.05,31.28],[15.76,31.39],[15.62,31.5],[15.49,31.67],[15.37,31.93],[15.37,32.17],[15.28,32.32],[15.2,32.39],[14.91,32.44],[14.73,32.45],[14.45,32.53],[14.18,32.72],[13.79,32.8],[13.57,32.8],[13.35,32.9],[13.17,32.91],[13.07,32.87],[12.73,32.8],[12.35,32.83],[12.12,32.92],[11.85,33.08],[11.64,33.11],[11.51,33.18]]]},"properties":{"iso_a2":"LY","name":"Libya"}},{"type":"Feature","geometry":{"type":"MultiPolygon","coordinates":[[[[11.51,33.18],[11.18,33.21],[11.17,33.33],[11.09,33.45],[11.11,33.55],[10.98,33.64],[10.91,33.54],[10.72,33.48],[10.72,33.71],[10.49,33.65],[10.33,33.7],[10.16,33.84],[10.07,33.95],[10.02,34.15],[10.13,34.33],[10.38,34.42],[10.43,34.5],[10.6,34.55],[10.92,34.87],[10.92,34.96],[11.11,35.21],[11.04,35.33],[11.06,35.61],[10.84,35.7],[10.84,35.77],[10.69,35.79],[10.61,35.86],[10.48,36.08],[10.52,36.34],[10.8,36.45],[11.02,36.79],[11.12,36.84],[11.01,37.09],[10.73,36.9],[10.57,36.86],[10.54,36.77],[10.44,36.73],[10.32,36.75],[10.35,36.88],[10.18,37.03],[10.15,37.24],[10.05,37.27],[9.82,37.15],[9.86,37.27],[9.74,37.35],[9.21,37.23],[8.99,37.12],[8.8,36.97],[8.6,36.94],[8.62,36.83],[8.44,36.8],[8.41,36.64],[8.17,36.53],[8.36,36.43],[8.31,36.24],[8.32,36.15],[8.24,35.83],[8.32,35.65],[8.34,35.51],[8.29,35.4],[8.32,35.29],[8.43,35.24],[8.31,35.1],[8.25,34.9],[8.27,34.75],[8.24,34.65],[8.09,34.53],[7.87,34.44],[7.75,34.23],[7.63,34.2],[7.52,34.1],[7.48,33.89],[7.55,33.66],[7.69,33.45],[7.71,33.28],[7.75,33.21],[7.87,33.18],[8.09,33.09],[8.28,32.84],[8.32,32.56],[8.48,32.44],[9.02,32.1],[9.05,32.07],[9.26,31.22],[9.52,30.23],[9.74,30.33],[9.87,30.36],[10.1,30.64],[10.19,30.73],[10.27,30.92],[10.25,31.08],[10.11,31.41],[10.12,31.49],[10.32,31.72],[10.48,31.73],[10.59,31.84],[10.61,31.95],[10.81,32.03],[10.87,32.14],[11.44,32.37],[11.56,32.47],[11.45,32.64],[11.46,32.9],[11.51,33.18]]],[[[10.99,33.84],[10.74,33.89],[10.74,33.72],[10.89,33.66],[11.06,33.8],[10.99,33.84]]]]},"properties":{"iso_a2":"TN","name":"Tunisia"}},{"type":"Feature","geometry":{"type":"Polygon","coordinates":[[[22.88,47.95],[22.75,47.83],[22.56,47.76],[22.26,47.72],[22.15,47.58],[21.99,47.49],[22,47.39],[21.86,47.3],[21.76,47.11],[21.52,46.82],[21.51,46.72],[21.3,46.6],[21.17,46.32],[21.05,46.24],[20.84,46.27],[20.61,46.13],[20.28,46.14],[20.24,46.11],[20.34,45.99],[20.57,45.89],[20.69,45.74],[20.79,45.75],[20.76,45.49],[20.98,45.33],[21.21,45.25],[21.41,45.2],[21.49,45.15],[21.37,44.87],[21.4,44.79],[21.6,44.77],[21.66,44.69],[21.86,44.7],[22,44.65],[22.1,44.51],[22.19,44.52],[22.32,44.69],[22.48,44.72],[22.62,44.64],[22.48,44.46],[22.55,44.35],[22.69,44.29],[22.69,44.23],[22.91,44.12],[23.02,44.03],[22.89,44],[22.85,43.9],[22.92,43.83],[23.33,43.89],[24.16,43.75],[24.36,43.76],[24.5,43.8],[24.75,43.74],[24.96,43.75],[25.25,43.71],[25.36,43.65],[25.56,43.67],[25.78,43.73],[26.12,44],[26.31,44.05],[26.61,44.09],[27.03,44.18],[27.25,44.12],[27.38,44.02],[27.66,44.02],[27.72,43.95],[27.94,43.96],[27.98,43.85],[28.22,43.76],[28.58,43.74],[28.67,44],[28.63,44.26],[28.68,44.35],[28.84,44.49],[28.75,44.57],[28.79,44.71],[28.92,44.76],[28.87,44.88],[28.97,45.01],[29.04,44.87],[29.16,44.78],[29.52,44.82],[29.62,44.86],[29.68,45.15],[29.66,45.22],[29.65,45.35],[29.57,45.4],[29.32,45.44],[28.97,45.32],[28.82,45.33],[28.71,45.23],[28.33,45.32],[28.2,45.46],[28.14,45.56],[28.16,45.76],[28.09,46],[28.25,46.44],[28.23,46.66],[28.12,46.83],[28.08,46.97],[27.81,47.15],[27.72,47.28],[27.64,47.31],[27.43,47.58],[27.27,47.72],[27.21,47.89],[26.97,48.14],[26.81,48.26],[26.62,48.26],[26.3,48.21],[26.29,48.13],[26.17,47.99],[25.75,47.94],[25.26,47.9],[25.12,47.77],[24.9,47.71],[24.79,47.8],[24.56,47.94],[24.43,47.95],[24.23,47.9],[23.98,47.96],[23.56,48.01],[23.36,47.99],[23.23,48.08],[23.12,48.09],[23.06,48.01],[22.88,47.95]]]},"properties":{"iso_a2":"RO","name":"Romania"}},{"type":"Feature","geometry":{"type":"Polygon","coordinates":[[[22.88,47.95],[22.83,48.07],[22.6,48.1],[22.48,48.24],[22.36,48.24],[22.27,48.4],[22.13,48.41],[21.73,48.34],[21.43,48.56],[21.11,48.49],[20.78,48.57],[20.48,48.53],[20.37,48.33],[20.27,48.25],[19.88,48.13],[19.62,48.23],[19.5,48.19],[19.48,48.11],[19.22,48.06],[18.84,48.04],[18.76,47.95],[18.69,47.78],[18.55,47.79],[18.27,47.76],[17.83,47.75],[17.47,47.89],[17.34,48],[17.15,48.01],[17.04,47.84],[17.06,47.7],[16.8,47.68],[16.61,47.75],[16.41,47.66],[16.65,47.61],[16.64,47.45],[16.48,47.39],[16.41,47.2],[16.44,47.03],[16.27,47],[16.09,46.86],[16.27,46.86],[16.37,46.64],[16.52,46.5],[16.84,46.38],[16.89,46.29],[17.05,46.15],[17.2,46.12],[17.35,45.96],[17.59,45.94],[17.66,45.85],[17.86,45.78],[18.21,45.79],[18.41,45.74],[18.53,45.79],[18.67,45.91],[18.9,45.93],[19.26,45.98],[19.55,46.16],[19.79,46.13],[19.93,46.16],[20.17,46.15],[20.24,46.11],[20.28,46.14],[20.61,46.13],[20.84,46.27],[21.05,46.24],[21.17,46.32],[21.3,46.6],[21.51,46.72],[21.52,46.82],[21.76,47.11],[21.86,47.3],[22,47.39],[21.99,47.49],[22.15,47.58],[22.26,47.72],[22.56,47.76],[22.75,47.83],[22.88,47.95]]]},"properties":{"iso_a2":"HU","name":"Hungary"}},{"type":"Feature","geometry":{"type":"Polygon","coordinates":[[[22.54,49.07],[22.39,49.09],[22.01,49.21],[21.99,49.28],[21.82,49.38],[21.6,49.43],[21.43,49.41],[21.27,49.45],[21.07,49.42],[20.92,49.29],[20.69,49.4],[20.52,49.37],[20.31,49.39],[20.13,49.3],[20.07,49.18],[19.75,49.22],[19.77,49.39],[19.63,49.4],[19.44,49.6],[19.25,49.52],[19.17,49.4],[18.96,49.39],[18.93,49.5],[18.83,49.51],[18.54,49.48],[18.33,49.31],[18.19,49.28],[18.1,49.09],[17.91,49.01],[17.86,48.92],[17.54,48.81],[17.17,48.86],[17.02,48.75],[16.95,48.6],[16.84,48.37],[16.95,48.28],[16.98,48.16],[17.15,48.01],[17.34,48],[17.47,47.89],[17.83,47.75],[18.27,47.76],[18.55,47.79],[18.69,47.78],[18.76,47.95],[18.84,48.04],[19.22,48.06],[19.48,48.11],[19.5,48.19],[19.62,48.23],[19.88,48.13],[20.27,48.25],[20.37,48.33],[20.48,48.53],[20.78,48.57],[21.11,48.49],[21.43,48.56],[21.73,48.34],[22.13,48.41],[22.15,48.59],[22.31,48.68],[22.45,48.97],[22.54,49.07]]]},"properties":{"iso_a2":"SK","name":"Slovakia"}},{"type":"Feature","geometry":{"type":"Polygon","coordinates":[[[18.83,49.51],[18.93,49.5],[18.96,49.39],[19.17,49.4],[19.25,49.52],[19.44,49.6],[19.63,49.4],[19.77,49.39],[19.75,49.22],[20.07,49.18],[20.13,49.3],[20.31,49.39],[20.52,49.37],[20.69,49.4],[20.92,49.29],[21.07,49.42],[21.27,49.45],[21.43,49.41],[21.6,49.43],[21.82,49.38],[21.99,49.28],[22.01,49.21],[22.39,49.09],[22.54,49.07],[22.76,49.05],[22.84,49.1],[22.69,49.17],[22.74,49.28],[22.64,49.53],[23.1,49.96],[23.7,50.38],[23.98,50.41],[24.11,50.54],[24.11,50.63],[23.97,50.83],[24.13,50.87],[23.91,51.01],[23.88,51.14],[23.63,51.34],[23.7,51.4],[23.61,51.52],[23.54,51.61],[23.56,51.76],[23.68,51.99],[23.64,52.08],[23.45,52.18],[23.21,52.23],[23.17,52.29],[23.39,52.51],[23.57,52.59],[23.87,52.67],[23.92,52.74],[23.89,53.15],[23.78,53.27],[23.59,53.61],[23.49,53.94],[23.43,54.17],[22.96,54.38],[22.77,54.36],[22.7,54.34],[20.93,54.4],[19.68,54.44],[19.61,54.46],[19.38,54.38],[19,54.35],[18.72,54.38],[18.59,54.43],[18.57,54.55],[18.43,54.78],[18.32,54.84],[17.89,54.82],[17.34,54.75],[17.04,54.67],[16.94,54.61],[16.57,54.56],[16.32,54.4],[16.18,54.26],[15.86,54.25],[15.67,54.2],[15.29,54.14],[14.78,54.04],[14.37,53.92],[14.21,53.94],[14.2,53.88],[14.28,53.83],[14.55,53.86],[14.63,53.83],[14.55,53.7],[14.26,53.7],[14.3,53.51],[14.41,53.27],[14.34,53.05],[14.14,52.96],[14.12,52.85],[14.38,52.74],[14.65,52.58],[14.54,52.42],[14.61,52.28],[14.7,52.25],[14.69,52.12],[14.76,52.08],[14.7,51.93],[14.6,51.84],[14.72,51.68],[14.73,51.52],[14.95,51.45],[15.02,51.27],[14.96,51.06],[14.81,50.86],[14.98,50.86],[15,51.01],[15.23,50.98],[15.35,50.78],[15.44,50.8],[15.77,50.74],[15.85,50.68],[16.33,50.64],[16.38,50.51],[16.19,50.42],[16.33,50.37],[16.7,50.1],[16.82,50.19],[16.96,50.23],[16.89,50.43],[17.18,50.38],[17.34,50.27],[17.61,50.26],[17.72,50.19],[17.73,50.09],[17.84,49.97],[18.09,50.02],[18.31,49.91],[18.56,49.91],[18.64,49.7],[18.77,49.68],[18.83,49.51]]]},"properties":{"iso_a2":"PL","name":"Poland"}},{"type":"Feature","geometry":{"type":"Polygon","coordinates":[[[-7.25,55.07],[-7.17,55.14],[-6.94,55.24],[-7.19,55.34],[-7.51,55.27],[-7.76,55.25],[-8.16,55.14],[-8.26,55.16],[-8.46,55],[-8.49,54.85],[-8.8,54.7],[-8.6,54.62],[-8.29,54.64],[-8.22,54.57],[-8.29,54.48],[-8.61,54.38],[-8.47,54.28],[-8.87,54.27],[-9.09,54.23],[-9.32,54.32],[-9.38,54.3],[-9.84,54.33],[-10.07,54.27],[-9.91,54.12],[-9.93,53.89],[-9.61,53.9],[-9.57,53.8],[-9.91,53.76],[-9.93,53.6],[-10.13,53.51],[-10.03,53.39],[-9.53,53.23],[-9.08,53.26],[-8.97,53.16],[-9.16,53.11],[-9.27,53.15],[-9.45,52.96],[-9.36,52.91],[-9.49,52.8],[-9.82,52.6],[-9.54,52.65],[-9.68,52.5],[-9.85,52.43],[-9.91,52.23],[-10.17,52.29],[-10.37,52.23],[-10.27,52.14],[-10.03,52.14],[-9.93,52.07],[-10.13,52.03],[-10.29,51.95],[-10.11,51.75],[-9.96,51.71],[-9.77,51.59],[-9.81,51.45],[-9.43,51.56],[-9.35,51.47],[-9.11,51.55],[-8.54,51.65],[-8.25,51.8],[-8.02,51.82],[-7.83,51.95],[-7.59,52],[-7.57,52.09],[-7.43,52.13],[-6.9,52.15],[-6.72,52.22],[-6.58,52.18],[-6.38,52.18],[-6.32,52.24],[-6.45,52.36],[-6.21,52.55],[-6.21,52.67],[-6,52.97],[-6.03,53.11],[-6.21,53.36],[-6.07,53.54],[-6.22,53.65],[-6.24,53.87],[-6.38,53.92],[-6.27,54.1],[-6.62,54.04],[-6.63,54.15],[-6.82,54.23],[-6.88,54.34],[-7.05,54.41],[-7.21,54.29],[-7.31,54.12],[-7.61,54.14],[-7.84,54.2],[-7.89,54.29],[-8.16,54.44],[-8,54.54],[-7.75,54.6],[-7.91,54.66],[-7.56,54.74],[-7.4,55],[-7.25,55.07]]]},"properties":{"iso_a2":"IE","name":"Ireland"}},{"type":"Feature","geometry":{"type":"MultiPolygon","coordinates":[[[[-7.25,55.07],[-7.4,55],[-7.56,54.74],[-7.91,54.66],[-7.75,54.6],[-8,54.54],[-8.16,54.44],[-7.89,54.29],[-7.84,54.2],[-7.61,54.14],[-7.31,54.12],[-7.21,54.29],[-7.05,54.41],[-6.88,54.34],[-6.82,54.23],[-6.63,54.15],[-6.62,54.04],[-6.27,54.1],[-6.04,54.04],[-5.88,54.12],[-5.86,54.23],[-5.64,54.24],[-5.46,54.39],[-5.43,54.47],[-5.54,54.66],[-5.75,54.68],[-5.7,54.83],[-5.82,54.88],[-6.04,55.17],[-6.48,55.25],[-6.75,55.18],[-6.95,55.2],[-7.02,55.07],[-7.25,55.07]]],[[[-2.66,51.62],[-2.7,51.51],[-2.82,51.47],[-3.01,51.31],[-3,51.22],[-3.38,51.19],[-3.77,51.25],[-4.15,51.21],[-4.21,51.08],[-4.34,51],[-4.53,51.02],[-4.55,50.81],[-4.79,50.6],[-5.03,50.52],[-5.05,50.43],[-5.44,50.19],[-5.68,50.16],[-5.7,50.05],[-5.58,50.06],[-5.5,50.13],[-5.29,50.07],[-5.24,49.99],[-5.06,50.06],[-5.05,50.2],[-4.8,50.23],[-4.75,50.33],[-4.49,50.33],[-4.17,50.38],[-4.04,50.3],[-3.95,50.32],[-3.83,50.23],[-3.65,50.23],[-3.54,50.34],[-3.47,50.59],[-3.26,50.68],[-2.86,50.73],[-2.69,50.69],[-2.48,50.59],[-2.44,50.64],[-1.98,50.6],[-1.95,50.71],[-1.67,50.74],[-1.32,50.8],[-1.06,50.78],[-0.94,50.84],[-0.81,50.74],[-0.57,50.8],[-0.17,50.83],[0.27,50.75],[0.37,50.82],[0.66,50.87],[0.97,50.98],[1.09,51.07],[1.36,51.13],[1.41,51.22],[1.42,51.39],[0.98,51.35],[0.56,51.41],[0.92,51.59],[0.99,51.83],[1.14,51.78],[1.29,51.86],[1.33,51.94],[1.58,52.08],[1.63,52.27],[1.77,52.49],[1.75,52.63],[1.64,52.78],[1.27,52.93],[0.69,52.99],[0.52,52.96],[0.38,52.79],[0.25,52.8],[0.02,52.91],[0.33,53.09],[0.34,53.23],[0.15,53.48],[-0.19,53.62],[0.13,53.64],[-0.15,53.9],[-0.22,54.02],[-0.11,54.13],[-0.23,54.16],[-0.4,54.27],[-0.56,54.48],[-0.79,54.56],[-1.12,54.63],[-1.27,54.75],[-1.52,55.17],[-1.63,55.59],[-1.82,55.64],[-2.02,55.81],[-2.14,55.92],[-2.31,55.94],[-2.63,56.06],[-2.8,56.07],[-2.94,55.97],[-3.3,55.98],[-3.13,56.12],[-2.96,56.21],[-2.78,56.19],[-2.58,56.28],[-2.82,56.38],[-2.76,56.48],[-2.53,56.58],[-2.44,56.74],[-2.22,56.87],[-1.98,57.32],[-1.76,57.47],[-1.83,57.61],[-2,57.7],[-2.43,57.67],[-2.92,57.7],[-3.08,57.67],[-3.28,57.72],[-3.49,57.71],[-3.84,57.59],[-4.2,57.68],[-3.91,57.81],[-4.14,57.85],[-3.99,57.96],[-3.51,58.17],[-3.38,58.27],[-3.22,58.31],[-3.09,58.41],[-3.13,58.51],[-3.02,58.64],[-3.2,58.66],[-3.81,58.57],[-4.61,58.53],[-4.99,58.63],[-5.1,58.51],[-5.17,58.35],[-5.1,58.28],[-5.39,58.25],[-5.28,58.09],[-5.29,57.98],[-5.49,57.86],[-5.81,57.83],[-5.76,57.63],[-5.87,57.48],[-5.81,57.36],[-5.62,57.25],[-5.79,57.06],[-5.91,56.76],[-6,56.62],[-5.67,56.5],[-5.41,56.55],[-5.39,56.47],[-5.51,56.4],[-5.6,56.26],[-5.52,56.17],[-5.59,56.01],[-5.7,55.92],[-5.58,55.76],[-5.72,55.57],[-5.75,55.3],[-5.59,55.31],[-5.45,55.59],[-5.45,55.7],[-5.32,55.77],[-5.41,55.87],[-5.43,56.01],[-5.31,56.01],[-4.98,55.87],[-4.86,55.76],[-4.92,55.71],[-4.67,55.58],[-4.62,55.5],[-4.83,55.33],[-4.88,55.22],[-5.01,55.14],[-5.05,55.02],[-5.17,55.01],[-5.13,54.85],[-4.95,54.81],[-4.86,54.87],[-4.6,54.78],[-4.51,54.71],[-4.35,54.7],[-4.34,54.8],[-3.96,54.77],[-3.84,54.87],[-3.6,54.88],[-3.58,54.97],[-3.05,54.98],[-3.28,54.94],[-3.39,54.88],[-3.63,54.51],[-3.4,54.32],[-3.24,54.11],[-3.12,54.11],[-2.85,54.19],[-2.8,54.13],[-3.04,53.92],[-3.05,53.77],[-2.95,53.71],[-3.09,53.59],[-3.06,53.44],[-3.19,53.39],[-3.08,53.26],[-3.33,53.35],[-3.56,53.29],[-3.77,53.32],[-4.07,53.23],[-4.15,53.23],[-4.34,53.11],[-4.36,53.03],[-4.6,52.93],[-4.41,52.89],[-4.13,52.89],[-4.05,52.72],[-4.12,52.63],[-4.05,52.54],[-4.1,52.39],[-4.2,52.28],[-4.51,52.14],[-4.74,52.1],[-4.83,52.02],[-5.08,52.02],[-5.29,51.92],[-5.13,51.86],[-5.11,51.78],[-4.94,51.6],[-4.71,51.65],[-4.64,51.73],[-4.46,51.74],[-4.29,51.67],[-4.27,51.56],[-3.97,51.56],[-3.85,51.62],[-3.72,51.48],[-3.54,51.4],[-3.18,51.4],[-3.11,51.5],[-2.86,51.55],[-2.66,51.62]]],[[[-1.08,50.71],[-1.3,50.77],[-1.51,50.71],[-1.32,50.59],[-1.17,50.6],[-1.08,50.71]]],[[[-4.1,53.31],[-4.2,53.3],[-4.28,53.4],[-4.55,53.4],[-4.57,53.28],[-4.5,53.18],[-4.34,53.13],[-4.23,53.18],[-4.2,53.22],[-4.1,53.25],[-4.1,53.31]]],[[[-5.07,55.51],[-5.16,55.68],[-5.26,55.72],[-5.39,55.65],[-5.35,55.48],[-5.16,55.44],[-5.07,55.51]]],[[[-6.03,55.73],[-6.12,55.93],[-6.41,55.86],[-6.49,55.74],[-6.32,55.73],[-6.1,55.64],[-6.03,55.73]]],[[[-5.8,56.11],[-5.95,56.04],[-6.07,55.92],[-5.96,55.81],[-5.74,56.08],[-5.8,56.11]]],[[[-5.69,56.44],[-5.72,56.49],[-5.95,56.52],[-6.06,56.64],[-6.29,56.61],[-6.29,56.53],[-6.13,56.47],[-6.33,56.28],[-6.15,56.28],[-5.72,56.35],[-5.69,56.44]]],[[[-7.24,57.33],[-7.44,57.24],[-7.27,57.15],[-7.24,57.33]]],[[[-7.13,57.65],[-7.18,57.69],[-7.54,57.59],[-7.16,57.51],[-7.13,57.65]]],[[[-6.56,57.35],[-6.32,57.16],[-6.02,57.2],[-5.92,57.05],[-5.69,57.19],[-6.11,57.32],[-6.15,57.59],[-6.31,57.7],[-6.42,57.65],[-6.37,57.53],[-6.65,57.55],[-6.78,57.46],[-6.56,57.35]]],[[[-6.85,57.91],[-7.08,57.81],[-6.98,57.74],[-6.56,57.92],[-6.4,58.01],[-6.4,58.21],[-6.19,58.34],[-6.17,58.42],[-6.35,58.46],[-6.82,58.29],[-6.9,58.17],[-7.06,58.23],[-7.13,58.12],[-7.11,57.99],[-6.85,57.91]]],[[[-2.73,58.97],[-3.01,59.02],[-3.08,59.13],[-3.35,59.1],[-3.32,58.96],[-3.2,58.92],[-2.97,58.95],[-2.84,58.88],[-2.73,58.97]]],[[[-1.1,60.42],[-1.34,60.53],[-1.53,60.48],[-1.37,60.38],[-1.4,60.32],[-1.64,60.31],[-1.67,60.24],[-1.26,60.12],[-1.14,60.19],[-1.1,60.42]]]]},"properties":{"iso_a2":"GB","name":"United Kingdom"}},{"type":"Feature","geometry":{"type":"MultiPolygon","coordinates":[[[[20.97,40.85],[20.94,40.77],[21.02,40.69],[21.02,40.56],[20.91,40.46],[20.83,40.47],[20.71,40.29],[20.65,40.09],[20.43,40.06],[20.32,39.92],[20.28,39.7],[20.2,39.64],[20,39.69],[20.18,39.62],[20.29,39.33],[20.45,39.29],[20.48,39.23],[20.69,39.07],[20.89,39.08],[21,39.02],[21.16,39],[21.09,38.91],[20.98,38.95],[20.76,38.89],[20.73,38.8],[20.88,38.78],[20.91,38.7],[21.03,38.61],[21.11,38.48],[21.1,38.34],[21.16,38.3],[21.37,38.41],[21.54,38.31],[21.6,38.35],[21.89,38.38],[21.99,38.41],[22.37,38.34],[22.47,38.42],[22.55,38.3],[22.69,38.32],[22.9,38.24],[23.11,38.21],[23.22,38.1],[23.07,38.06],[22.94,38.08],[22.88,37.94],[22.68,38.07],[22.33,38.18],[22.22,38.19],[21.96,38.34],[21.85,38.34],[21.6,38.15],[21.38,38.2],[21.33,38.02],[21.21,37.95],[21.12,37.84],[21.29,37.78],[21.31,37.67],[21.4,37.66],[21.55,37.56],[21.68,37.4],[21.68,37.28],[21.57,37.16],[21.6,37.05],[21.7,36.96],[21.71,36.82],[21.95,36.79],[21.94,36.98],[22.03,37.03],[22.15,37.02],[22.14,36.92],[22.22,36.9],[22.37,36.67],[22.38,36.48],[22.48,36.55],[22.53,36.71],[22.62,36.8],[22.74,36.81],[22.88,36.65],[22.97,36.52],[23.08,36.58],[23.03,36.72],[23.11,36.78],[23.02,36.93],[23,37.03],[22.76,37.4],[22.73,37.49],[22.82,37.53],[22.96,37.52],[23.16,37.3],[23.28,37.4],[23.44,37.41],[23.53,37.46],[23.37,37.56],[23.17,37.61],[23.18,37.81],[23.09,37.91],[23.23,37.97],[23.41,37.97],[23.45,38.02],[23.68,37.95],[23.76,37.82],[23.9,37.78],[23.95,37.68],[24.03,37.65],[24.09,37.8],[24.01,37.97],[23.99,38.12],[24.07,38.21],[23.95,38.29],[23.71,38.34],[23.63,38.41],[23.6,38.47],[23.42,38.5],[23.29,38.58],[23.21,38.68],[22.75,38.8],[22.79,38.88],[23.01,38.98],[23.04,39.04],[22.83,39.22],[22.84,39.29],[23.1,39.31],[23.22,39.18],[23.34,39.18],[23.27,39.32],[23.1,39.5],[22.93,39.6],[22.85,39.79],[22.71,39.96],[22.57,40.05],[22.55,40.17],[22.66,40.37],[22.6,40.48],[22.75,40.52],[22.91,40.65],[22.98,40.55],[22.83,40.49],[23.03,40.33],[23.3,40.24],[23.31,40.1],[23.38,40],[23.62,39.92],[23.67,39.99],[23.5,40.04],[23.34,40.21],[23.4,40.28],[23.68,40.22],[23.82,40.02],[23.97,39.96],[23.98,40.13],[23.78,40.2],[23.7,40.33],[23.92,40.37],[24.17,40.28],[24.3,40.13],[24.38,40.18],[24.19,40.35],[23.92,40.39],[23.83,40.46],[23.88,40.56],[23.69,40.7],[23.81,40.78],[24.11,40.73],[24.32,40.83],[24.42,40.95],[24.57,40.94],[24.63,40.86],[24.8,40.85],[24.99,40.94],[25.3,40.95],[25.54,40.87],[25.92,40.85],[26.04,40.74],[26.14,40.77],[26.36,40.97],[26.32,41.09],[26.33,41.25],[26.64,41.38],[26.6,41.61],[26.33,41.71],[26.23,41.75],[26.05,41.69],[26.15,41.55],[26.17,41.45],[26.12,41.36],[25.88,41.3],[25.55,41.32],[25.29,41.24],[24.89,41.4],[24.58,41.44],[24.53,41.55],[24.3,41.52],[24.25,41.56],[24.05,41.53],[23.61,41.37],[23.29,41.4],[23.12,41.31],[22.92,41.34],[22.75,41.32],[22.74,41.2],[22.59,41.13],[22.42,41.12],[22.18,41.16],[22.03,41.14],[21.74,40.92],[21.58,40.87],[21.38,40.9],[21.3,40.86],[20.97,40.85]]],[[[26.32,35.32],[26.16,35.2],[26.07,35.23],[25.9,35.19],[25.8,35.12],[25.71,35.18],[25.77,35.34],[25.64,35.35],[25.48,35.3],[25.38,35.34],[25.06,35.35],[24.97,35.42],[24.72,35.43],[24.34,35.35],[24.19,35.45],[24.18,35.59],[24.04,35.52],[23.62,35.52],[23.52,35.31],[23.59,35.24],[23.99,35.23],[24.05,35.19],[24.4,35.19],[24.57,35.11],[24.71,35.1],[24.76,35.04],[24.74,34.93],[25.21,34.95],[25.3,34.99],[25.51,34.99],[25.6,35.01],[25.81,35.01],[25.99,35.04],[26.15,35],[26.24,35.04],[26.31,35.18],[26.32,35.32]]],[[[23.01,36.31],[22.9,36.33],[22.91,36.21],[23.05,36.15],[23.08,36.27],[23.01,36.31]]],[[[28.24,36.43],[28.12,36.43],[27.9,36.34],[27.7,36.16],[27.76,36.08],[27.71,35.95],[27.78,35.89],[28.13,36.19],[28.24,36.43]]],[[[27.28,36.91],[27.06,36.84],[27.13,36.76],[27.28,36.91]]],[[[25.28,37.05],[25.15,37.11],[25.1,37.01],[25.2,36.99],[25.28,37.05]]],[[[25.53,37.2],[25.37,37.09],[25.45,36.92],[25.55,36.97],[25.6,37.1],[25.53,37.2]]],[[[26.36,37.69],[26.2,37.63],[26.06,37.63],[26.06,37.52],[26.23,37.57],[26.36,37.69]]],[[[27.05,37.73],[27.02,37.78],[26.77,37.81],[26.66,37.79],[26.79,37.65],[26.86,37.64],[27.05,37.73]]],[[[20.9,37.79],[20.74,37.86],[20.62,37.86],[20.7,37.74],[20.82,37.65],[20.9,37.79]]],[[[24.99,37.77],[24.95,37.91],[24.7,37.92],[24.96,37.71],[24.99,37.77]]],[[[20.73,38.06],[20.8,38.13],[20.69,38.27],[20.4,38.33],[20.34,38.2],[20.47,38.18],[20.73,38.06]]],[[[26.16,38.54],[26,38.6],[25.85,38.58],[25.84,38.52],[25.95,38.44],[25.99,38.34],[25.88,38.28],[26.01,38.16],[26.16,38.3],[26.16,38.54]]],[[[20.59,38.62],[20.72,38.64],[20.72,38.82],[20.6,38.78],[20.59,38.62]]],[[[24.59,38.16],[24.48,38.14],[24.33,38.19],[24.19,38.41],[24.22,38.54],[24.14,38.66],[23.86,38.68],[23.7,38.77],[23.48,38.84],[23.43,38.95],[23.3,39.04],[23.14,39.01],[23.04,38.93],[23.45,38.68],[23.51,38.6],[23.64,38.53],[23.64,38.42],[23.91,38.39],[24.05,38.4],[24.36,37.98],[24.57,37.99],[24.59,38.16]]],[[[26.61,39.05],[26.47,39.23],[26.38,39.28],[26.34,39.38],[26.16,39.32],[25.86,39.26],[25.89,39.15],[26.08,39.1],[26.17,39.02],[26.42,38.97],[26.61,39.05]]],[[[20.09,39.43],[19.93,39.48],[19.93,39.63],[19.85,39.71],[19.85,39.83],[19.67,39.79],[19.69,39.67],[19.84,39.55],[19.87,39.47],[20,39.4],[20.09,39.43]]],[[[25.45,40.04],[25.29,39.96],[25.23,40.01],[25.03,39.99],[25.05,39.87],[25.26,39.86],[25.45,40.04]]],[[[24.79,40.74],[24.64,40.8],[24.53,40.72],[24.52,40.64],[24.64,40.58],[24.78,40.61],[24.79,40.74]]]]},"properties":{"iso_a2":"GR","name":"Greece"}},{"type":"Feature","geometry":{"type":"Polygon","coordinates":[[[32.92,-9.41],[32.76,-9.34],[32.71,-9.29],[32.52,-9.26],[32.38,-9.13],[32.21,-9.13],[32.13,-9.06],[31.92,-9.02],[31.94,-8.93],[31.79,-8.89],[31.67,-8.91],[31.55,-8.81],[31.54,-8.7],[31.35,-8.59],[31.21,-8.58],[31.12,-8.62],[30.96,-8.55],[30.83,-8.39],[30.75,-8.19],[29.86,-8.33],[28.92,-8.47],[28.93,-8.68],[28.77,-8.93],[28.6,-9.1],[28.37,-9.23],[28.37,-9.31],[28.52,-9.38],[28.61,-9.59],[28.63,-9.7],[28.7,-9.79],[28.62,-9.95],[28.62,-10.14],[28.57,-10.22],[28.63,-10.3],[28.64,-10.52],[28.7,-10.64],[28.55,-10.83],[28.48,-11.09],[28.44,-11.35],[28.36,-11.45],[28.45,-11.78],[28.57,-11.91],[28.84,-12.09],[28.95,-12.21],[29.03,-12.38],[29.26,-12.37],[29.5,-12.45],[29.45,-12.33],[29.47,-12.24],[29.63,-12.22],[29.8,-12.15],[29.8,-13.42],[29.7,-13.46],[29.6,-13.37],[29.67,-13.29],[29.57,-13.22],[29.17,-13.43],[29.12,-13.38],[28.99,-13.4],[28.93,-13.31],[28.9,-13.16],[28.8,-13],[28.67,-12.85],[28.57,-12.9],[28.47,-12.74],[28.51,-12.69],[28.42,-12.52],[28.34,-12.45],[28.13,-12.43],[28.09,-12.38],[27.96,-12.37],[27.93,-12.3],[27.64,-12.29],[27.52,-12.18],[27.42,-11.92],[27.23,-11.81],[27.18,-11.57],[27.01,-11.61],[26.97,-11.87],[26.91,-11.94],[26.64,-11.99],[26.49,-11.96],[26.42,-11.91],[26.31,-11.94],[26.17,-11.9],[25.99,-11.9],[25.85,-11.79],[25.73,-11.8],[25.62,-11.73],[25.52,-11.78],[25.48,-11.71],[25.35,-11.65],[25.3,-11.53],[25.28,-11.37],[25.33,-11.28],[25.28,-11.2],[25.18,-11.25],[24.9,-11.28],[24.67,-11.34],[24.57,-11.44],[24.45,-11.46],[24.31,-11.41],[24.39,-11.28],[24.38,-11.12],[24.29,-11.05],[24.12,-11.04],[24.11,-10.92],[23.97,-10.87],[24,-10.98],[24.01,-11.27],[24.06,-11.39],[23.96,-11.62],[23.99,-11.83],[23.97,-11.88],[23.95,-12.15],[24.02,-12.28],[24.03,-12.38],[23.94,-12.53],[23.87,-12.79],[24,-13],[22.85,-13],[21.98,-13],[21.98,-13.91],[21.98,-14.51],[21.98,-15.41],[21.98,-16.17],[22.08,-16.46],[22.15,-16.6],[22.24,-16.66],[22.33,-16.67],[22.52,-16.91],[22.71,-17.05],[22.77,-17.17],[23,-17.29],[23.21,-17.54],[23.29,-17.53],[23.38,-17.64],[24.19,-17.48],[24.39,-17.47],[24.58,-17.53],[24.68,-17.49],[24.96,-17.55],[25.26,-17.79],[25.32,-17.83],[25.5,-17.85],[25.68,-17.81],[25.85,-17.91],[25.86,-17.97],[25.98,-18],[26.2,-17.89],[26.41,-17.94],[26.71,-18.07],[26.75,-18.03],[27.05,-17.94],[27.15,-17.84],[27.16,-17.77],[27.58,-17.36],[27.64,-17.2],[27.78,-17],[27.87,-16.93],[28.11,-16.83],[28.28,-16.71],[28.64,-16.57],[28.73,-16.56],[28.86,-16.39],[28.84,-16.28],[28.87,-16.09],[28.93,-15.96],[29.06,-15.93],[29.19,-15.81],[29.56,-15.66],[29.65,-15.67],[29.84,-15.61],[30.01,-15.65],[30.4,-15.64],[30.37,-15.35],[30.29,-15.28],[30.23,-15.11],[30.21,-14.98],[30.32,-14.97],[30.49,-14.89],[30.82,-14.77],[31.41,-14.63],[31.66,-14.52],[32.23,-14.34],[33.2,-14.01],[33.16,-13.94],[33.05,-14],[32.86,-13.81],[32.72,-13.57],[32.87,-13.44],[32.92,-13.29],[32.99,-13.19],[32.97,-13.12],[33.01,-12.89],[32.94,-12.77],[33.03,-12.61],[33.26,-12.53],[33.37,-12.52],[33.53,-12.33],[33.39,-12.34],[33.33,-12.3],[33.26,-12.07],[33.31,-11.9],[33.3,-11.61],[33.21,-11.56],[33.23,-11.42],[33.39,-11.16],[33.32,-11.06],[33.28,-10.91],[33.32,-10.82],[33.43,-10.81],[33.67,-10.58],[33.53,-10.32],[33.53,-10.23],[33.31,-10.01],[33.37,-9.9],[33.21,-9.7],[33.17,-9.6],[32.98,-9.6],[32.99,-9.5],[32.92,-9.41]]]},"properties":{"iso_a2":"ZM","name":"Zambia"}},{"type":"Feature","geometry":{"type":"MultiPolygon","coordinates":[[[[-10.28,8.49],[-10.39,8.49],[-10.52,8.34],[-10.58,8.31],[-10.67,8.4],[-10.58,8.6],[-10.48,8.67],[-10.59,8.8],[-10.61,9.06],[-10.75,9.08],[-10.67,9.31],[-10.85,9.46],[-10.85,9.51],[-11.01,9.74],[-11.16,9.87],[-11.2,9.98],[-11.27,10],[-11.91,9.99],[-11.92,9.92],[-12.14,9.88],[-12.28,9.93],[-12.51,9.86],[-12.54,9.72],[-12.6,9.65],[-12.7,9.42],[-12.84,9.28],[-12.96,9.27],[-13.03,9.1],[-13.12,9.04],[-13.21,9.08],[-13.3,9.04],[-13.29,8.97],[-13.14,8.92],[-13.24,8.83],[-13.24,8.66],[-13.17,8.53],[-13.11,8.58],[-13.01,8.56],[-13.14,8.43],[-13.27,8.42],[-13.18,8.28],[-13.16,8.19],[-13,8.24],[-12.89,8.08],[-12.88,7.83],[-12.71,7.71],[-12.53,7.69],[-12.43,7.53],[-12.51,7.39],[-12.31,7.33],[-11.84,7.15],[-11.48,6.92],[-11.41,7],[-11.37,7.14],[-11.32,7.21],[-11.22,7.25],[-11.13,7.37],[-10.98,7.49],[-10.87,7.53],[-10.73,7.71],[-10.61,7.77],[-10.62,8.01],[-10.53,8.12],[-10.36,8.15],[-10.28,8.49]]],[[[-12.49,7.57],[-12.62,7.64],[-12.84,7.62],[-12.85,7.54],[-12.61,7.48],[-12.49,7.57]]]]},"properties":{"iso_a2":"SL","name":"Sierra Leone"}},{"type":"Feature","geometry":{"type":"Polygon","coordinates":[[[-13.3,9.04],[-13.21,9.08],[-13.12,9.04],[-13.03,9.1],[-12.96,9.27],[-12.84,9.28],[-12.7,9.42],[-12.6,9.65],[-12.54,9.72],[-12.51,9.86],[-12.28,9.93],[-12.14,9.88],[-11.92,9.92],[-11.91,9.99],[-11.27,10],[-11.2,9.98],[-11.16,9.87],[-11.01,9.74],[-10.85,9.51],[-10.85,9.46],[-10.67,9.31],[-10.75,9.08],[-10.61,9.06],[-10.59,8.8],[-10.48,8.67],[-10.58,8.6],[-10.67,8.4],[-10.58,8.31],[-10.52,8.34],[-10.39,8.49],[-10.28,8.49],[-10.09,8.51],[-10.06,8.42],[-9.96,8.48],[-9.81,8.51],[-9.68,8.49],[-9.58,8.39],[-9.51,8.27],[-9.42,8.02],[-9.44,7.87],[-9.35,7.74],[-9.35,7.62],[-9.47,7.43],[-9.23,7.38],[-9.21,7.3],[-9.12,7.24],[-8.86,7.27],[-8.86,7.36],[-8.73,7.51],[-8.69,7.69],[-8.57,7.69],[-8.48,7.56],[-8.41,7.61],[-8.23,7.54],[-8.13,7.71],[-8.13,7.88],[-8.02,8.09],[-8.09,8.16],[-8.27,8.25],[-8.2,8.49],[-7.97,8.5],[-7.9,8.43],[-7.77,8.39],[-7.69,8.44],[-7.69,8.61],[-7.76,8.71],[-7.96,8.78],[-7.92,9.01],[-7.76,9.09],[-7.93,9.18],[-7.86,9.41],[-8.05,9.39],[-8.14,9.5],[-8.16,9.59],[-8.12,9.85],[-8.17,9.94],[-8.11,10.05],[-7.99,10.16],[-7.96,10.26],[-8.02,10.34],[-8.1,10.35],[-8.14,10.43],[-8.23,10.42],[-8.3,10.54],[-8.31,10.74],[-8.3,10.98],[-8.35,11.04],[-8.51,11.05],[-8.54,10.98],[-8.7,11],[-8.48,11.29],[-8.43,11.4],[-8.53,11.42],[-8.55,11.49],[-8.66,11.5],[-8.71,11.64],[-8.85,11.66],[-8.8,11.91],[-8.82,12.01],[-8.92,12.05],[-8.91,12.17],[-9,12.26],[-8.99,12.39],[-9.15,12.47],[-9.32,12.5],[-9.41,12.46],[-9.31,12.36],[-9.36,12.25],[-9.42,12.26],[-9.63,12.17],[-9.72,12.03],[-9.87,12.05],[-10.13,12.18],[-10.27,12.22],[-10.38,12.18],[-10.71,11.89],[-10.81,12.02],[-10.8,12.1],[-10.91,12.2],[-11.05,12.2],[-11.19,12.01],[-11.27,12],[-11.51,12.19],[-11.39,12.4],[-11.51,12.43],[-11.76,12.38],[-11.93,12.42],[-12.08,12.41],[-12.19,12.35],[-12.36,12.31],[-12.41,12.36],[-12.65,12.43],[-12.77,12.44],[-12.91,12.54],[-12.98,12.47],[-13.08,12.52],[-13.08,12.64],[-13.73,12.67],[-13.72,12.56],[-13.66,12.48],[-13.71,12.27],[-13.84,12.28],[-13.94,12.22],[-13.96,12.15],[-13.72,12],[-13.72,11.72],[-13.84,11.72],[-14.01,11.64],[-14.28,11.67],[-14.52,11.51],[-14.69,11.51],[-14.83,11.34],[-14.86,11.22],[-15.02,10.97],[-15.08,10.88],[-15.01,10.78],[-14.92,10.91],[-14.81,10.94],[-14.79,10.75],[-14.63,10.62],[-14.66,10.48],[-14.55,10.51],[-14.54,10.4],[-14.46,10.33],[-14.46,10.23],[-14.35,10.23],[-14.15,10.06],[-13.94,9.97],[-13.84,9.86],[-13.74,9.83],[-13.73,9.74],[-13.62,9.72],[-13.63,9.65],[-13.56,9.51],[-13.43,9.37],[-13.32,9.31],[-13.32,9.19],[-13.27,9.12],[-13.3,9.04]]]},"properties":{"iso_a2":"GN","name":"Guinea"}},{"type":"Feature","geometry":{"type":"Polygon","coordinates":[[[-11.48,6.92],[-11.37,6.81],[-11.35,6.7],[-11.05,6.58],[-10.9,6.5],[-10.78,6.38],[-10.79,6.29],[-10.66,6.23],[-10.46,6.18],[-10.23,6.04],[-10.05,5.9],[-10.04,5.85],[-9.7,5.55],[-9.51,5.4],[-9.47,5.32],[-9.28,5.15],[-9.01,4.98],[-8.85,4.91],[-8.78,4.85],[-8.61,4.79],[-8.26,4.58],[-8.1,4.55],[-7.83,4.45],[-7.71,4.36],[-7.54,4.35],[-7.58,4.51],[-7.57,4.72],[-7.61,4.9],[-7.55,4.95],[-7.58,5.07],[-7.52,5.09],[-7.45,5.41],[-7.39,5.52],[-7.45,5.73],[-7.44,5.81],[-7.56,5.84],[-7.68,5.94],[-7.8,5.97],[-7.84,6.18],[-7.93,6.27],[-8.03,6.3],[-8.17,6.27],[-8.29,6.31],[-8.47,6.49],[-8.57,6.55],[-8.35,6.76],[-8.28,7.02],[-8.3,7.15],[-8.39,7.32],[-8.44,7.54],[-8.48,7.56],[-8.57,7.69],[-8.69,7.69],[-8.73,7.51],[-8.86,7.36],[-8.86,7.27],[-9.12,7.24],[-9.21,7.3],[-9.23,7.38],[-9.47,7.43],[-9.35,7.62],[-9.35,7.74],[-9.44,7.87],[-9.42,8.02],[-9.51,8.27],[-9.58,8.39],[-9.68,8.49],[-9.81,8.51],[-9.96,8.48],[-10.06,8.42],[-10.09,8.51],[-10.28,8.49],[-10.36,8.15],[-10.53,8.12],[-10.62,8.01],[-10.61,7.77],[-10.73,7.71],[-10.87,7.53],[-10.98,7.49],[-11.13,7.37],[-11.22,7.25],[-11.32,7.21],[-11.37,7.14],[-11.41,7],[-11.48,6.92]]]},"properties":{"iso_a2":"LR","name":"Liberia"}},{"type":"Feature","geometry":{"type":"Polygon","coordinates":[[[22.86,10.92],[22.72,10.97],[22.46,11],[22.25,10.92],[22.18,10.82],[22.05,10.84],[22,10.74],[21.72,10.64],[21.71,10.57],[21.75,10.41],[21.72,10.3],[21.66,10.23],[21.55,10.22],[21.49,10.16],[21.37,9.97],[21.27,9.99],[21.13,9.85],[21,9.65],[20.76,9.38],[20.5,9.27],[20.43,9.14],[20.26,9.12],[20.07,9.14],[19.89,9.05],[19.64,9.01],[19.35,9],[19.26,9.03],[19.1,9.02],[18.89,8.9],[18.93,8.8],[19.12,8.68],[18.79,8.26],[18.67,8.21],[18.59,8.05],[18.51,8.03],[18.07,8.02],[17.9,7.97],[17.68,7.99],[17.5,7.93],[17.47,7.88],[17.25,7.82],[17.1,7.68],[16.86,7.62],[16.77,7.55],[16.63,7.67],[16.61,7.76],[16.48,7.84],[16.39,7.76],[16.37,7.67],[16.03,7.58],[15.93,7.49],[15.79,7.46],[15.67,7.52],[15.48,7.52],[15.43,7.39],[15.22,7.25],[15.04,6.78],[14.93,6.71],[14.72,6.26],[14.54,6.19],[14.39,6.03],[14.48,5.91],[14.59,5.92],[14.63,5.74],[14.59,5.62],[14.62,5.53],[14.6,5.41],[14.52,5.28],[14.65,5.19],[14.66,5],[14.7,4.81],[14.72,4.62],[14.78,4.55],[15,4.4],[15.07,4.27],[15.1,4.11],[15.09,3.89],[15.17,3.76],[15.79,3.11],[15.91,3.1],[15.98,2.98],[16.09,2.86],[16.06,2.7],[16.11,2.59],[16.11,2.41],[16.2,2.24],[16.48,2.84],[16.45,2.96],[16.49,3.07],[16.47,3.16],[16.51,3.23],[16.57,3.46],[16.64,3.53],[16.97,3.53],[17.33,3.62],[17.46,3.71],[17.63,3.63],[17.79,3.62],[17.84,3.54],[18.08,3.56],[18.18,3.48],[18.25,3.58],[18.47,3.63],[18.58,3.48],[18.63,3.48],[18.59,3.71],[18.65,4.05],[18.62,4.17],[18.54,4.31],[18.58,4.37],[18.72,4.38],[18.83,4.56],[19.01,4.76],[19.08,4.91],[19.2,4.95],[19.24,5.01],[19.41,5.13],[19.72,5.14],[19.83,5.1],[19.89,5],[20,4.97],[20.34,4.77],[20.46,4.6],[20.46,4.53],[20.6,4.41],[20.87,4.45],[21.08,4.39],[21.16,4.31],[21.3,4.33],[21.38,4.28],[21.54,4.25],[21.72,4.3],[21.87,4.24],[22,4.25],[22.21,4.15],[22.42,4.14],[22.54,4.23],[22.61,4.36],[22.59,4.45],[22.68,4.49],[22.79,4.72],[22.85,4.71],[22.9,4.82],[22.99,4.83],[23.02,4.75],[23.17,4.74],[23.27,4.64],[23.39,4.59],[23.57,4.72],[23.82,4.82],[23.95,4.82],[24.11,4.92],[24.16,4.91],[24.36,5.06],[24.46,5.11],[24.61,5.02],[24.66,4.92],[24.79,4.92],[24.97,4.99],[25.09,4.95],[25.13,5.02],[25.31,5.03],[25.35,5.14],[25.31,5.19],[25.36,5.31],[25.58,5.38],[25.62,5.31],[25.87,5.22],[26.03,5.19],[26.13,5.26],[26.32,5.15],[26.39,5.15],[26.46,5.06],[26.76,5.09],[26.87,5.04],[26.96,5.15],[27.12,5.2],[27.44,5.07],[27.3,5.21],[27.24,5.32],[27.22,5.44],[27.26,5.55],[27.17,5.72],[27.05,5.79],[26.98,5.86],[26.82,5.9],[26.71,6.01],[26.54,6.03],[26.45,6.28],[26.29,6.39],[26.31,6.5],[26.38,6.65],[26.24,6.72],[26.08,6.84],[26.03,7],[25.89,7.05],[25.79,7.14],[25.59,7.21],[25.36,7.34],[25.32,7.4],[25.19,7.5],[25.17,7.58],[25.28,7.66],[25.22,7.86],[25.09,7.89],[24.96,7.99],[24.92,8.09],[24.83,8.17],[24.62,8.22],[24.51,8.21],[24.43,8.27],[24.33,8.25],[24.13,8.34],[24.14,8.44],[24.24,8.57],[24.17,8.69],[23.6,8.73],[23.48,8.78],[23.55,8.88],[23.57,8.98],[23.45,8.97],[23.46,9.15],[23.55,9.19],[23.63,9.28],[23.65,9.42],[23.61,9.54],[23.67,9.69],[23.62,9.91],[23.29,10.44],[23.01,10.69],[22.86,10.92]]]},"properties":{"iso_a2":"CF","name":"Central African Republic"}},{"type":"Feature","geometry":{"type":"Polygon","coordinates":[[[22.86,10.92],[23.01,10.69],[23.29,10.44],[23.62,9.91],[23.67,9.69],[23.61,9.54],[23.65,9.42],[23.63,9.28],[23.55,9.19],[23.46,9.15],[23.45,8.97],[23.57,8.98],[23.55,8.88],[23.48,8.78],[23.6,8.73],[24.17,8.69],[24.38,8.84],[24.56,8.89],[24.57,9.02],[24.66,9.18],[24.68,9.37],[24.79,9.53],[24.79,9.8],[24.98,9.97],[25.02,10.17],[25.09,10.3],[25.33,10.32],[25.63,10.39],[25.84,10.42],[25.9,10.35],[25.9,10.19],[26.02,10.12],[26.1,9.99],[26.18,9.96],[26.56,9.52],[26.69,9.48],[27.08,9.61],[27.34,9.61],[27.9,9.6],[28.05,9.33],[28.84,9.32],[28.85,9.47],[29.01,9.6],[29.25,9.71],[29.48,9.76],[29.61,9.91],[29.62,10.06],[30.01,10.27],[30.49,9.97],[30.75,9.74],[31.16,9.76],[31.24,9.79],[31.67,10.21],[31.86,10.47],[31.94,10.66],[32.41,11.05],[32.44,11.11],[32.36,11.24],[32.35,11.41],[32.35,11.71],[32.08,12],[32.75,12],[32.73,12.22],[33.21,12.21],[33.15,11.94],[33.13,11.69],[33.08,11.59],[33.18,10.84],[33.15,10.73],[33.37,10.65],[33.47,10.54],[33.9,10.19],[33.97,10.05],[33.97,9.84],[33.91,9.71],[33.88,9.5],[33.9,9.46],[34.07,9.46],[34.1,9.68],[34.22,10.03],[34.3,10.11],[34.33,10.27],[34.28,10.57],[34.44,10.8],[34.59,10.88],[34.75,10.74],[34.84,10.73],[34.93,10.85],[34.91,10.96],[34.98,11.16],[34.95,11.28],[35.07,11.55],[35.04,11.75],[35.09,11.84],[35.22,11.9],[35.33,12.05],[35.35,12.15],[35.62,12.58],[35.73,12.67],[36.12,12.72],[36.14,12.83],[36.11,12.93],[36.23,13.36],[36.38,13.57],[36.46,13.82],[36.44,13.99],[36.53,14.26],[36.42,15.11],[36.53,15.25],[36.67,15.72],[36.76,15.84],[36.89,16.18],[36.94,16.25],[36.93,16.42],[36.88,16.53],[36.9,16.66],[36.99,16.77],[37,17.07],[37.13,17.02],[37.31,17.06],[37.4,17.03],[37.5,17.2],[37.51,17.32],[37.72,17.38],[37.8,17.48],[37.87,17.44],[38.04,17.55],[38.16,17.56],[38.34,17.66],[38.46,17.89],[38.6,18.01],[38.54,18.12],[38.45,18.13],[38.24,18.24],[38.15,18.25],[38.04,18.46],[37.93,18.59],[37.81,18.62],[37.67,18.74],[37.55,18.71],[37.43,18.86],[37.33,19.16],[37.29,19.48],[37.24,19.66],[37.26,19.82],[37.2,19.98],[37.23,20.12],[37.17,20.35],[37.23,20.57],[37.17,20.75],[37.16,20.88],[37.09,21.04],[37.15,21.17],[37.11,21.28],[36.98,21.47],[36.9,21.68],[36.87,21.82],[36.88,22],[35.72,22],[34.79,22],[34.08,22],[34,21.77],[33.56,21.71],[33.18,22],[32.55,22],[31.44,22],[31.49,22.15],[31.36,22.19],[31.25,21.99],[30.43,21.99],[29.75,22],[28.87,22],[27.71,22],[26.93,22],[25.66,22],[24.98,22],[24.98,21.25],[24.98,20.41],[24.97,20],[23.98,20],[23.98,19.5],[23.98,18.8],[23.98,17.87],[23.98,16.94],[23.98,15.72],[23.59,15.75],[23.32,15.68],[23.17,15.71],[23.07,15.69],[22.91,15.54],[22.97,15.41],[22.97,15.22],[22.91,15.11],[22.74,14.98],[22.66,14.86],[22.67,14.68],[22.47,14.63],[22.36,14.54],[22.43,14.47],[22.44,14.25],[22.53,14.22],[22.53,14.12],[22.24,13.98],[22.07,13.77],[22.13,13.64],[22.2,13.58],[22.28,13.38],[22.12,13.18],[22,13.13],[21.94,13.06],[21.81,12.79],[21.94,12.64],[22.11,12.65],[22.21,12.74],[22.45,12.61],[22.37,12.46],[22.48,12.18],[22.48,12.04],[22.59,11.99],[22.54,11.68],[22.63,11.51],[22.74,11.47],[22.78,11.4],[22.92,11.4],[22.96,11.21],[22.86,10.92]]]},"properties":{"iso_a2":"SD","name":"Sudan"}},{"type":"Feature","geometry":{"type":"Polygon","coordinates":[[[42.92,11],[43.24,11.49],[43.12,11.58],[42.88,11.58],[42.69,11.55],[42.75,11.71],[42.9,11.78],[43.06,11.8],[43.21,11.96],[43.35,11.99],[43.42,12.09],[43.41,12.24],[43.33,12.45],[43.12,12.71],[42.85,12.61],[42.79,12.52],[42.79,12.43],[42.68,12.36],[42.52,12.5],[42.43,12.52],[42.38,12.47],[42.29,12.32],[42.1,12.07],[41.94,11.83],[41.81,11.74],[41.75,11.54],[41.79,11.26],[41.8,10.97],[41.95,10.94],[42.07,10.98],[42.39,11.01],[42.62,11.09],[42.73,11.07],[42.77,11],[42.92,11]]]},"properties":{"iso_a2":"DJ","name":"Djibouti"}},{"type":"Feature","geometry":{"type":"MultiPolygon","coordinates":[[[[43.12,12.71],[43.09,12.81],[43,12.9],[42.96,12.81],[42.77,12.88],[42.74,13.02],[42.51,13.21],[42.38,13.22],[42.34,13.42],[42.29,13.58],[42.1,13.65],[41.98,13.84],[41.85,13.88],[41.81,13.93],[41.68,13.94],[41.62,14.06],[41.34,14.4],[41.28,14.52],[41.16,14.64],[40.77,14.72],[40.73,14.82],[40.62,14.95],[40.42,15],[40.29,14.91],[40.16,14.98],[40.03,15.24],[40.08,15.33],[39.91,15.46],[39.8,15.45],[39.78,15.3],[39.86,15.19],[39.81,15.08],[39.7,15.12],[39.72,15.26],[39.66,15.34],[39.61,15.5],[39.53,15.54],[39.42,15.77],[39.43,15.82],[39.31,15.89],[39.24,16.11],[39.2,16.3],[39.16,16.63],[39.06,17.03],[38.93,17.4],[38.79,17.67],[38.7,17.81],[38.6,18.01],[38.46,17.89],[38.34,17.66],[38.16,17.56],[38.04,17.55],[37.87,17.44],[37.8,17.48],[37.72,17.38],[37.51,17.32],[37.5,17.2],[37.4,17.03],[37.31,17.06],[37.13,17.02],[37,17.07],[36.99,16.77],[36.9,16.66],[36.88,16.53],[36.93,16.42],[36.94,16.25],[36.89,16.18],[36.76,15.84],[36.67,15.72],[36.53,15.25],[36.42,15.11],[36.53,14.26],[36.75,14.33],[37.07,14.29],[37.15,14.44],[37.29,14.46],[37.39,14.35],[37.48,14.2],[37.57,14.12],[37.89,14.88],[38.01,14.72],[38.21,14.69],[38.31,14.52],[38.43,14.42],[38.61,14.44],[38.87,14.49],[38.98,14.57],[39.01,14.65],[39.15,14.58],[39.21,14.44],[39.49,14.52],[39.77,14.51],[39.91,14.42],[40.1,14.47],[40.28,14.41],[40.42,14.27],[40.59,14.2],[40.7,14.17],[40.83,14.11],[41.04,13.87],[41.19,13.62],[41.53,13.39],[41.71,13.25],[41.82,13.11],[41.95,12.88],[42.14,12.77],[42.38,12.47],[42.43,12.52],[42.52,12.5],[42.68,12.36],[42.79,12.43],[42.79,12.52],[42.85,12.61],[43.12,12.71]]],[[[40.39,15.64],[40.27,15.7],[40.16,15.64],[40.14,15.79],[40.09,15.85],[39.98,15.82],[40.1,15.59],[40.29,15.57],[40.39,15.64]]]]},"properties":{"iso_a2":"ER","name":"Eritrea"}},{"type":"Feature","geometry":{"type":"Polygon","coordinates":[[[16.95,48.6],[16.87,48.72],[16.44,48.8],[16.36,48.73],[16.09,48.74],[15.82,48.87],[15.68,48.86],[15.26,48.98],[14.98,49.01],[14.92,48.76],[14.8,48.78],[14.7,48.59],[14.44,48.64],[14.32,48.56],[14.04,48.6],[13.98,48.71],[13.82,48.77],[13.8,48.61],[13.72,48.52],[13.52,48.59],[13.41,48.38],[13.27,48.31],[13.03,48.26],[12.75,48.12],[12.76,48.07],[12.99,47.85],[12.89,47.72],[13.08,47.65],[13.04,47.49],[12.94,47.47],[12.78,47.56],[12.75,47.67],[12.5,47.63],[12.42,47.69],[12.21,47.67],[12.17,47.6],[11.94,47.61],[11.82,47.58],[11.62,47.59],[11.53,47.51],[11.41,47.51],[11.26,47.4],[11.08,47.39],[10.79,47.52],[10.61,47.56],[10.43,47.54],[10.44,47.42],[10.31,47.3],[9.95,47.52],[9.55,47.54],[9.65,47.41],[9.52,47.26],[9.62,47.11],[9.58,47.06],[9.86,47.02],[9.86,46.94],[10.11,46.85],[10.37,47],[10.45,46.86],[10.66,46.86],[10.72,46.8],[11,46.77],[11.16,46.96],[11.46,47.01],[11.75,46.97],[11.9,47.03],[12.11,46.99],[12.27,46.79],[12.41,46.69],[12.83,46.61],[13.07,46.6],[13.23,46.55],[13.48,46.56],[13.7,46.52],[14.05,46.48],[14.15,46.44],[14.5,46.42],[14.8,46.52],[14.85,46.6],[15.06,46.65],[15.39,46.65],[15.46,46.62],[15.65,46.71],[15.98,46.72],[15.99,46.83],[16.09,46.86],[16.27,47],[16.44,47.03],[16.41,47.2],[16.48,47.39],[16.64,47.45],[16.65,47.61],[16.41,47.66],[16.61,47.75],[16.8,47.68],[17.06,47.7],[17.04,47.84],[17.15,48.01],[16.98,48.16],[16.95,48.28],[16.84,48.37],[16.95,48.6]]]},"properties":{"iso_a2":"AT","name":"Austria"}},{"type":"Feature","geometry":{"type":"Polygon","coordinates":[[[44.77,37.14],[44.63,37.18],[44.43,37.07],[44.23,36.98],[44.18,37.09],[44.25,37.19],[44.21,37.27],[43.99,37.31],[43.89,37.23],[43.48,37.24],[43.34,37.32],[43.08,37.37],[42.94,37.32],[42.77,37.38],[42.56,37.15],[42.36,37.11],[42.28,36.99],[41.84,36.62],[41.79,36.59],[41.42,36.53],[41.28,36.35],[41.24,36.04],[41.34,35.86],[41.36,35.66],[41.26,35.49],[41.19,35.18],[41.2,34.77],[40.99,34.43],[40.94,34.39],[40.69,34.33],[39.55,33.76],[38.78,33.37],[39.06,32.5],[38.98,32.48],[39.05,32.31],[39.24,32.35],[39.29,32.24],[39.15,32.12],[40.03,31.99],[40.42,31.92],[41.46,31.39],[42.08,31.08],[42.86,30.5],[43.78,29.85],[44.69,29.2],[44.72,29.19],[45.74,29.11],[46.36,29.06],[46.53,29.1],[46.71,29.27],[46.84,29.43],[46.96,29.62],[47.11,29.96],[47.2,30.03],[47.36,30.09],[47.73,30.09],[47.95,29.99],[48.17,30.04],[48.34,29.96],[48.53,29.96],[48.45,30],[48.38,30.16],[48.4,30.22],[48.31,30.31],[48.19,30.34],[48.16,30.43],[48.01,30.46],[48.02,30.98],[47.67,31],[47.68,31.41],[47.83,31.76],[47.4,32.34],[47.34,32.46],[47.06,32.49],[46.72,32.76],[46.48,32.89],[46.27,32.96],[46.1,32.95],[46.17,33.17],[46.16,33.26],[46.04,33.37],[45.89,33.63],[45.73,33.59],[45.49,33.94],[45.42,33.99],[45.53,34.13],[45.56,34.27],[45.45,34.36],[45.42,34.44],[45.5,34.49],[45.5,34.59],[45.67,34.56],[45.69,34.65],[45.63,34.72],[45.67,34.81],[45.84,34.89],[45.86,35.02],[46.01,35.06],[46.13,35.13],[46.12,35.32],[45.96,35.49],[46.04,35.69],[46.24,35.72],[46.19,35.8],[46.06,35.86],[45.81,35.81],[45.72,35.83],[45.65,35.93],[45.45,36.01],[45.35,36.09],[45.22,36.42],[45.07,36.42],[45.01,36.56],[45.05,36.67],[45,36.74],[44.83,36.79],[44.88,36.89],[44.88,37.03],[44.77,37.14]]]},"properties":{"iso_a2":"IQ","name":"Iraq"}},{"type":"Feature","geometry":{"type":"MultiPolygon","coordinates":[[[[7.02,45.93],[6.8,45.83],[6.8,45.72],[6.96,45.64],[6.98,45.51],[7.16,45.41],[7.06,45.22],[6.84,45.13],[6.74,45.16],[6.6,45.1],[6.72,45.01],[6.73,44.93],[6.85,44.86],[6.98,44.85],[7.02,44.74],[6.84,44.5],[6.87,44.37],[6.97,44.25],[7.38,44.12],[7.63,44.18],[7.69,44.09],[7.48,43.87],[7.5,43.79],[7.7,43.79],[7.96,43.85],[8.15,43.95],[8.29,44.15],[8.4,44.18],[8.47,44.3],[8.74,44.43],[9.23,44.35],[9.77,44.08],[9.85,44.11],[10.11,44.02],[10.26,43.81],[10.33,43.48],[10.44,43.39],[10.55,43.15],[10.5,42.94],[10.68,42.95],[10.78,42.9],[10.73,42.8],[10.99,42.71],[11.19,42.52],[11.16,42.44],[11.38,42.41],[11.66,42.28],[11.84,42.04],[11.92,42.04],[12.15,41.9],[12.24,41.74],[12.45,41.63],[12.62,41.46],[12.86,41.41],[12.98,41.33],[13.05,41.23],[13.32,41.3],[13.51,41.23],[13.72,41.25],[13.85,41.15],[14.02,40.92],[14.05,40.84],[14.2,40.8],[14.29,40.84],[14.47,40.73],[14.38,40.63],[14.54,40.61],[14.75,40.68],[14.89,40.57],[15,40.4],[14.91,40.24],[15.13,40.17],[15.28,40.03],[15.41,39.99],[15.61,40.07],[15.78,39.87],[15.81,39.7],[15.88,39.55],[16,39.44],[16.08,39.08],[16.22,38.92],[16.2,38.78],[16.12,38.72],[16,38.73],[15.84,38.66],[15.91,38.47],[15.79,38.28],[15.65,38.24],[15.62,38.09],[15.67,37.97],[15.76,37.92],[16.09,37.95],[16.17,38.14],[16.34,38.3],[16.57,38.43],[16.54,38.72],[16.61,38.82],[16.84,38.92],[17.13,38.93],[17.17,39.01],[17.13,39.09],[17.12,39.34],[17.16,39.41],[16.85,39.55],[16.75,39.62],[16.63,39.63],[16.52,39.69],[16.49,39.81],[16.63,39.97],[16.61,40.08],[16.74,40.21],[16.91,40.45],[17.05,40.52],[17.25,40.5],[17.21,40.41],[17.51,40.3],[17.85,40.29],[18,40.12],[18.01,39.99],[18.21,39.84],[18.38,39.81],[18.43,40.02],[18.52,40.1],[18.44,40.27],[18.24,40.46],[18.04,40.56],[18.01,40.65],[17.48,40.83],[17.2,41.02],[17.06,41.08],[16.59,41.21],[16.02,41.43],[15.91,41.5],[15.93,41.64],[16.19,41.79],[16.14,41.92],[16.03,41.94],[15.45,41.91],[15.12,41.93],[14.99,42.01],[14.74,42.09],[14.72,42.16],[14.56,42.23],[14.39,42.37],[14.22,42.47],[14.08,42.6],[13.95,42.8],[13.84,43.13],[13.62,43.53],[13.25,43.7],[12.95,43.9],[12.71,43.98],[12.48,44.14],[12.37,44.25],[12.28,44.49],[12.25,44.71],[12.28,44.82],[12.45,44.82],[12.53,44.94],[12.33,45.1],[12.3,45.23],[12.17,45.26],[12.27,45.46],[12.44,45.53],[12.49,45.46],[12.94,45.63],[13.09,45.64],[13.13,45.77],[13.42,45.72],[13.63,45.77],[13.8,45.62],[13.71,45.59],[13.85,45.59],[13.86,45.65],[13.78,45.74],[13.58,45.81],[13.62,45.97],[13.51,45.97],[13.51,46.07],[13.64,46.18],[13.41,46.21],[13.37,46.29],[13.7,46.52],[13.48,46.56],[13.23,46.55],[13.07,46.6],[12.83,46.61],[12.41,46.69],[12.27,46.79],[12.11,46.99],[11.9,47.03],[11.75,46.97],[11.46,47.01],[11.16,46.96],[11,46.77],[10.72,46.8],[10.66,46.86],[10.45,46.86],[10.37,46.67],[10.47,46.6],[10.3,46.55],[10.19,46.63],[10.1,46.61],[10.03,46.45],[10.15,46.24],[10.04,46.22],[9.9,46.37],[9.67,46.29],[9.56,46.29],[9.45,46.37],[9.44,46.49],[9.26,46.49],[9.27,46.31],[9.22,46.22],[9,46.04],[9,45.94],[8.77,45.98],[8.83,46.07],[8.6,46.12],[8.43,46.25],[8.45,46.41],[8.34,46.44],[8.19,46.31],[8.07,46.25],[8.11,46.13],[7.99,46],[7.83,45.91],[7.54,45.98],[7.36,45.91],[7.18,45.88],[7.02,45.93]],[[12.43,43.89],[12.39,43.93],[12.42,43.97],[12.49,43.94],[12.43,43.89]]],[[[15.53,38.3],[15.4,38.23],[15.25,38.22],[15.09,38.13],[14.91,38.19],[14.73,38.16],[14.64,38.08],[14.33,38.02],[14.02,38.05],[13.79,37.97],[13.65,38],[13.51,38.11],[13.39,38.1],[13.32,38.22],[13.11,38.19],[13.03,38.06],[12.9,38.03],[12.73,38.13],[12.5,38.01],[12.43,37.8],[12.51,37.67],[12.7,37.56],[12.94,37.57],[13.05,37.5],[13.17,37.49],[13.42,37.31],[13.57,37.27],[13.68,37.19],[13.89,37.1],[14.09,37.12],[14.28,37.04],[14.4,36.95],[14.49,36.79],[14.78,36.7],[14.88,36.73],[15.09,36.66],[15.09,36.8],[15.18,36.94],[15.33,37.03],[15.18,37.21],[15.22,37.28],[15.11,37.32],[15.09,37.46],[15.16,37.57],[15.21,37.76],[15.65,38.28],[15.53,38.3]]],[[[9.79,40.56],[9.66,40.81],[9.57,40.91],[9.55,41.12],[9.42,41.16],[9.23,41.26],[9.16,41.17],[9.03,41.13],[8.76,40.91],[8.52,40.83],[8.31,40.85],[8.23,40.91],[8.13,40.73],[8.17,40.59],[8.31,40.58],[8.46,40.32],[8.49,40.1],[8.4,40.05],[8.4,39.91],[8.56,39.85],[8.46,39.58],[8.37,39.38],[8.43,39.28],[8.37,39.23],[8.64,38.89],[8.72,38.93],[8.84,38.88],[9.02,38.99],[9.03,39.17],[9.25,39.23],[9.45,39.12],[9.56,39.14],[9.65,39.48],[9.69,39.99],[9.73,40.08],[9.65,40.15],[9.63,40.26],[9.81,40.47],[9.79,40.56]]],[[[10.44,42.85],[10.36,42.81],[10.13,42.81],[10.15,42.74],[10.34,42.77],[10.44,42.85]]]]},"properties":{"iso_a2":"IT","name":"Italy"}},{"type":"Feature","geometry":{"type":"Polygon","coordinates":[[[10.45,46.86],[10.37,47],[10.11,46.85],[9.86,46.94],[9.86,47.02],[9.58,47.06],[9.49,47.18],[9.52,47.26],[9.65,47.41],[9.55,47.54],[9.27,47.65],[9.02,47.68],[8.88,47.66],[8.8,47.72],[8.56,47.8],[8.39,47.69],[8.45,47.58],[8.18,47.62],[8.09,47.57],[7.82,47.6],[7.68,47.54],[7.59,47.59],[7.38,47.43],[7.25,47.42],[7.1,47.5],[6.97,47.49],[6.96,47.25],[6.67,47.02],[6.44,46.94],[6.42,46.75],[6.13,46.6],[6.05,46.42],[6.14,46.36],[6.09,46.25],[6.14,46.15],[6.28,46.24],[6.21,46.32],[6.3,46.39],[6.48,46.45],[6.76,46.43],[6.85,46.12],[7.02,45.93],[7.18,45.88],[7.36,45.91],[7.54,45.98],[7.83,45.91],[7.99,46],[8.11,46.13],[8.07,46.25],[8.19,46.31],[8.34,46.44],[8.45,46.41],[8.43,46.25],[8.6,46.12],[8.83,46.07],[8.77,45.98],[9,45.94],[9,46.04],[9.22,46.22],[9.27,46.31],[9.26,46.49],[9.44,46.49],[9.45,46.37],[9.56,46.29],[9.67,46.29],[9.9,46.37],[10.04,46.22],[10.15,46.24],[10.03,46.45],[10.1,46.61],[10.19,46.63],[10.3,46.55],[10.47,46.6],[10.37,46.67],[10.45,46.86]]]},"properties":{"iso_a2":"CH","name":"Switzerland"}},{"type":"Feature","geometry":{"type":"MultiPolygon","coordinates":[[[[44.81,39.64],[44.57,39.77],[44.46,39.7],[44.39,39.41],[44.27,39.38],[44.05,39.4],[44.08,39.2],[44.19,39.15],[44.14,38.99],[44.28,38.84],[44.25,38.72],[44.29,38.64],[44.29,38.38],[44.44,38.37],[44.36,38.15],[44.22,37.97],[44.22,37.88],[44.37,37.86],[44.45,37.77],[44.6,37.72],[44.57,37.45],[44.8,37.29],[44.77,37.14],[44.88,37.03],[44.88,36.89],[44.83,36.79],[45,36.74],[45.05,36.67],[45.01,36.56],[45.07,36.42],[45.22,36.42],[45.35,36.09],[45.45,36.01],[45.65,35.93],[45.72,35.83],[45.81,35.81],[46.06,35.86],[46.19,35.8],[46.24,35.72],[46.04,35.69],[45.96,35.49],[46.12,35.32],[46.13,35.13],[46.01,35.06],[45.86,35.02],[45.84,34.89],[45.67,34.81],[45.63,34.72],[45.69,34.65],[45.67,34.56],[45.5,34.59],[45.5,34.49],[45.42,34.44],[45.45,34.36],[45.56,34.27],[45.53,34.13],[45.42,33.99],[45.49,33.94],[45.73,33.59],[45.89,33.63],[46.04,33.37],[46.16,33.26],[46.17,33.17],[46.1,32.95],[46.27,32.96],[46.48,32.89],[46.72,32.76],[47.06,32.49],[47.34,32.46],[47.4,32.34],[47.83,31.76],[47.68,31.41],[47.67,31],[48.02,30.98],[48.01,30.46],[48.16,30.43],[48.19,30.34],[48.31,30.31],[48.4,30.22],[48.38,30.16],[48.45,30],[48.53,29.96],[48.64,30.04],[48.88,30.02],[48.94,30.17],[48.86,30.35],[48.98,30.52],[49.17,30.51],[49.26,30.42],[49.2,30.35],[49.08,30.4],[49,30.31],[49.25,30.16],[49.48,30.16],[49.53,30.02],[49.6,30.03],[49.92,30.2],[50.07,30.2],[50.13,30.12],[50.15,29.94],[50.24,29.87],[50.4,29.66],[50.66,29.45],[50.69,29.29],[50.64,29.14],[50.84,29.14],[50.92,29],[50.81,28.92],[50.88,28.83],[50.98,28.82],[51.06,28.74],[51.07,28.57],[51.14,28.4],[51.27,28.27],[51.27,28.16],[51.38,27.99],[51.59,27.85],[51.72,27.83],[52.01,27.83],[52.25,27.68],[52.42,27.65],[52.57,27.54],[52.6,27.35],[53.07,27.1],[53.41,26.99],[53.49,26.85],[53.72,26.71],[53.82,26.7],[54,26.75],[54.15,26.71],[54.31,26.72],[54.39,26.61],[54.52,26.59],[54.62,26.51],[54.8,26.5],[55.1,26.7],[55.27,26.79],[55.44,26.76],[55.57,26.83],[55.58,26.91],[55.69,27],[55.94,27.03],[56.12,27.16],[56.35,27.2],[56.58,27.15],[56.81,27.14],[56.86,27.05],[56.97,26.97],[57.09,26.62],[57.08,26.42],[57.13,26.26],[57.21,26.17],[57.17,26.1],[57.25,25.96],[57.33,25.78],[57.52,25.74],[57.76,25.74],[57.84,25.67],[57.96,25.69],[58.05,25.58],[58.17,25.54],[58.36,25.61],[58.81,25.56],[58.92,25.51],[58.99,25.42],[59.12,25.39],[59.45,25.46],[59.54,25.4],[59.78,25.39],[59.9,25.33],[60.08,25.37],[60.21,25.32],[60.4,25.35],[60.43,25.42],[60.55,25.45],[60.63,25.28],[61.03,25.21],[61.19,25.12],[61.41,25.06],[61.59,25.2],[61.62,25.29],[61.66,25.77],[61.76,25.84],[61.81,26.17],[61.86,26.24],[62.24,26.35],[62.3,26.51],[62.43,26.57],[62.6,26.58],[62.75,26.64],[63.11,26.64],[63.17,26.69],[63.18,26.83],[63.27,26.89],[63.23,27.07],[63.32,27.12],[63.26,27.21],[63.17,27.26],[62.89,27.21],[62.79,27.23],[62.76,27.35],[62.82,27.5],[62.78,27.83],[62.74,28],[62.77,28.21],[62.74,28.26],[62.58,28.23],[62.36,28.42],[62.05,28.49],[61.89,28.54],[61.65,28.76],[61.57,28.87],[61.49,29.08],[61.34,29.26],[61.34,29.37],[61.28,29.41],[60.84,29.86],[61.46,30.5],[61.79,30.83],[61.83,31.04],[61.74,31.26],[61.66,31.38],[60.86,31.48],[60.82,31.5],[60.78,32.03],[60.83,32.25],[60.58,32.99],[60.57,33.15],[60.76,33.37],[60.82,33.41],[60.88,33.55],[60.66,33.56],[60.51,33.64],[60.49,33.71],[60.53,33.84],[60.49,34.09],[60.52,34.19],[60.64,34.31],[60.89,34.32],[60.71,34.54],[60.95,34.64],[60.96,34.72],[61.07,34.82],[61.12,35.06],[61.11,35.28],[61.29,35.55],[61.27,35.62],[61.23,35.67],[61.25,35.88],[61.17,36.01],[61.22,36.12],[61.15,36.41],[61.19,36.58],[61.08,36.65],[60.34,36.64],[60.02,37.03],[59.8,37.11],[59.5,37.19],[59.37,37.32],[59.35,37.49],[59.21,37.52],[59.04,37.63],[58.86,37.67],[58.66,37.65],[58.55,37.7],[58.37,37.63],[58.21,37.68],[58.17,37.78],[58.04,37.81],[57.69,37.92],[57.5,37.92],[57.35,37.97],[57.34,38.08],[57.22,38.27],[57.04,38.19],[56.74,38.27],[56.59,38.24],[56.44,38.26],[56.3,38.17],[56.3,38.08],[55.98,38.07],[55.71,38.12],[55.42,38.08],[55.13,37.95],[55.01,37.84],[54.86,37.76],[54.79,37.65],[54.78,37.52],[54.62,37.43],[54.53,37.44],[54.36,37.36],[54.19,37.32],[53.91,37.34],[53.92,37.26],[54.03,36.95],[54.01,36.82],[53.89,36.79],[53.7,36.82],[53.66,36.88],[53.49,36.89],[53.12,36.82],[52.78,36.74],[51.91,36.58],[51.37,36.69],[51.09,36.74],[50.48,37.03],[50.32,37.15],[50.15,37.4],[49.94,37.45],[49.44,37.49],[49.13,37.62],[49.01,37.74],[48.91,38.08],[48.87,38.32],[48.87,38.43],[48.78,38.45],[48.61,38.4],[48.43,38.57],[48.31,38.6],[48.21,38.73],[47.99,38.85],[48.06,38.95],[48.24,38.97],[48.31,39.05],[48.14,39.18],[48.13,39.3],[48.34,39.38],[48.05,39.65],[47.96,39.71],[47.85,39.69],[47.55,39.52],[47.37,39.46],[47.25,39.36],[47.1,39.31],[47.02,39.19],[46.84,39.14],[46.75,39.04],[46.51,38.88],[46.39,38.92],[46.14,38.86],[45.44,39],[45.35,39.16],[45.18,39.22],[45.05,39.39],[44.96,39.43],[44.89,39.61],[44.81,39.64]]],[[[56.21,27],[56.04,26.98],[55.79,26.85],[55.74,26.78],[55.35,26.65],[55.3,26.54],[55.5,26.6],[55.71,26.7],[55.88,26.74],[55.95,26.7],[56.08,26.79],[56.19,26.93],[56.21,27]]]]},"properties":{"iso_a2":"IR","name":"Iran"}},{"type":"Feature","geometry":{"type":"MultiPolygon","coordinates":[[[[7.2,53.25],[6.9,53.35],[6.87,53.43],[6.73,53.46],[6.27,53.41],[5.98,53.41],[5.59,53.3],[5.45,53.22],[5.38,53.1],[5.08,52.95],[4.87,52.9],[4.75,52.97],[4.67,52.8],[4.6,52.51],[4.51,52.34],[4.29,52.11],[4.14,52.01],[4.01,51.98],[4.03,51.78],[4.12,51.63],[4.06,51.51],[3.83,51.61],[3.56,51.6],[3.46,51.56],[3.54,51.46],[3.69,51.45],[3.83,51.39],[3.96,51.46],[4.26,51.37],[4.53,51.48],[4.73,51.49],[4.91,51.39],[5.07,51.38],[5.22,51.26],[5.47,51.29],[5.55,51.22],[5.84,51.14],[5.62,50.85],[5.73,50.75],[6,50.75],[6.06,50.91],[5.98,51.08],[6.13,51.14],[6.07,51.23],[6.18,51.34],[6.19,51.51],[6.1,51.64],[5.94,51.74],[5.93,51.81],[6.19,51.87],[6.38,51.83],[6.74,51.91],[6.81,51.98],[6.68,52.04],[7.03,52.23],[7.05,52.37],[6.7,52.48],[6.7,52.62],[7.04,52.65],[7.08,52.85],[7.18,52.97],[7.2,53.25]]],[[[3.35,51.38],[3.42,51.24],[3.64,51.29],[3.93,51.21],[4.12,51.27],[4.22,51.37],[3.98,51.41],[3.86,51.35],[3.54,51.42],[3.35,51.38]]],[[[-68.21,12.23],[-68.4,12.3],[-68.42,12.26],[-68.3,12.2],[-68.21,12.23]]]]},"properties":{"iso_a2":"NL","name":"Netherlands"}},{"type":"Feature","geometry":{"type":"Polygon","coordinates":[[[9.52,47.26],[9.49,47.18],[9.58,47.06],[9.62,47.11],[9.52,47.26]]]},"properties":{"iso_a2":"LI","name":"Liechtenstein"}},{"type":"Feature","geometry":{"type":"Polygon","coordinates":[[[-7.99,10.16],[-8.11,10.05],[-8.17,9.94],[-8.12,9.85],[-8.16,9.59],[-8.14,9.5],[-8.05,9.39],[-7.86,9.41],[-7.93,9.18],[-7.76,9.09],[-7.92,9.01],[-7.96,8.78],[-7.76,8.71],[-7.69,8.61],[-7.69,8.44],[-7.77,8.39],[-7.9,8.43],[-7.97,8.5],[-8.2,8.49],[-8.27,8.25],[-8.09,8.16],[-8.02,8.09],[-8.13,7.88],[-8.13,7.71],[-8.23,7.54],[-8.41,7.61],[-8.48,7.56],[-8.44,7.54],[-8.39,7.32],[-8.3,7.15],[-8.28,7.02],[-8.35,6.76],[-8.57,6.55],[-8.47,6.49],[-8.29,6.31],[-8.17,6.27],[-8.03,6.3],[-7.93,6.27],[-7.84,6.18],[-7.8,5.97],[-7.68,5.94],[-7.56,5.84],[-7.44,5.81],[-7.45,5.73],[-7.39,5.52],[-7.45,5.41],[-7.52,5.09],[-7.58,5.07],[-7.55,4.95],[-7.61,4.9],[-7.57,4.72],[-7.58,4.51],[-7.54,4.35],[-7.46,4.34],[-7.17,4.52],[-7.06,4.54],[-6.91,4.66],[-6.63,4.72],[-6.58,4.76],[-6.14,4.92],[-5.85,5.03],[-5.56,5.09],[-5.25,5.12],[-4.78,5.14],[-4.62,5.18],[-4,5.23],[-4.18,5.28],[-4.44,5.23],[-4.74,5.2],[-4.69,5.28],[-4.61,5.24],[-4.32,5.31],[-4.06,5.3],[-3.99,5.24],[-3.31,5.12],[-3.26,5.34],[-3.13,5.37],[-3.2,5.22],[-3.14,5.14],[-2.98,5.12],[-2.84,5.15],[-2.78,5.15],[-2.79,5.35],[-2.73,5.36],[-2.78,5.58],[-2.88,5.64],[-2.97,5.62],[-3.03,5.7],[-3.02,5.82],[-3.09,6],[-3.12,6.16],[-3.18,6.26],[-3.26,6.62],[-3.21,6.72],[-3.22,6.85],[-3.11,7.05],[-3.05,7.07],[-2.97,7.23],[-2.99,7.27],[-2.94,7.58],[-2.84,7.82],[-2.69,8.01],[-2.6,8.05],[-2.62,8.14],[-2.51,8.21],[-2.62,8.92],[-2.66,9.02],[-2.77,9.06],[-2.76,9.14],[-2.66,9.27],[-2.69,9.49],[-2.76,9.39],[-2.91,9.54],[-2.99,9.71],[-3.09,9.73],[-3.14,9.83],[-3.28,9.84],[-3.39,9.91],[-3.61,9.92],[-3.66,9.95],[-3.89,9.89],[-4.08,9.8],[-4.13,9.82],[-4.27,9.74],[-4.32,9.61],[-4.5,9.65],[-4.6,9.73],[-4.68,9.68],[-4.8,9.84],[-4.97,9.9],[-4.97,10.06],[-5.05,10.09],[-5.11,10.28],[-5.22,10.32],[-5.4,10.3],[-5.52,10.43],[-5.59,10.45],[-5.81,10.41],[-5.9,10.35],[-6.02,10.19],[-6.18,10.22],[-6.24,10.3],[-6.18,10.36],[-6.19,10.48],[-6.26,10.54],[-6.24,10.71],[-6.43,10.69],[-6.45,10.55],[-6.67,10.65],[-6.7,10.49],[-6.65,10.44],[-6.7,10.34],[-6.8,10.37],[-6.97,10.33],[-6.96,10.19],[-7.35,10.25],[-7.37,10.33],[-7.44,10.36],[-7.48,10.45],[-7.64,10.44],[-7.71,10.4],[-7.83,10.21],[-7.99,10.16]]]},"properties":{"iso_a2":"CI","name":"Côte d'Ivoire"}},{"type":"Feature","geometry":{"type":"Polygon","coordinates":[[[20.24,46.11],[20.17,46.15],[19.93,46.16],[19.79,46.13],[19.55,46.16],[19.26,45.98],[18.9,45.93],[18.85,45.82],[19.02,45.57],[18.98,45.39],[19.1,45.3],[19.29,45.24],[19.08,45.1],[19.13,44.95],[19.02,44.87],[19.17,44.93],[19.37,44.89],[19.33,44.73],[19.18,44.54],[19.11,44.38],[19.18,44.29],[19.32,44.26],[19.36,44.19],[19.62,44.04],[19.55,43.98],[19.23,43.96],[19.46,43.76],[19.51,43.67],[19.48,43.56],[19.36,43.6],[19.2,43.53],[19.22,43.44],[19.36,43.39],[19.62,43.17],[19.78,43.1],[19.95,43.09],[20.12,42.98],[20.34,42.91],[20.35,42.83],[20.48,42.86],[20.48,42.97],[20.64,43.05],[20.6,43.19],[20.79,43.26],[20.84,43.17],[21.09,43.09],[21.23,42.97],[21.26,42.89],[21.41,42.85],[21.41,42.74],[21.74,42.68],[21.72,42.55],[21.6,42.37],[21.56,42.25],[21.68,42.24],[21.94,42.33],[22.1,42.31],[22.23,42.35],[22.35,42.31],[22.51,42.41],[22.53,42.51],[22.43,42.57],[22.51,42.87],[22.73,42.89],[22.96,43.11],[22.81,43.33],[22.52,43.47],[22.47,43.64],[22.35,43.81],[22.41,44.01],[22.59,44.06],[22.61,44.18],[22.69,44.23],[22.69,44.29],[22.55,44.35],[22.48,44.46],[22.62,44.64],[22.48,44.72],[22.32,44.69],[22.19,44.52],[22.1,44.51],[22,44.65],[21.86,44.7],[21.66,44.69],[21.6,44.77],[21.4,44.79],[21.37,44.87],[21.49,45.15],[21.41,45.2],[21.21,45.25],[20.98,45.33],[20.76,45.49],[20.79,45.75],[20.69,45.74],[20.57,45.89],[20.34,45.99],[20.24,46.11]]]},"properties":{"iso_a2":"RS","name":"Serbia"}},{"type":"Feature","geometry":{"type":"Polygon","coordinates":[[[-12.26,14.78],[-12.17,14.63],[-12.23,14.54],[-12.22,14.39],[-12.12,14.36],[-12,14.17],[-12.02,14.03],[-11.96,13.91],[-11.98,13.79],[-12.1,13.7],[-12,13.54],[-11.88,13.45],[-11.9,13.38],[-11.83,13.31],[-11.76,13.4],[-11.65,13.38],[-11.56,13.27],[-11.53,13.11],[-11.48,13.08],[-11.38,12.93],[-11.43,12.87],[-11.4,12.73],[-11.46,12.66],[-11.38,12.48],[-11.39,12.4],[-11.51,12.19],[-11.27,12],[-11.19,12.01],[-11.05,12.2],[-10.91,12.2],[-10.8,12.1],[-10.81,12.02],[-10.71,11.89],[-10.38,12.18],[-10.27,12.22],[-10.13,12.18],[-9.87,12.05],[-9.72,12.03],[-9.63,12.17],[-9.42,12.26],[-9.36,12.25],[-9.31,12.36],[-9.41,12.46],[-9.32,12.5],[-9.15,12.47],[-8.99,12.39],[-9,12.26],[-8.91,12.17],[-8.92,12.05],[-8.82,12.01],[-8.8,11.91],[-8.85,11.66],[-8.71,11.64],[-8.66,11.5],[-8.55,11.49],[-8.53,11.42],[-8.43,11.4],[-8.48,11.29],[-8.7,11],[-8.54,10.98],[-8.51,11.05],[-8.35,11.04],[-8.3,10.98],[-8.31,10.74],[-8.3,10.54],[-8.23,10.42],[-8.14,10.43],[-8.1,10.35],[-8.02,10.34],[-7.96,10.26],[-7.99,10.16],[-7.83,10.21],[-7.71,10.4],[-7.64,10.44],[-7.48,10.45],[-7.44,10.36],[-7.37,10.33],[-7.35,10.25],[-6.96,10.19],[-6.97,10.33],[-6.8,10.37],[-6.7,10.34],[-6.65,10.44],[-6.7,10.49],[-6.67,10.65],[-6.45,10.55],[-6.43,10.69],[-6.24,10.71],[-6.26,10.54],[-6.19,10.48],[-6.18,10.36],[-6.24,10.3],[-6.18,10.22],[-6.02,10.19],[-5.9,10.35],[-5.81,10.41],[-5.59,10.45],[-5.52,10.43],[-5.47,10.59],[-5.48,10.68],[-5.43,10.85],[-5.5,11],[-5.49,11.08],[-5.32,11.14],[-5.26,11.27],[-5.27,11.37],[-5.22,11.42],[-5.23,11.58],[-5.31,11.63],[-5.27,11.84],[-5.17,11.94],[-5.07,11.98],[-4.75,12.02],[-4.65,12.07],[-4.59,12.2],[-4.44,12.3],[-4.45,12.44],[-4.39,12.53],[-4.48,12.65],[-4.4,12.74],[-4.28,12.72],[-4.21,12.82],[-4.23,12.95],[-4.35,13.12],[-4.33,13.17],[-4.15,13.3],[-4.09,13.4],[-3.8,13.35],[-3.6,13.2],[-3.46,13.17],[-3.43,13.27],[-3.25,13.29],[-3.28,13.54],[-3.26,13.66],[-3.12,13.68],[-2.97,13.62],[-2.89,13.65],[-2.93,13.8],[-2.84,14.04],[-2.69,14.12],[-2.52,14.27],[-2.39,14.27],[-2.15,14.16],[-2.02,14.2],[-2,14.44],[-1.97,14.48],[-1.7,14.5],[-1.35,14.72],[-1.04,14.82],[-0.75,15.07],[-0.47,15.08],[-0.4,15],[-0.24,15.07],[0.22,14.91],[0.22,15],[0.35,14.96],[0.52,14.99],[0.67,14.94],[0.97,14.99],[1.27,15.26],[1.33,15.28],[1.99,15.31],[3,15.34],[3.07,15.43],[3.51,15.35],[3.53,15.5],[3.69,15.63],[3.85,15.69],[3.9,15.89],[3.98,15.98],[3.97,16.09],[4.06,16.3],[4.18,16.42],[4.18,16.81],[4.24,17],[4.23,17.66],[4.23,18.28],[4.23,19.14],[3.44,19],[3.31,18.98],[3.14,19.1],[3.1,19.15],[3.26,19.41],[3.2,19.55],[3.22,19.79],[2.95,19.94],[2.5,20.02],[2.4,20.06],[2.28,20.22],[2.18,20.28],[2.07,20.21],[1.78,20.3],[1.65,20.41],[1.64,20.52],[1.56,20.6],[1.35,20.67],[1.31,20.72],[1.17,20.73],[1.15,20.8],[1.18,21],[1.15,21.1],[0.51,21.52],[-0.18,21.97],[-1.22,22.65],[-1.92,23.1],[-2.96,23.78],[-3.69,24.26],[-4.52,24.8],[-4.82,25],[-6.15,24.99],[-6.59,24.99],[-6.48,24.07],[-6.42,23.51],[-6.32,22.67],[-6.25,22.06],[-6.16,21.34],[-6.08,20.66],[-6.01,20],[-5.91,19.13],[-5.85,18.57],[-5.76,17.74],[-5.62,16.53],[-5.35,16.31],[-5.51,15.5],[-6.09,15.49],[-6.84,15.5],[-7.69,15.5],[-8.33,15.5],[-9.35,15.5],[-9.33,15.69],[-9.45,15.56],[-9.42,15.44],[-9.67,15.43],[-9.84,15.37],[-10.13,15.37],[-10.31,15.44],[-10.53,15.44],[-10.74,15.42],[-10.75,15.34],[-10.83,15.29],[-10.91,15.1],[-11.04,15.27],[-11.3,15.45],[-11.41,15.6],[-11.52,15.6],[-11.64,15.53],[-11.73,15.54],[-11.85,15.18],[-11.81,15.03],[-11.84,14.89],[-11.97,14.78],[-12.26,14.78]]]},"properties":{"iso_a2":"ML","name":"Mali"}},{"type":"Feature","geometry":{"type":"Polygon","coordinates":[[[-12.26,14.78],[-12.4,14.86],[-12.48,15.01],[-12.62,15.1],[-12.78,15.15],[-12.85,15.31],[-12.91,15.35],[-12.96,15.51],[-13.09,15.5],[-13.1,15.59],[-13.18,15.63],[-13.29,15.78],[-13.32,15.94],[-13.48,16.16],[-13.68,16.11],[-13.75,16.18],[-13.82,16.12],[-13.96,16.23],[-13.97,16.33],[-14.34,16.64],[-14.41,16.66],[-14.6,16.63],[-14.88,16.65],[-14.97,16.69],[-15.12,16.58],[-15.46,16.58],[-15.52,16.52],[-15.7,16.48],[-15.81,16.51],[-16.05,16.5],[-16.13,16.56],[-16.31,16.49],[-16.38,16.25],[-16.47,16.17],[-16.54,15.81],[-16.54,15.77],[-16.74,15.47],[-16.88,15.23],[-17.14,14.93],[-17.37,14.8],[-17.33,14.74],[-17.18,14.65],[-17.06,14.45],[-16.94,14.36],[-16.88,14.19],[-16.8,14.11],[-16.75,13.95],[-16.74,13.82],[-16.64,13.85],[-16.64,13.68],[-16.56,13.59],[-15.52,13.58],[-15.47,13.71],[-15.39,13.77],[-15.27,13.74],[-15.1,13.82],[-14.88,13.78],[-14.8,13.65],[-14.73,13.62],[-14.59,13.66],[-14.48,13.53],[-14.35,13.45],[-14.09,13.56],[-13.97,13.58],[-13.82,13.43],[-13.85,13.34],[-14.06,13.3],[-14.23,13.23],[-14.34,13.23],[-14.59,13.35],[-14.73,13.36],[-14.78,13.41],[-14.95,13.46],[-15.14,13.59],[-15.22,13.52],[-15.23,13.43],[-15.31,13.37],[-15.52,13.39],[-15.82,13.32],[-15.83,13.16],[-16.67,13.16],[-16.75,13.07],[-16.75,12.9],[-16.8,12.84],[-16.76,12.71],[-16.8,12.43],[-16.73,12.33],[-16.38,12.37],[-16.23,12.45],[-16.09,12.46],[-15.97,12.44],[-15.68,12.44],[-15.19,12.68],[-14.44,12.68],[-13.73,12.67],[-13.08,12.64],[-13.08,12.52],[-12.98,12.47],[-12.91,12.54],[-12.77,12.44],[-12.65,12.43],[-12.41,12.36],[-12.36,12.31],[-12.19,12.35],[-12.08,12.41],[-11.93,12.42],[-11.76,12.38],[-11.51,12.43],[-11.39,12.4],[-11.38,12.48],[-11.46,12.66],[-11.4,12.73],[-11.43,12.87],[-11.38,12.93],[-11.48,13.08],[-11.53,13.11],[-11.56,13.27],[-11.65,13.38],[-11.76,13.4],[-11.83,13.31],[-11.9,13.38],[-11.88,13.45],[-12,13.54],[-12.1,13.7],[-11.98,13.79],[-11.96,13.91],[-12.02,14.03],[-12,14.17],[-12.12,14.36],[-12.22,14.39],[-12.23,14.54],[-12.17,14.63],[-12.26,14.78]]]},"properties":{"iso_a2":"SN","name":"Senegal"}},{"type":"Feature","geometry":{"type":"Polygon","coordinates":[[[3.6,11.7],[3.51,11.56],[3.48,11.39],[3.66,11.14],[3.75,10.91],[3.73,10.83],[3.84,10.66],[3.79,10.45],[3.65,10.44],[3.57,10.29],[3.66,10.18],[3.6,9.97],[3.51,9.85],[3.32,9.78],[3.34,9.68],[3.13,9.43],[3.15,9.29],[3.08,9.1],[2.98,9.06],[2.77,9.06],[2.75,8.81],[2.72,8.77],[2.75,8.5],[2.7,8.32],[2.74,8.21],[2.67,7.89],[2.73,7.79],[2.72,7.59],[2.79,7.48],[2.74,7.41],[2.77,7.05],[2.72,6.98],[2.73,6.78],[2.78,6.7],[2.73,6.64],[2.7,6.37],[2.93,6.39],[3.08,6.38],[3.39,6.4],[3.4,6.55],[3.45,6.58],[3.54,6.46],[4.13,6.41],[4.41,6.36],[4.51,6.31],[4.72,6.16],[4.89,6.01],[5.01,5.85],[5.2,5.5],[5.34,5.34],[5.36,5.17],[5.49,4.84],[5.6,4.64],[5.78,4.46],[5.95,4.34],[6.19,4.28],[6.46,4.33],[6.85,4.35],[6.84,4.42],[7.02,4.38],[7.04,4.44],[7.18,4.5],[7.17,4.61],[7.7,4.5],[8.03,4.56],[8.3,4.55],[8.36,4.63],[8.36,4.8],[8.47,4.71],[8.54,4.72],[8.55,4.8],[8.58,4.83],[8.6,4.82],[8.59,4.82],[8.6,4.82],[8.6,4.88],[8.8,5.16],[8.89,5.62],[8.82,5.7],[8.86,5.85],[8.99,5.94],[9.14,6.09],[9.27,6.2],[9.33,6.3],[9.59,6.5],[9.69,6.53],[9.77,6.77],[9.88,6.79],[10.12,6.99],[10.24,6.87],[10.5,6.88],[10.6,7.06],[10.83,6.95],[10.88,6.82],[11,6.77],[11.06,6.7],[11.1,6.45],[11.32,6.44],[11.39,6.47],[11.42,6.57],[11.51,6.61],[11.57,6.77],[11.54,6.82],[11.62,6.93],[11.88,7.1],[11.78,7.24],[11.85,7.4],[12.03,7.6],[12.01,7.68],[12.06,7.78],[12.2,7.98],[12.19,8.12],[12.24,8.22],[12.22,8.34],[12.25,8.42],[12.4,8.5],[12.41,8.6],[12.56,8.61],[12.66,8.66],[12.71,8.75],[12.81,8.83],[12.82,9.1],[12.89,9.23],[12.86,9.38],[12.98,9.48],[13.2,9.54],[13.26,9.8],[13.21,9.87],[13.25,10.08],[13.44,10.15],[13.5,10.5],[13.57,10.68],[13.74,10.93],[13.76,11.02],[13.98,11.28],[14.17,11.24],[14.37,11.38],[14.59,11.5],[14.61,11.65],[14.55,11.72],[14.62,11.92],[14.6,12.03],[14.67,12.17],[14.55,12.24],[14.51,12.32],[14.42,12.35],[14.19,12.37],[14.18,12.55],[14.07,13.08],[13.61,13.7],[13.36,13.71],[13.27,13.64],[13.23,13.55],[13.03,13.54],[12.88,13.5],[12.83,13.41],[12.68,13.29],[12.56,13.24],[12.49,13.07],[12.33,13.08],[12.2,13.13],[12.04,13.13],[11.85,13.25],[11.74,13.29],[11.44,13.36],[10.95,13.36],[10.68,13.38],[10.16,13.27],[9.93,13.15],[9.64,12.82],[9.59,12.8],[9.38,12.83],[9.27,12.81],[8.94,12.85],[8.68,12.92],[8.53,13.07],[8.4,13.08],[8.25,13.21],[8.08,13.31],[7.82,13.35],[7.76,13.33],[7.39,13.11],[7.2,13.12],[7.09,13.01],[6.94,13],[6.78,13.13],[6.67,13.32],[6.37,13.63],[6.23,13.68],[6.12,13.65],[5.55,13.87],[5.37,13.86],[5.27,13.75],[4.93,13.73],[4.83,13.77],[4.51,13.7],[4.41,13.64],[4.25,13.49],[4.13,13.47],[4.12,13.23],[4.09,13],[3.93,12.75],[3.65,12.53],[3.65,12.27],[3.62,12.09],[3.65,11.99],[3.61,11.85],[3.67,11.76],[3.6,11.7]]]},"properties":{"iso_a2":"NG","name":"Nigeria"}},{"type":"Feature","geometry":{"type":"Polygon","coordinates":[[[3.6,11.7],[3.5,11.83],[3.29,11.92],[3.26,12.02],[2.95,12.29],[2.84,12.4],[2.7,12.34],[2.66,12.29],[2.49,12.28],[2.36,12.22],[2.41,12.05],[2.46,12.01],[2.39,11.9],[2.27,11.65],[2.15,11.56],[2.02,11.43],[1.88,11.45],[1.6,11.39],[1.57,11.45],[1.43,11.46],[1.27,11.25],[1.13,11.25],[1.03,11.05],[0.98,11.08],[0.9,10.99],[0.86,10.8],[0.78,10.69],[0.77,10.37],[1.33,10],[1.35,9.61],[1.33,9.52],[1.38,9.46],[1.43,9.28],[1.57,9.14],[1.6,9.05],[1.61,8.42],[1.63,8.27],[1.62,8],[1.63,7],[1.59,6.88],[1.6,6.75],[1.57,6.68],[1.74,6.43],[1.78,6.28],[1.62,6.21],[1.89,6.28],[2.31,6.33],[2.7,6.37],[2.73,6.64],[2.78,6.7],[2.73,6.78],[2.72,6.98],[2.77,7.05],[2.74,7.41],[2.79,7.48],[2.72,7.59],[2.73,7.79],[2.67,7.89],[2.74,8.21],[2.7,8.32],[2.75,8.5],[2.72,8.77],[2.75,8.81],[2.77,9.06],[2.98,9.06],[3.08,9.1],[3.15,9.29],[3.13,9.43],[3.34,9.68],[3.32,9.78],[3.51,9.85],[3.6,9.97],[3.66,10.18],[3.57,10.29],[3.65,10.44],[3.79,10.45],[3.84,10.66],[3.73,10.83],[3.75,10.91],[3.66,11.14],[3.48,11.39],[3.51,11.56],[3.6,11.7]]]},"properties":{"iso_a2":"BJ","name":"Benin"}},{"type":"Feature","geometry":{"type":"MultiPolygon","coordinates":[[[[13.07,-4.63],[12.9,-4.48],[12.85,-4.4],[12.76,-4.39],[12.61,-4.57],[12.38,-4.62],[12.33,-4.77],[12.19,-4.77],[12.13,-4.91],[12.01,-5.02],[12.13,-5.18],[12.23,-5.48],[12.15,-5.62],[12.21,-5.76],[12.34,-5.72],[12.51,-5.73],[12.53,-5.16],[12.44,-5.05],[12.59,-5],[12.68,-4.92],[12.83,-4.72],[13.03,-4.68],[13.07,-4.63]]],[[[23.97,-10.87],[23.83,-11.03],[23.5,-10.96],[23.37,-10.97],[23.2,-11.07],[23.01,-11.1],[22.83,-11.05],[22.73,-11.1],[22.54,-11.04],[22.44,-11.15],[22.28,-11.24],[22.17,-10.85],[22.32,-10.74],[22.31,-10.55],[22.27,-10.5],[22.31,-10.37],[22.2,-10.13],[22.16,-9.93],[22,-9.81],[21.85,-9.62],[21.79,-9.39],[21.84,-9.28],[21.86,-8.85],[21.89,-8.78],[21.94,-8.41],[21.85,-8.14],[21.76,-8.01],[21.77,-7.81],[21.85,-7.59],[21.84,-7.37],[21.79,-7.28],[20.52,-7.29],[20.52,-7.14],[20.61,-6.92],[20.33,-6.92],[20.29,-7],[19.52,-7],[19.48,-7.32],[19.51,-7.48],[19.43,-7.58],[19.36,-7.57],[19.38,-7.73],[19.33,-7.87],[19.36,-8],[18.77,-8],[18.74,-7.93],[18.52,-7.93],[18.51,-8],[18.37,-8.02],[18.18,-8],[18.1,-8.11],[17.98,-8.1],[17.9,-8.05],[17.79,-8.08],[17.54,-8.09],[17.54,-8.01],[17.43,-7.92],[17.42,-7.84],[17.22,-7.59],[17.18,-7.43],[17,-7.3],[16.93,-7.09],[16.97,-7.01],[16.93,-6.89],[16.83,-6.83],[16.73,-6.57],[16.73,-6.19],[16.6,-6.06],[16.6,-5.92],[16.52,-5.89],[16.4,-5.89],[16.32,-5.85],[15.25,-5.87],[14.7,-5.88],[14.58,-5.9],[14.02,-5.87],[13.94,-5.84],[13.64,-5.87],[13.38,-5.86],[13.34,-5.89],[13.18,-5.86],[12.99,-5.9],[12.93,-5.98],[12.74,-6.05],[12.65,-6.03],[12.5,-6.09],[12.28,-6.15],[12.4,-6.32],[12.46,-6.47],[12.62,-6.73],[12.82,-6.95],[12.85,-7.27],[12.94,-7.44],[13.12,-7.86],[13.28,-8.18],[13.37,-8.32],[13.34,-8.47],[13.41,-8.65],[13.38,-8.76],[13.29,-8.76],[13.21,-8.81],[13,-9.09],[13.17,-9.4],[13.22,-9.61],[13.2,-9.71],[13.33,-9.89],[13.32,-9.98],[13.51,-10.28],[13.52,-10.39],[13.75,-10.65],[13.74,-10.78],[13.83,-10.91],[13.85,-11.11],[13.79,-11.34],[13.78,-11.59],[13.8,-11.77],[13.77,-11.92],[13.64,-12.25],[13.51,-12.37],[13.46,-12.51],[13.36,-12.59],[13.18,-12.6],[12.94,-12.82],[12.95,-12.98],[12.76,-13.19],[12.66,-13.26],[12.63,-13.34],[12.52,-13.43],[12.5,-13.85],[12.41,-13.89],[12.33,-14.09],[12.33,-14.43],[12.3,-14.51],[12.27,-14.75],[12.21,-14.84],[12.06,-15.23],[12.03,-15.49],[11.99,-15.62],[11.91,-15.68],[11.84,-15.79],[11.75,-15.8],[11.74,-15.9],[11.81,-16.02],[11.78,-16.1],[11.82,-16.48],[11.82,-16.78],[11.79,-16.81],[11.76,-17.03],[11.77,-17.25],[12.09,-17.14],[12.24,-17.23],[12.56,-17.24],[12.82,-17.1],[12.89,-17.03],[13.17,-16.95],[13.27,-16.98],[13.36,-16.96],[13.48,-17.01],[13.53,-17.09],[13.69,-17.24],[13.88,-17.34],[13.94,-17.41],[14.1,-17.42],[14.21,-17.39],[15.31,-17.39],[16.08,-17.39],[17.11,-17.39],[18.45,-17.39],[18.55,-17.53],[18.76,-17.75],[19.02,-17.82],[19.17,-17.8],[19.42,-17.86],[19.69,-17.85],[19.95,-17.86],[20.03,-17.9],[20.34,-17.85],[20.57,-17.98],[20.74,-17.99],[20.81,-18.03],[21.09,-17.94],[21.22,-17.93],[21.38,-18.01],[22.23,-17.86],[23.38,-17.64],[23.29,-17.53],[23.21,-17.54],[23,-17.29],[22.77,-17.17],[22.71,-17.05],[22.52,-16.91],[22.33,-16.67],[22.24,-16.66],[22.15,-16.6],[22.08,-16.46],[21.98,-16.17],[21.98,-15.41],[21.98,-14.51],[21.98,-13.91],[21.98,-13],[22.85,-13],[24,-13],[23.87,-12.79],[23.94,-12.53],[24.03,-12.38],[24.02,-12.28],[23.95,-12.15],[23.97,-11.88],[23.99,-11.83],[23.96,-11.62],[24.06,-11.39],[24.01,-11.27],[24,-10.98],[23.97,-10.87]]]]},"properties":{"iso_a2":"AO","name":"Angola"}},{"type":"Feature","geometry":{"type":"MultiPolygon","coordinates":[[[[16.52,46.5],[16.34,46.55],[16.24,46.49],[16.25,46.41],[16.09,46.37],[16.04,46.31],[15.64,46.21],[15.6,46.09],[15.7,46.04],[15.67,45.83],[15.45,45.82],[15.25,45.71],[15.33,45.45],[15.14,45.43],[14.92,45.52],[14.88,45.47],[14.67,45.53],[14.56,45.66],[14.47,45.53],[14.37,45.48],[14.22,45.5],[13.97,45.46],[13.89,45.42],[13.59,45.49],[13.59,45.18],[13.64,45.07],[13.77,44.96],[13.86,44.83],[13.95,44.81],[14.07,44.99],[14.23,45.15],[14.33,45.35],[14.51,45.3],[14.83,45.11],[14.92,44.96],[14.88,44.84],[14.9,44.69],[15.31,44.35],[15.16,44.28],[15.15,44.2],[15.46,43.93],[15.93,43.68],[15.92,43.58],[16.1,43.48],[16.34,43.55],[16.63,43.45],[16.88,43.41],[17.07,43.24],[17.32,43.13],[17.58,42.94],[17.59,43.08],[17.44,43.15],[17.27,43.35],[17.24,43.48],[17.09,43.51],[16.71,43.77],[16.68,43.84],[16.4,44.06],[16.33,44.08],[16.22,44.21],[16.2,44.36],[16.12,44.52],[15.9,44.72],[15.81,44.7],[15.72,44.79],[15.78,45.16],[15.83,45.21],[16.03,45.21],[16.21,45.03],[16.34,45.01],[16.48,45.2],[16.59,45.22],[16.79,45.18],[16.92,45.29],[17.19,45.15],[17.57,45.12],[17.68,45.16],[17.84,45.06],[17.99,45.14],[18.19,45.11],[18.24,45.16],[18.47,45.07],[18.62,45.1],[18.79,45.01],[18.77,44.94],[18.89,44.86],[19.02,44.87],[19.13,44.95],[19.08,45.1],[19.29,45.24],[19.1,45.3],[18.98,45.39],[19.02,45.57],[18.85,45.82],[18.9,45.93],[18.67,45.91],[18.53,45.79],[18.41,45.74],[18.21,45.79],[17.86,45.78],[17.66,45.85],[17.59,45.94],[17.35,45.96],[17.2,46.12],[17.05,46.15],[16.89,46.29],[16.84,46.38],[16.52,46.5]]],[[[18.44,42.56],[18.22,42.63],[17.86,42.82],[17.83,42.89],[17.65,42.89],[17.24,43.02],[17.21,42.98],[17.44,42.87],[17.73,42.8],[17.81,42.81],[18.08,42.65],[18.22,42.62],[18.24,42.56],[18.5,42.42],[18.44,42.56]]],[[[17.13,42.97],[16.82,42.96],[16.85,42.9],[17.11,42.91],[17.13,42.97]]],[[[16.5,43.28],[16.81,43.27],[16.81,43.35],[16.49,43.38],[16.5,43.28]]],[[[14.51,44.66],[14.45,44.85],[14.33,44.83],[14.43,44.66],[14.51,44.66]]],[[[14.72,44.94],[14.82,44.98],[14.67,45.09],[14.67,45.16],[14.43,45.09],[14.72,44.94]]]]},"properties":{"iso_a2":"HR","name":"Croatia"}},{"type":"Feature","geometry":{"type":"Polygon","coordinates":[[[13.59,45.49],[13.89,45.42],[13.97,45.46],[14.22,45.5],[14.37,45.48],[14.47,45.53],[14.56,45.66],[14.67,45.53],[14.88,45.47],[14.92,45.52],[15.14,45.43],[15.33,45.45],[15.25,45.71],[15.45,45.82],[15.67,45.83],[15.7,46.04],[15.6,46.09],[15.64,46.21],[16.04,46.31],[16.09,46.37],[16.25,46.41],[16.24,46.49],[16.34,46.55],[16.52,46.5],[16.37,46.64],[16.27,46.86],[16.09,46.86],[15.99,46.83],[15.98,46.72],[15.65,46.71],[15.46,46.62],[15.39,46.65],[15.06,46.65],[14.85,46.6],[14.8,46.52],[14.5,46.42],[14.15,46.44],[14.05,46.48],[13.7,46.52],[13.37,46.29],[13.41,46.21],[13.64,46.18],[13.51,46.07],[13.51,45.97],[13.62,45.97],[13.58,45.81],[13.78,45.74],[13.86,45.65],[13.85,45.59],[13.71,45.59],[13.59,45.49]]]},"properties":{"iso_a2":"SI","name":"Slovenia"}},{"type":"Feature","geometry":{"type":"Polygon","coordinates":[[[50.81,24.75],[50.88,24.64],[50.98,24.57],[51.1,24.56],[51.22,24.63],[51.38,24.64],[51.44,24.68],[51.5,24.86],[51.59,24.95],[51.62,25.14],[51.59,25.28],[51.51,25.31],[51.52,25.43],[51.47,25.52],[51.55,25.63],[51.58,25.88],[51.51,25.95],[51.4,25.95],[51.35,26.11],[51.25,26.16],[51.03,26.03],[50.89,25.67],[50.78,25.53],[50.75,25.42],[50.78,25.09],[50.85,24.89],[50.81,24.75]]]},"properties":{"iso_a2":"QA","name":"Qatar"}},{"type":"Feature","geometry":{"type":"MultiPolygon","coordinates":[[[[50.81,24.75],[50.74,24.78],[50.73,24.88],[50.56,25.06],[50.53,25.29],[50.47,25.44],[50.35,25.48],[50.23,25.62],[50.22,25.72],[50.12,25.87],[50.1,25.99],[49.99,26.06],[49.98,26.14],[50.16,26.1],[50.22,26.22],[50.19,26.4],[50.03,26.5],[50.01,26.65],[50.07,26.73],[50,26.82],[49.7,26.96],[49.57,27.1],[49.57,27.18],[49.34,27.19],[49.24,27.55],[49.09,27.55],[48.98,27.62],[48.87,27.61],[48.79,27.75],[48.88,27.84],[48.61,28.13],[48.62,28.22],[48.54,28.3],[48.5,28.5],[48.43,28.54],[47.67,28.53],[47.6,28.61],[47.49,28.9],[47.43,29],[46.53,29.1],[46.36,29.06],[45.74,29.11],[44.72,29.19],[44.69,29.2],[43.78,29.85],[42.86,30.5],[42.08,31.08],[41.46,31.39],[40.42,31.92],[40.03,31.99],[39.15,32.12],[38.96,31.99],[37.95,31.74],[36.96,31.49],[37.48,31.01],[37.98,30.5],[37.64,30.31],[37.47,30],[36.76,29.87],[36.71,29.83],[36.48,29.5],[36.07,29.2],[36.02,29.19],[34.95,29.35],[34.85,29.05],[34.84,28.82],[34.78,28.67],[34.8,28.53],[34.67,28.28],[34.71,28.14],[34.77,28.09],[34.93,28.09],[35.05,28.12],[35.21,28.06],[35.18,28],[35.32,27.88],[35.49,27.63],[35.52,27.52],[35.64,27.36],[35.81,27.19],[35.83,27.09],[35.98,26.95],[36.1,26.75],[36.23,26.63],[36.38,26.34],[36.54,26.08],[36.67,26.05],[36.71,25.94],[36.66,25.86],[36.7,25.78],[36.82,25.76],[36.92,25.66],[37.1,25.32],[37.23,25.19],[37.28,24.96],[37.23,24.74],[37.46,24.44],[37.43,24.37],[37.52,24.27],[37.68,24.29],[37.87,24.15],[38.08,24.07],[38.19,23.98],[38.37,23.87],[38.45,23.78],[38.49,23.65],[38.63,23.51],[38.71,23.24],[38.81,23.09],[38.81,22.98],[38.89,22.97],[38.97,22.87],[38.96,22.78],[39.08,22.55],[39.08,22.44],[39.14,22.39],[39.04,22.24],[38.98,21.86],[39.09,21.66],[39.09,21.58],[39.16,21.51],[39.17,21.4],[39.08,21.32],[39.17,21.19],[39.3,20.93],[39.41,20.83],[39.65,20.46],[39.76,20.35],[39.92,20.26],[40.07,20.29],[40.27,20.13],[40.52,19.97],[40.63,19.79],[40.73,19.79],[40.79,19.71],[40.78,19.6],[40.95,19.51],[40.96,19.34],[41.01,19.3],[41.07,19.13],[41.18,19.07],[41.14,18.96],[41.25,18.83],[41.21,18.7],[41.27,18.6],[41.36,18.57],[41.44,18.46],[41.45,18.36],[41.59,18.1],[41.72,17.91],[41.87,17.82],[42.09,17.65],[42.3,17.45],[42.36,17.11],[42.55,16.99],[42.54,16.88],[42.71,16.74],[42.73,16.57],[42.79,16.47],[42.79,16.37],[42.92,16.48],[43.04,16.54],[43.09,16.67],[43.16,16.66],[43.21,16.77],[43.11,16.91],[43.12,17.09],[43.17,17.33],[43.39,17.51],[43.5,17.51],[43.62,17.46],[43.75,17.35],[44.1,17.35],[44.4,17.42],[44.56,17.4],[44.65,17.43],[45.17,17.43],[45.43,17.31],[46.32,17.22],[46.71,17.27],[46.75,17.26],[46.97,16.96],[47.19,16.96],[47.43,17.09],[47.59,17.46],[48.16,18.15],[49.04,18.58],[49.13,18.61],[50.38,18.78],[51.18,18.89],[51.98,19],[52.95,19.32],[53.63,19.55],[54.32,19.77],[54.98,20],[55.2,20.65],[55.46,21.44],[55.64,21.98],[55.63,22.02],[55.19,22.7],[55.11,22.62],[54,22.76],[52.58,22.93],[52.54,22.96],[52.07,23.51],[51.59,24.08],[51.57,24.26],[51.41,24.32],[51.28,24.3],[51.3,24.52],[51.22,24.63],[51.1,24.56],[50.98,24.57],[50.88,24.64],[50.81,24.75]]],[[[42.19,16.71],[42.05,16.81],[41.98,16.66],[42.19,16.71]]],[[[41.92,16.79],[41.95,16.94],[41.84,16.89],[41.92,16.79]]]]},"properties":{"iso_a2":"SA","name":"Saudi Arabia"}},{"type":"Feature","geometry":{"type":"Polygon","coordinates":[[[25.26,-17.79],[25.15,-17.78],[25.06,-17.83],[24.96,-17.8],[24.73,-17.9],[24.58,-18.04],[24.51,-18.06],[24.42,-17.96],[24.3,-18.03],[24.18,-18.03],[23.86,-18.28],[23.72,-18.42],[23.58,-18.47],[23.5,-18.24],[23.36,-18.12],[23.31,-18],[22.98,-18.02],[22.47,-18.11],[21.48,-18.3],[20.98,-18.32],[20.98,-19],[20.98,-19.75],[20.98,-21],[20.99,-21.96],[20.97,-22],[19.98,-22],[19.98,-22.69],[19.98,-23.55],[19.98,-24.75],[20.11,-24.88],[20.36,-25.03],[20.54,-25.38],[20.59,-25.4],[20.66,-25.56],[20.64,-25.61],[20.79,-25.89],[20.8,-26.07],[20.84,-26.13],[20.75,-26.28],[20.62,-26.43],[20.61,-26.55],[20.63,-26.79],[20.69,-26.88],[20.85,-26.81],[21.12,-26.86],[21.38,-26.82],[21.69,-26.85],[21.76,-26.8],[21.78,-26.68],[21.94,-26.66],[22.06,-26.62],[22.26,-26.34],[22.34,-26.32],[22.45,-26.21],[22.55,-26.21],[22.72,-25.98],[22.75,-25.75],[22.8,-25.69],[22.85,-25.48],[23.01,-25.31],[23.07,-25.33],[23.27,-25.26],[23.45,-25.28],[23.69,-25.45],[23.74,-25.47],[23.93,-25.63],[24.23,-25.65],[24.34,-25.75],[24.46,-25.74],[24.63,-25.82],[24.8,-25.83],[25.05,-25.74],[25.18,-25.76],[25.39,-25.74],[25.59,-25.62],[25.7,-25.31],[25.84,-25.02],[25.88,-24.89],[25.87,-24.75],[26.28,-24.63],[26.4,-24.63],[26.51,-24.49],[26.71,-24.32],[26.85,-24.25],[26.87,-24.12],[27,-23.65],[27.28,-23.46],[27.35,-23.39],[27.56,-23.34],[27.61,-23.22],[27.7,-23.19],[27.9,-23.08],[27.94,-22.96],[28.02,-22.93],[28.2,-22.67],[28.34,-22.58],[28.62,-22.56],[28.91,-22.45],[28.96,-22.31],[29.05,-22.22],[29.22,-22.18],[29.35,-22.19],[29.24,-22.07],[29.07,-22.05],[29.02,-21.98],[29.04,-21.8],[28.86,-21.76],[28.63,-21.65],[28.47,-21.66],[28.29,-21.6],[28.03,-21.58],[27.89,-21.31],[27.68,-21.09],[27.68,-20.87],[27.71,-20.76],[27.68,-20.64],[27.7,-20.51],[27.59,-20.47],[27.31,-20.48],[27.27,-20.23],[27.22,-20.11],[27.03,-20.01],[26.73,-19.94],[26.6,-19.86],[26.51,-19.76],[26.31,-19.65],[26.29,-19.57],[26.13,-19.5],[26.03,-19.24],[25.96,-19.12],[25.94,-18.92],[25.82,-18.81],[25.76,-18.63],[25.67,-18.57],[25.51,-18.4],[25.39,-18.14],[25.3,-18.07],[25.23,-17.93],[25.26,-17.79]]]},"properties":{"iso_a2":"BW","name":"Botswana"}},{"type":"Feature","geometry":{"type":"Polygon","coordinates":[[[25.26,-17.79],[25.23,-17.93],[25.3,-18.07],[25.39,-18.14],[25.51,-18.4],[25.67,-18.57],[25.76,-18.63],[25.82,-18.81],[25.94,-18.92],[25.96,-19.12],[26.03,-19.24],[26.13,-19.5],[26.29,-19.57],[26.31,-19.65],[26.51,-19.76],[26.6,-19.86],[26.73,-19.94],[27.03,-20.01],[27.22,-20.11],[27.27,-20.23],[27.31,-20.48],[27.59,-20.47],[27.7,-20.51],[27.68,-20.64],[27.71,-20.76],[27.68,-20.87],[27.68,-21.09],[27.89,-21.31],[28.03,-21.58],[28.29,-21.6],[28.47,-21.66],[28.63,-21.65],[28.86,-21.76],[29.04,-21.8],[29.02,-21.98],[29.07,-22.05],[29.24,-22.07],[29.35,-22.19],[29.66,-22.13],[29.78,-22.14],[30.14,-22.29],[30.3,-22.34],[30.51,-22.31],[30.63,-22.33],[30.84,-22.28],[31.11,-22.33],[31.15,-22.32],[31.29,-22.4],[31.43,-22.3],[31.8,-21.92],[32.41,-21.29],[32.34,-21.13],[32.47,-20.98],[32.5,-20.9],[32.47,-20.69],[32.51,-20.56],[32.65,-20.56],[32.85,-20.29],[32.89,-20.1],[33,-20],[33.03,-19.78],[32.82,-19.65],[32.83,-19.48],[32.77,-19.36],[32.83,-19.28],[32.86,-19.12],[32.82,-19.03],[32.69,-19.01],[32.69,-18.83],[32.89,-18.79],[32.92,-18.73],[32.87,-18.55],[32.98,-18.48],[33.03,-18.33],[32.97,-18.28],[32.94,-18.05],[32.96,-17.82],[33,-17.79],[33.03,-17.62],[32.95,-17.54],[33.02,-17.38],[32.95,-17.17],[32.83,-16.94],[32.93,-16.82],[32.91,-16.71],[32.7,-16.69],[32.67,-16.6],[32.29,-16.45],[31.91,-16.43],[31.87,-16.35],[31.69,-16.21],[31.41,-16.16],[31.28,-16.03],[31.11,-16],[30.97,-16.06],[30.86,-16],[30.4,-16],[30.4,-15.64],[30.01,-15.65],[29.84,-15.61],[29.65,-15.67],[29.56,-15.66],[29.19,-15.81],[29.06,-15.93],[28.93,-15.96],[28.87,-16.09],[28.84,-16.28],[28.86,-16.39],[28.73,-16.56],[28.64,-16.57],[28.28,-16.71],[28.11,-16.83],[27.87,-16.93],[27.78,-17],[27.64,-17.2],[27.58,-17.36],[27.16,-17.77],[27.15,-17.84],[27.05,-17.94],[26.75,-18.03],[26.71,-18.07],[26.41,-17.94],[26.2,-17.89],[25.98,-18],[25.86,-17.97],[25.85,-17.91],[25.68,-17.81],[25.5,-17.85],[25.32,-17.83],[25.26,-17.79]]]},"properties":{"iso_a2":"ZW","name":"Zimbabwe"}},{"type":"Feature","geometry":{"type":"Polygon","coordinates":[[[76.78,35.65],[76.57,35.75],[76.57,35.87],[76.43,35.86],[76.31,35.81],[76.17,35.81],[76.11,35.94],[75.95,36.01],[75.9,36.11],[76.01,36.23],[75.97,36.3],[75.98,36.46],[75.88,36.62],[75.79,36.69],[75.57,36.77],[75.41,36.75],[75.35,36.92],[75.1,36.99],[74.94,36.98],[74.68,37.05],[74.54,37.02],[74.39,36.99],[74.09,36.83],[73.64,36.9],[73.19,36.88],[72.87,36.83],[72.57,36.82],[72.45,36.76],[72.21,36.73],[72.17,36.65],[72.05,36.62],[71.86,36.49],[71.63,36.46],[71.4,36.23],[71.22,36.13],[71.17,36.03],[71.34,35.95],[71.52,35.68],[71.48,35.63],[71.59,35.55],[71.62,35.43],[71.53,35.3],[71.63,35.2],[71.51,35.07],[71.46,34.94],[71.29,34.88],[71.2,34.75],[71.08,34.67],[71.07,34.56],[70.97,34.47],[71.12,34.36],[71.11,34.17],[71.06,34.05],[70.86,33.97],[70.52,33.94],[70.33,33.96],[70,34.04],[69.89,34.03],[69.84,33.94],[69.96,33.75],[70.12,33.72],[70.17,33.64],[70.15,33.53],[70.29,33.38],[70.29,33.32],[70.13,33.2],[69.88,33.09],[69.77,33.12],[69.55,33.08],[69.47,32.99],[69.48,32.86],[69.38,32.77],[69.43,32.67],[69.28,32.53],[69.23,32.42],[69.27,32.3],[69.25,32.13],[69.3,31.94],[69.11,31.74],[69,31.65],[68.78,31.62],[68.68,31.78],[68.53,31.82],[68.36,31.76],[68.13,31.81],[68.05,31.69],[67.87,31.64],[67.73,31.53],[67.57,31.53],[67.6,31.43],[67.77,31.4],[67.75,31.33],[67.35,31.21],[67.02,31.24],[66.94,31.32],[66.7,31.2],[66.66,31.08],[66.55,30.98],[66.37,30.92],[66.27,30.6],[66.32,30.44],[66.3,30.23],[66.22,30.06],[66.34,29.96],[66.2,29.84],[65.04,29.54],[64.82,29.57],[64.48,29.57],[64.17,29.48],[64.09,29.39],[63.97,29.43],[63.57,29.5],[62.48,29.41],[62.37,29.43],[61.2,29.76],[60.84,29.86],[61.28,29.41],[61.34,29.37],[61.34,29.26],[61.49,29.08],[61.57,28.87],[61.65,28.76],[61.89,28.54],[62.05,28.49],[62.36,28.42],[62.58,28.23],[62.74,28.26],[62.77,28.21],[62.74,28],[62.78,27.83],[62.82,27.5],[62.76,27.35],[62.79,27.23],[62.89,27.21],[63.17,27.26],[63.26,27.21],[63.32,27.12],[63.23,27.07],[63.27,26.89],[63.18,26.83],[63.17,26.69],[63.11,26.64],[62.75,26.64],[62.6,26.58],[62.43,26.57],[62.3,26.51],[62.24,26.35],[61.86,26.24],[61.81,26.17],[61.76,25.84],[61.66,25.77],[61.62,25.29],[61.59,25.2],[61.69,25.2],[61.85,25.04],[61.88,25.1],[62.08,25.1],[62.08,25.2],[62.25,25.21],[62.37,25.18],[62.48,25.26],[62.77,25.26],[63.03,25.22],[63.18,25.26],[63.5,25.19],[63.49,25.28],[63.57,25.37],[63.81,25.38],[63.94,25.34],[64.07,25.35],[64.36,25.28],[64.52,25.28],[64.66,25.23],[64.74,25.32],[64.89,25.33],[65.14,25.3],[65.23,25.37],[65.36,25.39],[65.67,25.35],[65.86,25.42],[66.25,25.47],[66.44,25.6],[66.59,25.43],[66.55,25.37],[66.72,25.23],[66.68,24.83],[66.88,24.85],[66.94,24.81],[67.14,24.8],[67.15,24.64],[67.25,24.47],[67.3,24.19],[67.35,24.07],[67.44,24.07],[67.52,23.91],[67.69,23.79],[67.83,23.81],[67.86,23.87],[68.01,23.77],[68.18,23.84],[68.25,23.91],[68.43,23.97],[68.72,23.97],[68.73,24.29],[68.9,24.32],[69.17,24.25],[69.28,24.28],[69.56,24.28],[69.67,24.19],[69.77,24.16],[69.97,24.17],[70.05,24.2],[70.11,24.31],[70.52,24.43],[70.56,24.29],[70.76,24.23],[70.92,24.36],[71,24.36],[70.96,24.59],[71.06,24.68],[70.89,25],[70.86,25.14],[70.72,25.29],[70.65,25.43],[70.66,25.63],[70.59,25.71],[70.48,25.68],[70.27,25.7],[70.08,25.93],[70.08,26.1],[70.13,26.18],[70.16,26.53],[70.06,26.59],[69.82,26.58],[69.66,26.68],[69.5,26.74],[69.47,26.81],[69.51,27.05],[69.58,27.19],[69.85,27.41],[70.02,27.6],[70.09,27.79],[70.34,28.01],[70.46,28.04],[70.63,27.93],[70.71,27.74],[70.83,27.7],[71.15,27.82],[71.31,27.86],[71.56,27.87],[71.86,27.95],[71.91,28.14],[72.15,28.35],[72.26,28.65],[72.38,28.78],[72.9,29.02],[73.05,29.23],[73.23,29.54],[73.37,29.93],[73.56,30.01],[73.74,30.05],[73.94,30.19],[73.85,30.37],[73.94,30.43],[74.06,30.59],[74.16,30.67],[74.33,30.9],[74.52,30.96],[74.63,31.11],[74.51,31.18],[74.53,31.3],[74.61,31.44],[74.56,31.61],[74.49,31.71],[74.57,31.84],[74.83,32.03],[74.96,32.03],[75.3,32.15],[75.33,32.31],[75.02,32.47],[74.91,32.45],[74.72,32.46],[74.63,32.59],[74.66,32.74],[74.33,32.78],[74.32,32.97],[74.15,33.04],[74,33.18],[74,33.27],[74.1,33.33],[74.16,33.49],[74.14,33.55],[73.98,33.65],[73.97,33.74],[74.04,33.83],[74.14,33.84],[74.26,33.93],[74.23,34.01],[73.95,34.01],[73.88,34.08],[74,34.2],[73.94,34.3],[73.78,34.37],[73.93,34.57],[73.96,34.67],[74.12,34.69],[74.29,34.77],[74.41,34.76],[74.67,34.69],[75.02,34.63],[75.21,34.65],[75.35,34.56],[75.61,34.5],[75.8,34.51],[76.02,34.68],[76.26,34.69],[76.4,34.75],[76.55,34.73],[76.74,34.82],[76.78,34.93],[76.92,34.92],[77.01,34.99],[77.05,35.11],[76.78,35.65]]]},"properties":{"iso_a2":"PK","name":"Pakistan"}},{"type":"Feature","geometry":{"type":"Polygon","coordinates":[[[26.33,41.71],[26.38,41.82],[26.53,41.82],[26.62,41.97],[26.94,42],[27.02,42.07],[27.33,42.06],[27.53,41.91],[27.81,41.99],[28.02,41.97],[27.99,42.07],[27.75,42.28],[27.69,42.43],[27.47,42.46],[27.51,42.55],[27.73,42.72],[27.89,42.71],[27.89,43.01],[27.94,43.16],[28.09,43.36],[28.16,43.41],[28.37,43.42],[28.46,43.38],[28.56,43.45],[28.6,43.55],[28.58,43.74],[28.22,43.76],[27.98,43.85],[27.94,43.96],[27.72,43.95],[27.66,44.02],[27.38,44.02],[27.25,44.12],[27.03,44.18],[26.61,44.09],[26.31,44.05],[26.12,44],[25.78,43.73],[25.56,43.67],[25.36,43.65],[25.25,43.71],[24.96,43.75],[24.75,43.74],[24.5,43.8],[24.36,43.76],[24.16,43.75],[23.33,43.89],[22.92,43.83],[22.85,43.9],[22.89,44],[23.02,44.03],[22.91,44.12],[22.69,44.23],[22.61,44.18],[22.59,44.06],[22.41,44.01],[22.35,43.81],[22.47,43.64],[22.52,43.47],[22.81,43.33],[22.96,43.11],[22.73,42.89],[22.51,42.87],[22.43,42.57],[22.53,42.51],[22.51,42.41],[22.35,42.31],[22.51,42.15],[22.62,42.08],[22.84,42.01],[22.88,41.88],[23.01,41.72],[22.93,41.6],[22.92,41.34],[23.12,41.31],[23.29,41.4],[23.61,41.37],[24.05,41.53],[24.25,41.56],[24.3,41.52],[24.53,41.55],[24.58,41.44],[24.89,41.4],[25.29,41.24],[25.55,41.32],[25.88,41.3],[26.12,41.36],[26.17,41.45],[26.15,41.55],[26.05,41.69],[26.23,41.75],[26.33,41.71]]]},"properties":{"iso_a2":"BG","name":"Bulgaria"}},{"type":"Feature","geometry":{"type":"MultiPolygon","coordinates":[[[[102.91,11.65],[102.91,11.77],[102.7,12.14],[102.72,12.34],[102.77,12.42],[102.59,12.61],[102.5,12.65],[102.51,12.78],[102.47,12.93],[102.49,12.99],[102.38,13.14],[102.33,13.28],[102.33,13.57],[102.51,13.57],[102.57,13.69],[102.7,13.76],[102.75,13.9],[102.87,14.02],[102.93,14.2],[103.09,14.3],[103.27,14.35],[103.46,14.37],[103.55,14.42],[103.87,14.34],[104,14.35],[104.25,14.4],[104.46,14.36],[104.6,14.41],[104.77,14.44],[104.97,14.38],[104.98,14.3],[105.1,14.23],[105.18,14.35],[105.42,14.43],[105.51,14.56],[105.49,14.79],[105.53,14.93],[105.58,14.98],[105.44,15.13],[105.56,15.27],[105.49,15.38],[105.6,15.44],[105.65,15.64],[105.57,15.75],[105.45,15.77],[105.36,15.92],[105.41,16.02],[105.08,16.11],[105.03,16.26],[104.91,16.35],[104.87,16.44],[104.76,16.53],[104.78,16.69],[104.75,17.02],[104.81,17.17],[104.82,17.37],[104.72,17.52],[104.48,17.64],[104.35,17.82],[104.27,17.87],[104.21,18.01],[104.11,18.11],[104.02,18.3],[103.88,18.28],[103.61,18.4],[103.4,18.44],[103.26,18.4],[103.14,18.17],[103.07,18.13],[103.07,18.04],[102.94,18.01],[102.69,17.87],[102.57,17.97],[102.41,17.99],[102.31,18.05],[102.15,18.21],[102.08,18.21],[101.9,18.04],[101.77,18.06],[101.73,17.91],[101.64,17.9],[101.56,17.79],[101.46,17.75],[101.25,17.59],[101.13,17.46],[100.89,17.6],[100.96,17.73],[101.01,17.9],[101.17,18.05],[101.13,18.25],[101.15,18.34],[101.03,18.43],[101.24,18.66],[101.21,18.75],[101.23,18.89],[101.32,19.05],[101.23,19.14],[101.17,19.38],[101.26,19.52],[100.88,19.61],[100.73,19.51],[100.63,19.54],[100.57,19.5],[100.46,19.54],[100.38,19.76],[100.47,19.86],[100.54,20.07],[100.36,20.37],[100.27,20.39],[100.1,20.32],[99.94,20.44],[99.84,20.42],[99.8,20.35],[99.67,20.31],[99.48,20.3],[99.53,20.2],[99.44,20.1],[99.3,20.06],[99.12,20.12],[99.02,20.04],[98.99,19.8],[98.88,19.75],[98.81,19.81],[98.53,19.68],[98.31,19.69],[98.11,19.78],[98.02,19.79],[98.01,19.64],[97.84,19.56],[97.85,19.49],[97.77,19.4],[97.81,19.3],[97.81,19.11],[97.66,18.93],[97.72,18.86],[97.76,18.62],[97.44,18.49],[97.45,18.33],[97.56,18.33],[97.68,18.15],[97.75,17.98],[97.69,17.88],[97.77,17.68],[97.99,17.5],[98.1,17.3],[98.22,17.2],[98.31,17.05],[98.45,17],[98.51,16.89],[98.46,16.72],[98.55,16.62],[98.63,16.46],[98.68,16.27],[98.84,16.44],[98.9,16.38],[98.88,16.26],[98.8,16.1],[98.66,16.12],[98.58,15.98],[98.54,15.74],[98.56,15.36],[98.4,15.36],[98.39,15.26],[98.28,15.29],[98.16,15.11],[98.24,14.81],[98.42,14.61],[98.55,14.38],[98.75,14.2],[98.95,14.07],[99.09,13.86],[99.15,13.72],[99.15,13.58],[99.19,13.43],[99.17,13.2],[99.1,13.17],[99.09,13.04],[99.15,13],[99.18,12.83],[99.22,12.72],[99.39,12.59],[99.39,12.47],[99.47,12.19],[99.55,12.13],[99.52,12.03],[99.57,11.98],[99.56,11.87],[99.63,11.82],[99.53,11.63],[99.44,11.6],[99.43,11.5],[99.24,11.2],[99.21,11.11],[98.98,10.92],[98.98,10.83],[98.89,10.81],[98.77,10.69],[98.79,10.52],[98.75,10.35],[98.72,10.23],[98.6,9.99],[98.59,9.9],[98.51,9.84],[98.54,9.71],[98.46,9.6],[98.38,9.32],[98.33,9.2],[98.38,9.07],[98.22,8.74],[98.24,8.65],[98.2,8.53],[98.28,8.23],[98.39,8.14],[98.46,8.22],[98.45,8.32],[98.6,8.38],[98.7,8.3],[98.74,8.22],[98.75,8.07],[98.84,8],[98.91,8.05],[99.06,7.85],[99.03,7.72],[99.14,7.74],[99.29,7.62],[99.39,7.31],[99.53,7.31],[99.58,7.16],[99.69,7.12],[99.69,6.88],[99.8,6.82],[99.96,6.66],[100,6.57],[100.13,6.44],[100.17,6.57],[100.16,6.68],[100.28,6.69],[100.35,6.54],[100.65,6.45],[100.71,6.49],[100.81,6.42],[100.82,6.26],[100.97,6.27],[101.08,6.25],[101.05,6.14],[101.09,6.09],[101.07,5.92],[101.02,5.9],[100.97,5.78],[101.11,5.64],[101.2,5.67],[101.25,5.79],[101.54,5.91],[101.65,5.78],[101.8,5.74],[101.91,5.86],[101.96,6.01],[102.06,6.1],[102.07,6.26],[101.77,6.5],[101.57,6.83],[101.39,6.91],[101.24,6.9],[101.19,6.86],[101,6.86],[100.85,6.96],[100.77,6.98],[100.61,7.19],[100.5,7.14],[100.42,7.17],[100.37,7.33],[100.28,7.36],[100.19,7.51],[100.14,7.7],[100.21,7.78],[100.31,7.76],[100.32,7.62],[100.44,7.48],[100.3,8.12],[100.27,8.32],[100.1,8.43],[99.96,8.64],[99.92,9.1],[99.85,9.3],[99.69,9.32],[99.52,9.27],[99.48,9.2],[99.26,9.23],[99.24,9.34],[99.29,9.39],[99.18,9.64],[99.15,9.77],[99.17,9.87],[99.16,10.13],[99.2,10.21],[99.16,10.37],[99.29,10.36],[99.25,10.54],[99.38,10.69],[99.49,10.97],[99.52,11.17],[99.59,11.2],[99.57,11.33],[99.64,11.52],[99.81,11.83],[99.86,11.97],[99.96,12.07],[100.01,12.23],[100.01,12.38],[99.96,12.63],[99.97,12.75],[100.1,13.06],[100.07,13.15],[99.97,13.26],[100.04,13.4],[100.29,13.51],[100.34,13.48],[100.68,13.51],[100.95,13.47],[100.98,13.36],[100.91,13.29],[100.95,13.2],[100.88,13.1],[100.93,13],[100.87,12.91],[100.92,12.83],[100.84,12.71],[100.93,12.62],[101.09,12.68],[101.44,12.63],[101.64,12.65],[101.69,12.7],[101.83,12.67],[101.96,12.54],[102.07,12.49],[102.23,12.32],[102.29,12.19],[102.47,12.15],[102.57,12.09],[102.63,12.15],[102.75,12.04],[102.78,11.9],[102.91,11.74],[102.91,11.65]]],[[[98.42,7.9],[98.44,8.07],[98.29,8.11],[98.25,7.93],[98.29,7.79],[98.4,7.82],[98.42,7.9]]],[[[100.07,9.59],[99.93,9.57],[99.96,9.42],[100.06,9.46],[100.07,9.59]]]]},"properties":{"iso_a2":"TH","name":"Thailand"}},{"type":"Feature","geometry":{"type":"Polygon","coordinates":[[[12.43,43.89],[12.49,43.94],[12.42,43.97],[12.39,43.93],[12.43,43.89]]]},"properties":{"iso_a2":"SM","name":"San Marino"}},{"type":"Feature","geometry":{"type":"MultiPolygon","coordinates":[[[[-71.76,19.71],[-71.97,19.73],[-72.02,19.7],[-72.2,19.78],[-72.31,19.75],[-72.78,19.94],[-73.06,19.91],[-73.17,19.94],[-73.43,19.78],[-73.46,19.67],[-73.38,19.63],[-73.13,19.63],[-73,19.6],[-72.81,19.51],[-72.77,19.39],[-72.8,19.23],[-72.72,19.1],[-72.81,19.05],[-72.62,18.89],[-72.55,18.79],[-72.32,18.67],[-72.35,18.53],[-72.63,18.55],[-72.75,18.43],[-72.99,18.47],[-73.53,18.52],[-73.6,18.5],[-74.03,18.6],[-74.16,18.66],[-74.28,18.67],[-74.43,18.61],[-74.49,18.43],[-74.45,18.35],[-74.33,18.29],[-74.18,18.29],[-74.01,18.18],[-73.87,18.03],[-73.81,18.16],[-73.65,18.25],[-73.58,18.22],[-73.38,18.26],[-72.89,18.14],[-72.44,18.22],[-72.07,18.24],[-71.93,18.18],[-71.78,18.04],[-71.78,18.18],[-71.71,18.31],[-71.91,18.43],[-71.91,18.49],[-72,18.58],[-71.84,18.62],[-71.72,18.77],[-71.78,19],[-71.66,19.12],[-71.64,19.21],[-71.78,19.33],[-71.7,19.42],[-71.76,19.71]]],[[[-73.26,18.88],[-73.04,18.76],[-72.81,18.72],[-72.85,18.83],[-73.2,18.97],[-73.26,18.88]]]]},"properties":{"iso_a2":"HT","name":"Haiti"}},{"type":"Feature","geometry":{"type":"Polygon","coordinates":[[[-71.76,19.71],[-71.7,19.42],[-71.78,19.33],[-71.64,19.21],[-71.66,19.12],[-71.78,19],[-71.72,18.77],[-71.84,18.62],[-72,18.58],[-71.91,18.49],[-71.91,18.43],[-71.71,18.31],[-71.78,18.18],[-71.78,18.04],[-71.67,17.97],[-71.63,17.82],[-71.51,17.74],[-71.42,17.61],[-71.31,17.82],[-71.2,17.91],[-71.06,18.14],[-71.1,18.24],[-71.05,18.31],[-70.93,18.26],[-70.85,18.34],[-70.76,18.35],[-70.7,18.43],[-70.58,18.39],[-70.55,18.2],[-70.4,18.24],[-70.17,18.23],[-70.02,18.41],[-69.88,18.47],[-69.6,18.46],[-69.53,18.41],[-69.24,18.45],[-69.08,18.4],[-68.92,18.41],[-68.85,18.38],[-68.74,18.2],[-68.66,18.21],[-68.57,18.38],[-68.47,18.35],[-68.33,18.58],[-68.36,18.66],[-68.58,18.81],[-68.74,18.96],[-68.98,19.03],[-69.06,18.99],[-69.36,19.05],[-69.42,19.11],[-69.61,19.09],[-69.6,19.23],[-69.25,19.18],[-69.16,19.29],[-69.34,19.29],[-69.54,19.34],[-69.73,19.29],[-69.87,19.43],[-69.9,19.64],[-70.04,19.68],[-70.13,19.62],[-70.34,19.68],[-70.43,19.77],[-70.62,19.77],[-70.83,19.9],[-71,19.94],[-71.21,19.84],[-71.36,19.85],[-71.5,19.91],[-71.61,19.9],[-71.74,19.82],[-71.76,19.71]]]},"properties":{"iso_a2":"DO","name":"Dominican Republic"}},{"type":"Feature","geometry":{"type":"Polygon","coordinates":[[[14.07,13.08],[14.42,13.08],[14.51,12.97],[14.49,12.89],[14.55,12.78],[14.69,12.72],[14.82,12.64],[14.91,12.33],[14.9,12.15],[15.05,12.09],[15.04,11.88],[15.11,11.78],[15.07,11.7],[15.14,11.53],[15.08,11.45],[15.02,11.18],[15.04,11],[15.08,10.9],[15.07,10.79],[15.15,10.62],[15.14,10.52],[15.22,10.49],[15.3,10.31],[15.54,10.08],[15.68,9.99],[15.38,9.93],[15.22,9.98],[15.06,9.95],[14.9,9.96],[14.73,9.92],[14.44,9.99],[14.18,9.98],[14.12,9.85],[13.95,9.64],[14.04,9.57],[14.32,9.24],[14.35,9.17],[14.79,8.81],[14.84,8.81],[15.03,8.66],[15.18,8.48],[15.35,8.14],[15.44,7.84],[15.56,7.79],[15.55,7.63],[15.48,7.52],[15.67,7.52],[15.79,7.46],[15.93,7.49],[16.03,7.58],[16.37,7.67],[16.39,7.76],[16.48,7.84],[16.61,7.76],[16.63,7.67],[16.77,7.55],[16.86,7.62],[17.1,7.68],[17.25,7.82],[17.47,7.88],[17.5,7.93],[17.68,7.99],[17.9,7.97],[18.07,8.02],[18.51,8.03],[18.59,8.05],[18.67,8.21],[18.79,8.26],[19.12,8.68],[18.93,8.8],[18.89,8.9],[19.1,9.02],[19.26,9.03],[19.35,9],[19.64,9.01],[19.89,9.05],[20.07,9.14],[20.26,9.12],[20.43,9.14],[20.5,9.27],[20.76,9.38],[21,9.65],[21.13,9.85],[21.27,9.99],[21.37,9.97],[21.49,10.16],[21.55,10.22],[21.66,10.23],[21.72,10.3],[21.75,10.41],[21.71,10.57],[21.72,10.64],[22,10.74],[22.05,10.84],[22.18,10.82],[22.25,10.92],[22.46,11],[22.72,10.97],[22.86,10.92],[22.96,11.21],[22.92,11.4],[22.78,11.4],[22.74,11.47],[22.63,11.51],[22.54,11.68],[22.59,11.99],[22.48,12.04],[22.48,12.18],[22.37,12.46],[22.45,12.61],[22.21,12.74],[22.11,12.65],[21.94,12.64],[21.81,12.79],[21.94,13.06],[22,13.13],[22.12,13.18],[22.28,13.38],[22.2,13.58],[22.13,13.64],[22.07,13.77],[22.24,13.98],[22.53,14.12],[22.53,14.22],[22.44,14.25],[22.43,14.47],[22.36,14.54],[22.47,14.63],[22.67,14.68],[22.66,14.86],[22.74,14.98],[22.91,15.11],[22.97,15.22],[22.97,15.41],[22.91,15.54],[23.07,15.69],[23.17,15.71],[23.32,15.68],[23.59,15.75],[23.98,15.72],[23.98,16.94],[23.98,17.87],[23.98,18.8],[23.98,19.5],[23.24,19.86],[22.25,20.35],[21.63,20.66],[20.65,21.14],[19.66,21.63],[18.92,22],[17.81,22.55],[16.82,23.03],[15.99,23.45],[15.97,23.44],[14.98,23],[15.17,21.99],[15.18,21.51],[15.3,21.4],[15.61,20.95],[15.54,20.89],[15.54,20.8],[15.93,20.4],[15.96,20.32],[15.74,19.9],[15.63,18.68],[15.54,17.63],[15.47,16.92],[15.45,16.88],[15.14,16.55],[14.37,15.75],[13.83,15.02],[13.76,14.85],[13.76,14.72],[13.65,14.65],[13.62,14.52],[13.48,14.48],[13.45,14.38],[13.61,13.7],[14.07,13.08]]]},"properties":{"iso_a2":"TD","name":"Chad"}},{"type":"Feature","geometry":{"type":"MultiPolygon","coordinates":[[[[47.95,29.99],[47.73,30.09],[47.36,30.09],[47.2,30.03],[47.11,29.96],[46.96,29.62],[46.84,29.43],[46.71,29.27],[46.53,29.1],[47.43,29],[47.49,28.9],[47.6,28.61],[47.67,28.53],[48.43,28.54],[48.33,28.76],[48.16,29.02],[48.1,29.26],[48.1,29.35],[47.99,29.39],[47.9,29.34],[47.73,29.36],[47.81,29.47],[47.97,29.58],[48.18,29.56],[48.08,29.74],[48.02,29.78],[47.95,29.99]]],[[[48.35,29.71],[48.34,29.79],[48.19,29.98],[48.16,29.88],[48.05,29.8],[48.16,29.63],[48.23,29.6],[48.35,29.71]]]]},"properties":{"iso_a2":"KW","name":"Kuwait"}},{"type":"Feature","geometry":{"type":"Polygon","coordinates":[[[-90.1,13.73],[-89.84,13.6],[-89.81,13.53],[-89.68,13.54],[-89.53,13.49],[-89.25,13.47],[-88.79,13.25],[-88.53,13.2],[-88.34,13.2],[-88.21,13.16],[-87.93,13.16],[-87.8,13.27],[-87.87,13.37],[-87.82,13.41],[-87.74,13.44],[-87.79,13.53],[-87.71,13.8],[-87.81,13.91],[-88.02,13.89],[-88.09,13.98],[-88.23,13.99],[-88.28,13.91],[-88.49,13.87],[-88.49,13.98],[-88.75,14.05],[-88.84,14.1],[-88.91,14.2],[-88.97,14.19],[-89.03,14.32],[-89.36,14.42],[-89.48,14.43],[-89.59,14.39],[-89.53,14.23],[-89.71,14.15],[-89.76,14.03],[-89.88,14.04],[-90.11,13.84],[-90.1,13.73]]]},"properties":{"iso_a2":"SV","name":"El Salvador"}},{"type":"Feature","geometry":{"type":"Polygon","coordinates":[[[-89.36,14.42],[-89.25,14.57],[-89.16,14.58],[-89.14,14.71],[-89.23,14.84],[-89.14,15.08],[-88.97,15.14],[-88.4,15.57],[-88.32,15.68],[-88.22,15.73],[-88.34,15.81],[-88.51,15.87],[-88.6,15.75],[-88.79,15.86],[-88.91,15.89],[-89.24,15.89],[-89.18,16.5],[-89.15,17.04],[-89.16,17.81],[-90.26,17.82],[-90.96,17.82],[-90.99,17.8],[-90.99,17.25],[-91.43,17.26],[-91.29,17.19],[-91.07,16.92],[-90.95,16.9],[-90.9,16.83],[-90.73,16.75],[-90.54,16.49],[-90.39,16.39],[-90.46,16.26],[-90.43,16.17],[-90.49,16.07],[-91.72,16.07],[-91.75,16.05],[-92.2,15.29],[-92.2,15.24],[-92.07,15.07],[-92.15,15],[-92.19,14.81],[-92.16,14.7],[-92.25,14.55],[-92.05,14.41],[-91.76,14.18],[-91.55,14.06],[-91.32,13.96],[-91.17,13.93],[-90.91,13.91],[-90.71,13.93],[-90.5,13.9],[-90.1,13.73],[-90.11,13.84],[-89.88,14.04],[-89.76,14.03],[-89.71,14.15],[-89.53,14.23],[-89.59,14.39],[-89.48,14.43],[-89.36,14.42]]]},"properties":{"iso_a2":"GT","name":"Guatemala"}},{"type":"Feature","geometry":{"type":"MultiPolygon","coordinates":[[[[124.45,-9.18],[124.19,-9.26],[124.03,-9.34],[124.12,-9.43],[124.2,-9.37],[124.26,-9.5],[124.33,-9.47],[124.35,-9.37],[124.43,-9.29],[124.45,-9.18]]],[[[124.92,-8.96],[124.95,-9.08],[125.1,-8.99],[125.15,-9.04],[125.14,-9.19],[124.97,-9.19],[125.06,-9.49],[125.2,-9.43],[125.38,-9.28],[125.61,-9.19],[125.68,-9.19],[125.85,-9.12],[125.95,-9.13],[126.17,-8.99],[126.43,-8.95],[126.51,-8.91],[126.58,-8.81],[126.69,-8.76],[126.85,-8.75],[127.01,-8.68],[127.3,-8.43],[127.19,-8.33],[127.07,-8.36],[126.97,-8.31],[126.84,-8.39],[126.72,-8.41],[126.55,-8.49],[126.41,-8.42],[126.24,-8.49],[126.07,-8.52],[125.85,-8.48],[125.63,-8.52],[125.47,-8.57],[125.38,-8.57],[125.14,-8.63],[125.1,-8.78],[124.92,-8.96]]]]},"properties":{"iso_a2":"TL","name":"Timor-Leste"}},{"type":"Feature","geometry":{"type":"MultiPolygon","coordinates":[[[[115.15,4.91],[115.03,4.82],[115.04,4.62],[115.09,4.41],[115.32,4.32],[115.34,4.37],[115.27,4.47],[115.27,4.64],[115.21,4.83],[115.15,4.91]]],[[[114.98,4.89],[115.06,5.05],[114.93,5],[114.72,4.88],[114.53,4.69],[114.25,4.59],[114,4.6],[114.12,4.56],[114.25,4.48],[114.3,4.32],[114.42,4.26],[114.48,4.14],[114.63,4.02],[114.77,4.13],[114.84,4.36],[114.78,4.5],[114.75,4.74],[114.93,4.81],[114.98,4.89]]]]},"properties":{"iso_a2":"BN","name":"Brunei"}},{"type":"Feature","geometry":{"type":"Polygon","coordinates":[[[7.44,43.74],[7.41,43.76],[7.37,43.72],[7.44,43.74]]]},"properties":{"iso_a2":"MC","name":"Monaco"}},{"type":"Feature","geometry":{"type":"Polygon","coordinates":[[[-4.82,25],[-4.52,24.8],[-3.69,24.26],[-2.96,23.78],[-1.92,23.1],[-1.22,22.65],[-0.18,21.97],[0.51,21.52],[1.15,21.1],[1.18,21],[1.15,20.8],[1.17,20.73],[1.31,20.72],[1.35,20.67],[1.56,20.6],[1.64,20.52],[1.65,20.41],[1.78,20.3],[2.07,20.21],[2.18,20.28],[2.28,20.22],[2.4,20.06],[2.5,20.02],[2.95,19.94],[3.22,19.79],[3.2,19.55],[3.26,19.41],[3.1,19.15],[3.14,19.1],[3.31,18.98],[3.44,19],[4.23,19.14],[5.08,19.31],[5.75,19.43],[5.84,19.48],[6.23,19.82],[6.98,20.46],[7.48,20.87],[8.02,21.19],[8.77,21.63],[9.72,22.19],[10.27,22.51],[10.88,22.88],[11.97,23.52],[11.57,24.27],[11.51,24.31],[10.72,24.55],[10.45,24.48],[10.26,24.58],[10.19,24.75],[10.03,24.86],[10.02,25.27],[9.97,25.4],[9.4,26.11],[9.38,26.17],[9.48,26.35],[9.84,26.5],[9.9,26.65],[9.91,26.84],[9.83,26.92],[9.72,27.29],[9.76,27.42],[9.82,27.51],[9.94,27.87],[9.78,28.27],[9.85,28.79],[9.83,29.13],[9.67,29.61],[9.55,29.8],[9.29,30.12],[9.52,30.23],[9.26,31.22],[9.05,32.07],[9.02,32.1],[8.48,32.44],[8.32,32.56],[8.28,32.84],[8.09,33.09],[7.87,33.18],[7.75,33.21],[7.71,33.28],[7.69,33.45],[7.55,33.66],[7.48,33.89],[7.52,34.1],[7.63,34.2],[7.75,34.23],[7.87,34.44],[8.09,34.53],[8.24,34.65],[8.27,34.75],[8.25,34.9],[8.31,35.1],[8.43,35.24],[8.32,35.29],[8.29,35.4],[8.34,35.51],[8.32,35.65],[8.24,35.83],[8.32,36.15],[8.31,36.24],[8.36,36.43],[8.17,36.53],[8.41,36.64],[8.44,36.8],[8.62,36.83],[8.6,36.94],[8.5,36.9],[8.23,36.96],[8.05,36.88],[7.91,36.85],[7.77,36.89],[7.71,36.96],[7.59,36.99],[7.38,37.08],[7.28,37.07],[7.16,36.92],[6.91,36.89],[6.82,36.95],[6.58,36.99],[6.5,37.08],[6.34,37.07],[6.2,36.9],[5.87,36.82],[5.76,36.83],[5.59,36.77],[5.47,36.67],[5.3,36.64],[5.12,36.7],[5.11,36.78],[4.79,36.9],[4.5,36.89],[4.44,36.91],[4.11,36.88],[3.83,36.91],[3.65,36.82],[3.46,36.78],[3.24,36.81],[3.18,36.74],[2.93,36.81],[2.82,36.71],[2.6,36.6],[2.46,36.59],[2.33,36.64],[2.06,36.57],[1.48,36.53],[1.37,36.55],[1.05,36.49],[0.87,36.38],[0.66,36.33],[0.13,36.05],[0.04,35.86],[-0.12,35.79],[-0.26,35.82],[-0.35,35.91],[-0.48,35.86],[-0.52,35.78],[-0.68,35.72],[-0.82,35.77],[-1.03,35.68],[-1.19,35.57],[-1.27,35.39],[-1.36,35.32],[-1.51,35.3],[-1.75,35.14],[-2.05,35.08],[-2.22,35.09],[-2.21,35.02],[-1.79,34.76],[-1.87,34.6],[-1.75,34.49],[-1.81,34.37],[-1.75,34.29],[-1.67,34.11],[-1.72,33.9],[-1.7,33.77],[-1.74,33.69],[-1.66,33.65],[-1.61,33.52],[-1.68,33.37],[-1.67,33.24],[-1.5,33.06],[-1.56,32.93],[-1.42,32.74],[-1.05,32.52],[-1.12,32.42],[-1.22,32.39],[-1.28,32.2],[-1.25,32.08],[-2.52,32.13],[-2.94,32.05],[-2.83,31.8],[-3.22,31.72],[-3.66,31.65],[-3.67,31.39],[-3.82,31.32],[-3.81,31.14],[-3.73,31.18],[-3.62,31.09],[-3.55,30.96],[-3.66,30.84],[-3.65,30.71],[-3.83,30.63],[-4.16,30.59],[-4.37,30.51],[-4.48,30.38],[-4.62,30.29],[-4.88,30.18],[-5.18,29.98],[-5.27,29.89],[-5.43,29.64],[-5.54,29.52],[-5.72,29.52],[-5.76,29.61],[-6,29.58],[-6.27,29.58],[-6.7,29.52],[-6.78,29.45],[-6.96,29.51],[-7.15,29.51],[-7.26,29.47],[-7.35,29.38],[-7.62,29.39],[-8.07,29.08],[-8.18,29.04],[-8.38,28.91],[-8.42,28.85],[-8.65,28.73],[-8.68,28.67],[-8.68,27.66],[-8.68,27.29],[-7.69,26.7],[-7.1,26.35],[-6.14,25.79],[-5.52,25.42],[-4.82,25]]]},"properties":{"iso_a2":"DZ","name":"Algeria"}},{"type":"Feature","geometry":{"type":"Polygon","coordinates":[[[32.11,-26.84],[32.35,-26.86],[32.89,-26.85],[32.93,-26.27],[32.87,-26.22],[32.68,-26.19],[32.65,-26.09],[32.56,-26],[32.69,-25.89],[32.79,-25.64],[32.87,-25.54],[33.15,-25.37],[33.47,-25.21],[33.73,-25.1],[34.48,-24.85],[34.65,-24.81],[35.11,-24.6],[35.3,-24.38],[35.49,-24.11],[35.49,-24.04],[35.54,-23.86],[35.4,-23.84],[35.42,-23.48],[35.48,-23.32],[35.48,-23.18],[35.6,-22.94],[35.52,-22.91],[35.49,-22.56],[35.54,-22.41],[35.5,-22.14],[35.42,-22.17],[35.36,-22.44],[35.31,-22.35],[35.34,-22.09],[35.31,-21.88],[35.27,-21.77],[35.27,-21.64],[35.15,-21.45],[35.05,-21.13],[35.12,-20.97],[35.01,-20.84],[34.99,-20.73],[34.74,-20.55],[34.66,-20.42],[34.78,-20.14],[34.75,-20.03],[34.76,-19.87],[34.88,-19.86],[35.13,-19.7],[35.44,-19.42],[35.72,-19.08],[36.03,-18.91],[36.27,-18.88],[36.3,-18.78],[36.42,-18.77],[36.42,-18.69],[36.55,-18.49],[36.63,-18.44],[36.84,-18.22],[36.89,-18.19],[37.09,-17.87],[37.21,-17.74],[37.69,-17.47],[37.91,-17.35],[38.17,-17.29],[38.22,-17.24],[38.6,-17.09],[38.88,-17.05],[39.09,-16.98],[39.2,-16.82],[39.7,-16.53],[39.81,-16.39],[39.81,-16.28],[39.99,-16.22],[40.1,-16.06],[40.17,-15.92],[40.36,-15.71],[40.43,-15.61],[40.58,-15.49],[40.59,-15.41],[40.67,-15.3],[40.53,-15.12],[40.71,-15.07],[40.67,-14.98],[40.84,-14.8],[40.81,-14.61],[40.84,-14.46],[40.77,-14.4],[40.66,-14.45],[40.64,-14.34],[40.73,-14.34],[40.7,-14.18],[40.56,-14.2],[40.65,-14.06],[40.54,-13.64],[40.53,-13.51],[40.57,-13.37],[40.56,-13.1],[40.59,-12.96],[40.42,-12.93],[40.65,-12.75],[40.58,-12.71],[40.56,-12.53],[40.52,-12.42],[40.5,-12.13],[40.54,-12],[40.43,-11.64],[40.47,-11.42],[40.4,-11.35],[40.43,-11.25],[40.51,-11.19],[40.55,-11.07],[40.5,-10.96],[40.6,-10.82],[40.49,-10.76],[40.57,-10.7],[40.53,-10.51],[40.44,-10.47],[40.01,-10.81],[39.79,-10.93],[39.48,-11],[39.29,-11.15],[39.13,-11.14],[38.9,-11.17],[38.76,-11.26],[38.65,-11.28],[38.49,-11.41],[38.35,-11.36],[38.26,-11.28],[38.07,-11.26],[37.88,-11.32],[37.78,-11.56],[37.43,-11.72],[37.35,-11.69],[37.23,-11.69],[37.11,-11.66],[37.04,-11.6],[36.82,-11.57],[36.75,-11.67],[36.56,-11.73],[36.49,-11.68],[36.2,-11.7],[36.17,-11.58],[35.94,-11.43],[35.83,-11.41],[35.7,-11.49],[35.66,-11.58],[35.52,-11.61],[35.42,-11.58],[34.97,-11.57],[34.65,-11.57],[34.61,-11.59],[34.6,-11.73],[34.56,-11.83],[34.38,-12.1],[34.35,-12.2],[34.49,-12.69],[34.55,-13.16],[34.55,-13.33],[34.64,-13.49],[34.89,-13.53],[35.08,-13.7],[35.46,-14.14],[35.52,-14.26],[35.85,-14.67],[35.86,-14.88],[35.9,-14.89],[35.78,-15.19],[35.84,-15.42],[35.8,-16],[35.69,-16.11],[35.38,-16.14],[35.26,-16.27],[35.27,-16.36],[35.21,-16.48],[35.13,-16.54],[35.17,-16.62],[35.28,-16.7],[35.29,-17.13],[35.08,-17.12],[35.04,-17.04],[35.11,-16.96],[35.1,-16.82],[35.01,-16.82],[34.73,-16.53],[34.66,-16.49],[34.53,-16.3],[34.45,-16.29],[34.39,-16.19],[34.39,-16.04],[34.24,-15.92],[34.24,-15.82],[34.4,-15.65],[34.41,-15.48],[34.57,-15.27],[34.55,-15.06],[34.58,-14.98],[34.51,-14.7],[34.5,-14.58],[34.34,-14.39],[34.11,-14.44],[34.05,-14.49],[33.89,-14.49],[33.77,-14.53],[33.72,-14.49],[33.6,-14.51],[33.44,-14.38],[33.29,-14.16],[33.28,-14.06],[33.2,-14.01],[32.23,-14.34],[31.66,-14.52],[31.41,-14.63],[30.82,-14.77],[30.49,-14.89],[30.32,-14.97],[30.21,-14.98],[30.23,-15.11],[30.29,-15.28],[30.37,-15.35],[30.4,-15.64],[30.4,-16],[30.86,-16],[30.97,-16.06],[31.11,-16],[31.28,-16.03],[31.41,-16.16],[31.69,-16.21],[31.87,-16.35],[31.91,-16.43],[32.29,-16.45],[32.67,-16.6],[32.7,-16.69],[32.91,-16.71],[32.93,-16.82],[32.83,-16.94],[32.95,-17.17],[33.02,-17.38],[32.95,-17.54],[33.03,-17.62],[33,-17.79],[32.96,-17.82],[32.94,-18.05],[32.97,-18.28],[33.03,-18.33],[32.98,-18.48],[32.87,-18.55],[32.92,-18.73],[32.89,-18.79],[32.69,-18.83],[32.69,-19.01],[32.82,-19.03],[32.86,-19.12],[32.83,-19.28],[32.77,-19.36],[32.83,-19.48],[32.82,-19.65],[33.03,-19.78],[33,-20],[32.89,-20.1],[32.85,-20.29],[32.65,-20.56],[32.51,-20.56],[32.47,-20.69],[32.5,-20.9],[32.47,-20.98],[32.34,-21.13],[32.41,-21.29],[31.8,-21.92],[31.43,-22.3],[31.29,-22.4],[31.28,-22.41],[31.54,-23.16],[31.52,-23.42],[31.64,-23.59],[31.74,-23.84],[31.84,-23.92],[31.87,-24.16],[31.99,-24.42],[31.99,-25.37],[31.97,-25.48],[32,-25.61],[31.91,-25.78],[31.95,-25.96],[32.06,-26.04],[32.08,-26.15],[32.04,-26.28],[32.11,-26.5],[32.11,-26.84]]]},"properties":{"iso_a2":"MZ","name":"Mozambique"}},{"type":"Feature","geometry":{"type":"Polygon","coordinates":[[[31.95,-25.96],[31.84,-25.98],[31.43,-25.74],[31.31,-25.76],[31.12,-25.91],[30.97,-26.21],[30.81,-26.4],[30.78,-26.47],[30.79,-26.72],[30.96,-26.89],[30.98,-27.03],[31.16,-27.21],[31.53,-27.31],[31.97,-27.32],[31.94,-27.1],[31.99,-26.84],[32.11,-26.84],[32.11,-26.5],[32.04,-26.28],[32.08,-26.15],[32.06,-26.04],[31.95,-25.96]]]},"properties":{"iso_a2":"SZ","name":"Eswatini"}},{"type":"Feature","geometry":{"type":"Polygon","coordinates":[[[30.56,-2.4],[30.36,-2.31],[30.21,-2.34],[30.14,-2.43],[29.93,-2.32],[29.9,-2.64],[29.82,-2.76],[29.7,-2.81],[29.63,-2.79],[29.5,-2.83],[29.34,-2.83],[29.31,-2.66],[29.13,-2.6],[29.03,-2.62],[29.02,-2.72],[29.09,-2.93],[29.24,-3.05],[29.21,-3.17],[29.24,-3.27],[29.21,-3.33],[29.23,-3.59],[29.22,-3.9],[29.34,-4.09],[29.4,-4.45],[29.73,-4.46],[29.8,-4.36],[29.9,-4.35],[30,-4.27],[30.15,-4.09],[30.21,-3.93],[30.38,-3.69],[30.43,-3.55],[30.61,-3.44],[30.66,-3.32],[30.8,-3.27],[30.83,-3.15],[30.78,-3.06],[30.8,-2.98],[30.65,-2.98],[30.55,-2.9],[30.49,-2.94],[30.42,-2.85],[30.46,-2.73],[30.42,-2.63],[30.56,-2.4]]]},"properties":{"iso_a2":"BI","name":"Burundi"}},{"type":"Feature","geometry":{"type":"Polygon","coordinates":[[[29.02,-2.72],[29.03,-2.62],[29.13,-2.6],[29.31,-2.66],[29.34,-2.83],[29.5,-2.83],[29.63,-2.79],[29.7,-2.81],[29.82,-2.76],[29.9,-2.64],[29.93,-2.32],[30.14,-2.43],[30.21,-2.34],[30.36,-2.31],[30.56,-2.4],[30.68,-2.35],[30.83,-2.35],[30.89,-2.08],[30.83,-1.96],[30.83,-1.59],[30.73,-1.48],[30.74,-1.41],[30.56,-1.32],[30.47,-1.07],[30.35,-1.06],[30.26,-1.22],[30.15,-1.34],[29.96,-1.46],[29.9,-1.47],[29.81,-1.32],[29.58,-1.39],[29.44,-1.51],[29.36,-1.51],[29.25,-1.64],[29.15,-1.8],[29.13,-1.92],[29.15,-2.15],[29.11,-2.24],[28.98,-2.29],[28.86,-2.42],[28.89,-2.65],[29.02,-2.72]]]},"properties":{"iso_a2":"RW","name":"Rwanda"}},{"type":"Feature","geometry":{"type":"MultiPolygon","coordinates":[[[[92.58,21.98],[92.59,21.5],[92.64,21.3],[92.53,21.36],[92.42,21.36],[92.32,21.46],[92.24,21.42],[92.18,21.32],[92.18,21.18],[92.27,21.06],[92.38,20.7],[92.45,20.67],[92.54,20.53],[92.63,20.45],[92.83,20.48],[92.9,20.31],[92.77,20.2],[92.86,20.13],[92.98,20.09],[93.05,20],[93.15,19.99],[93.38,20.09],[93.41,19.98],[93.57,19.92],[93.71,19.92],[93.61,19.8],[93.69,19.73],[93.74,19.62],[93.92,19.47],[93.98,19.46],[93.98,19.37],[93.93,19.3],[93.8,19.24],[93.67,19.31],[93.61,19.4],[93.48,19.39],[93.5,19.31],[93.64,19.13],[93.68,19.02],[93.87,18.9],[93.98,18.97],[93.95,19.16],[94.03,19.15],[94.07,19.04],[94.04,18.86],[94.18,18.79],[94.15,18.73],[94.25,18.64],[94.28,18.48],[94.42,18.31],[94.49,18.07],[94.45,17.97],[94.5,17.79],[94.6,17.61],[94.57,17.52],[94.57,17.31],[94.51,17.27],[94.51,17.17],[94.46,17.05],[94.47,16.95],[94.38,16.89],[94.4,16.79],[94.33,16.53],[94.27,16.54],[94.22,16.16],[94.24,15.98],[94.34,16],[94.51,16.19],[94.52,16.29],[94.64,16.28],[94.68,16.21],[94.64,16.05],[94.56,15.96],[94.66,15.85],[94.84,15.95],[94.86,15.78],[94.98,15.76],[95.12,15.89],[95.17,15.78],[95.42,15.72],[95.67,15.95],[95.76,16.15],[95.98,16.22],[96.07,16.31],[96.29,16.37],[96.34,16.44],[96.62,16.52],[96.8,16.74],[96.91,17.07],[96.85,17.21],[96.91,17.29],[97.07,17.25],[97.1,17.13],[97.2,17],[97.18,16.92],[97.26,16.7],[97.34,16.63],[97.4,16.52],[97.67,16.53],[97.62,16.39],[97.65,16.27],[97.58,16.02],[97.71,15.89],[97.74,15.6],[97.79,15.42],[97.74,15.27],[97.81,15.18],[97.8,14.88],[97.84,14.74],[97.93,14.61],[97.99,14.33],[98.11,14.13],[98.06,14.01],[98.1,13.88],[98.1,13.7],[98.25,13.71],[98.39,13.54],[98.5,13.25],[98.58,13.19],[98.59,12.92],[98.63,12.88],[98.67,12.68],[98.61,12.43],[98.68,12.32],[98.54,12.26],[98.72,11.96],[98.61,11.73],[98.68,11.68],[98.77,11.76],[98.7,11.39],[98.76,11.27],[98.71,11.1],[98.7,10.92],[98.63,10.91],[98.58,10.77],[98.46,10.72],[98.53,10.36],[98.49,10.2],[98.52,10.02],[98.59,10.04],[98.75,10.35],[98.79,10.52],[98.77,10.69],[98.89,10.81],[98.98,10.83],[98.98,10.92],[99.21,11.11],[99.24,11.2],[99.43,11.5],[99.44,11.6],[99.53,11.63],[99.63,11.82],[99.56,11.87],[99.57,11.98],[99.52,12.03],[99.55,12.13],[99.47,12.19],[99.39,12.47],[99.39,12.59],[99.22,12.72],[99.18,12.83],[99.15,13],[99.09,13.04],[99.1,13.17],[99.17,13.2],[99.19,13.43],[99.15,13.58],[99.15,13.72],[99.09,13.86],[98.95,14.07],[98.75,14.2],[98.55,14.38],[98.42,14.61],[98.24,14.81],[98.16,15.11],[98.28,15.29],[98.39,15.26],[98.4,15.36],[98.56,15.36],[98.54,15.74],[98.58,15.98],[98.66,16.12],[98.8,16.1],[98.88,16.26],[98.9,16.38],[98.84,16.44],[98.68,16.27],[98.63,16.46],[98.55,16.62],[98.46,16.72],[98.51,16.89],[98.45,17],[98.31,17.05],[98.22,17.2],[98.1,17.3],[97.99,17.5],[97.77,17.68],[97.69,17.88],[97.75,17.98],[97.68,18.15],[97.56,18.33],[97.45,18.33],[97.44,18.49],[97.76,18.62],[97.72,18.86],[97.66,18.93],[97.81,19.11],[97.81,19.3],[97.77,19.4],[97.85,19.49],[97.84,19.56],[98.01,19.64],[98.02,19.79],[98.11,19.78],[98.31,19.69],[98.53,19.68],[98.81,19.81],[98.88,19.75],[98.99,19.8],[99.02,20.04],[99.12,20.12],[99.3,20.06],[99.44,20.1],[99.53,20.2],[99.48,20.3],[99.67,20.31],[99.8,20.35],[99.84,20.42],[99.94,20.44],[100.1,20.32],[100.15,20.55],[100.21,20.7],[100.38,20.83],[100.52,20.89],[100.54,21.03],[100.64,21.07],[100.73,21.31],[100.79,21.3],[101,21.41],[101.16,21.55],[101.17,21.61],[101.08,21.77],[100.8,21.63],[100.62,21.47],[100.46,21.46],[100.38,21.53],[100.19,21.43],[100.1,21.51],[100.14,21.66],[99.95,21.72],[99.92,21.85],[99.97,21.96],[99.87,22.06],[99.44,22.12],[99.37,22.1],[99.17,22.13],[99.17,22.21],[99.28,22.41],[99.36,22.5],[99.31,22.72],[99.42,22.87],[99.54,22.95],[99.48,23.07],[99.35,23.12],[99.22,23.06],[99.08,23.1],[99.03,23.16],[98.86,23.18],[98.91,23.3],[98.88,23.45],[98.78,23.53],[98.86,23.6],[98.78,23.77],[98.68,23.79],[98.66,23.97],[98.86,24.08],[98.82,24.13],[98.59,24.08],[98.5,24.12],[98.33,24.1],[98.18,24.12],[97.89,24.02],[97.64,23.86],[97.52,23.94],[97.71,24.13],[97.72,24.28],[97.64,24.44],[97.52,24.43],[97.54,24.75],[97.66,24.83],[97.74,25.09],[97.82,25.26],[97.89,25.21],[98.05,25.31],[98.11,25.39],[98.1,25.49],[98.15,25.61],[98.33,25.57],[98.46,25.8],[98.6,25.8],[98.69,25.88],[98.55,26.09],[98.71,26.18],[98.66,26.31],[98.72,26.41],[98.76,26.63],[98.75,26.79],[98.67,27.18],[98.7,27.3],[98.67,27.39],[98.68,27.56],[98.64,27.61],[98.4,27.68],[98.38,27.56],[98.3,27.54],[98.2,27.73],[98.18,27.9],[98.11,27.97],[98.12,28.14],[97.9,28.36],[97.74,28.38],[97.7,28.49],[97.53,28.53],[97.45,28.38],[97.45,28.3],[97.32,28.22],[97.29,28.1],[97.36,28.02],[97.33,27.89],[97.24,27.91],[97.06,27.75],[96.87,27.62],[96.91,27.41],[97.14,27.13],[97.12,27.09],[96.87,27.17],[96.86,27.24],[96.76,27.34],[96.59,27.35],[96.51,27.29],[96.41,27.3],[96.14,27.26],[96.01,27.19],[95.89,27.03],[95.78,27],[95.59,26.82],[95.49,26.81],[95.39,26.69],[95.12,26.6],[95.04,26.48],[95.04,26.29],[95.09,26.1],[95.14,26.03],[95,25.92],[95.01,25.74],[94.85,25.56],[94.66,25.46],[94.55,25.25],[94.58,25.17],[94.69,25.14],[94.71,25.03],[94.59,24.75],[94.52,24.71],[94.3,24.33],[94.19,24],[94.1,23.84],[94,23.92],[93.8,23.94],[93.74,24],[93.61,24.01],[93.46,23.96],[93.37,24.08],[93.3,24.04],[93.36,23.91],[93.38,23.74],[93.43,23.65],[93.38,23.28],[93.38,23.13],[93.3,23.02],[93.2,23.05],[93.14,23.01],[93.18,22.88],[93.08,22.77],[93.1,22.51],[93.17,22.39],[93.17,22.27],[93.03,22.2],[93.03,22.11],[92.85,22.02],[92.71,22.15],[92.65,22.02],[92.58,21.98]]],[[[98.28,11.8],[98.2,11.59],[98.28,11.51],[98.32,11.73],[98.28,11.8]]],[[[98.54,11.8],[98.38,11.78],[98.38,11.69],[98.44,11.56],[98.53,11.58],[98.56,11.73],[98.54,11.8]]],[[[98.6,11.97],[98.44,12.02],[98.48,11.89],[98.6,11.97]]],[[[98.47,12.58],[98.33,12.67],[98.33,12.51],[98.3,12.34],[98.35,12.33],[98.46,12.46],[98.47,12.58]]],[[[94.66,16.22],[94.61,16.22],[94.49,16.06],[94.63,16.08],[94.66,16.22]]],[[[97.59,16.42],[97.52,16.51],[97.45,16.45],[97.46,16.3],[97.57,16.22],[97.59,16.42]]],[[[93.75,18.8],[93.74,18.87],[93.62,18.91],[93.5,18.84],[93.65,18.68],[93.75,18.71],[93.75,18.8]]],[[[93.97,19.42],[93.82,19.47],[93.73,19.55],[93.64,19.49],[93.73,19.42],[93.8,19.28],[93.97,19.36],[93.97,19.42]]]]},"properties":{"iso_a2":"MM","name":"Myanmar"}},{"type":"Feature","geometry":{"type":"MultiPolygon","coordinates":[[[[92.58,21.98],[92.54,22.13],[92.58,22.17],[92.5,22.56],[92.5,22.7],[92.43,22.87],[92.35,22.96],[92.33,23.17],[92.36,23.29],[92.25,23.61],[92.15,23.73],[92.06,23.66],[91.92,23.65],[91.94,23.5],[91.79,23.37],[91.74,23.27],[91.8,23.09],[91.7,22.99],[91.54,22.98],[91.46,23.18],[91.3,23.14],[91.22,23.48],[91.14,23.61],[91.2,23.76],[91.22,23.91],[91.36,24.1],[91.6,24.11],[91.91,24.26],[91.95,24.38],[92.11,24.41],[92.11,24.51],[92.17,24.57],[92.25,24.9],[92.38,24.84],[92.48,24.86],[92.46,24.95],[92.3,25.07],[92.03,25.18],[91.47,25.13],[91.24,25.2],[90.82,25.14],[90.75,25.17],[90.37,25.15],[90.13,25.21],[89.91,25.3],[89.8,25.37],[89.83,25.64],[89.78,25.81],[89.83,25.91],[89.81,26],[89.66,26.21],[89.57,26.16],[89.6,26.06],[89.55,25.97],[89.35,26],[89.13,26.13],[89.04,26.38],[88.95,26.44],[88.89,26.37],[88.9,26.27],[88.81,26.23],[88.66,26.42],[88.35,26.58],[88.31,26.48],[88.46,26.45],[88.45,26.35],[88.34,26.28],[88.31,26.21],[88.16,26.14],[88.07,25.91],[88.15,25.78],[88.23,25.8],[88.42,25.65],[88.42,25.59],[88.53,25.5],[88.65,25.47],[88.77,25.5],[88.85,25.33],[88.98,25.3],[88.9,25.17],[88.6,25.19],[88.43,25.17],[88.43,25.05],[88.31,24.87],[88.22,24.94],[88.02,24.65],[88.14,24.5],[88.48,24.32],[88.74,24.29],[88.67,24.08],[88.73,24.03],[88.71,23.93],[88.59,23.87],[88.54,23.65],[88.72,23.47],[88.69,23.29],[88.95,23.17],[88.85,23.08],[88.84,22.97],[88.95,22.85],[88.91,22.74],[89,22.43],[89.06,22.13],[89.11,21.82],[89.19,21.79],[89.37,21.83],[89.47,21.78],[89.67,21.75],[89.73,21.83],[89.89,21.9],[89.85,21.96],[89.87,22.11],[89.84,22.27],[89.88,22.29],[89.93,22],[90.05,21.99],[90.02,21.86],[90.19,21.8],[90.27,21.86],[90.33,22.04],[90.46,22.09],[90.61,22.32],[90.61,22.47],[90.51,22.61],[90.49,22.72],[90.42,22.78],[90.51,22.94],[90.47,23.08],[90.6,23.12],[90.57,23.3],[90.43,23.33],[90.26,23.45],[90.6,23.39],[90.67,23.25],[90.63,23.09],[90.72,22.94],[90.77,22.78],[90.96,22.58],[91.13,22.53],[91.24,22.58],[91.39,22.77],[91.46,22.79],[91.68,22.54],[91.74,22.41],[91.77,22.26],[91.86,22.11],[91.91,21.84],[92.02,21.6],[91.96,21.42],[92.05,21.3],[92.05,21.16],[92.19,21],[92.27,21.06],[92.18,21.18],[92.18,21.32],[92.24,21.42],[92.32,21.46],[92.42,21.36],[92.53,21.36],[92.64,21.3],[92.59,21.5],[92.58,21.98]]],[[[91.94,21.76],[91.85,21.69],[91.87,21.55],[91.98,21.61],[91.94,21.76]]],[[[91.15,22.36],[91.08,22.39],[91.06,22.09],[91.19,22.23],[91.15,22.36]]],[[[90.79,22.5],[90.65,22.79],[90.58,22.76],[90.56,22.6],[90.65,22.55],[90.69,22.38],[90.6,22.04],[90.66,21.99],[90.78,22.08],[90.84,22.18],[90.86,22.44],[90.79,22.5]]]]},"properties":{"iso_a2":"BD","name":"Bangladesh"}},{"type":"Feature","geometry":{"type":"Polygon","coordinates":[[[1.71,42.5],[1.72,42.61],[1.47,42.64],[1.43,42.6],[1.45,42.44],[1.71,42.5]]]},"properties":{"iso_a2":"AD","name":"Andorra"}},{"type":"Feature","geometry":{"type":"Polygon","coordinates":[[[74.54,37.02],[74.41,37.11],[74.49,37.23],[74.62,37.23],[74.72,37.3],[74.78,37.22],[74.89,37.23],[74.79,37.33],[74.66,37.39],[74.22,37.4],[74.16,37.33],[73.8,37.23],[73.62,37.23],[73.75,37.35],[73.75,37.43],[73.49,37.48],[73.3,37.47],[73.09,37.33],[72.83,37.24],[72.66,37.03],[72.41,37.01],[72.26,36.97],[71.84,36.7],[71.61,36.71],[71.46,36.95],[71.43,37.07],[71.49,37.27],[71.5,37.57],[71.6,37.9],[71.5,37.95],[71.34,37.89],[71.26,37.95],[71.36,38.21],[71.33,38.28],[71.22,38.33],[70.99,38.47],[70.94,38.43],[70.76,38.44],[70.6,38.34],[70.48,38.14],[70.17,37.89],[70.24,37.83],[70.28,37.71],[70.25,37.63],[70.13,37.53],[70,37.55],[69.9,37.62],[69.8,37.58],[69.53,37.59],[69.38,37.45],[69.39,37.34],[69.44,37.24],[69.32,37.12],[69.25,37.1],[69.12,37.17],[69.01,37.31],[68.9,37.34],[68.83,37.26],[68.67,37.28],[68.63,37.21],[68.31,37.11],[68.28,37.01],[68.19,37.02],[68.01,36.93],[67.88,37.06],[67.79,37.1],[67.78,37.19],[67.65,37.25],[67.24,37.19],[67.01,37.38],[66.52,37.36],[66.29,37.33],[66.08,37.44],[65.86,37.51],[65.8,37.57],[65.67,37.52],[65.62,37.35],[65.5,37.24],[65.06,37.23],[64.81,37.14],[64.76,37.09],[64.78,36.94],[64.59,36.62],[64.61,36.46],[64.44,36.25],[64.27,36.15],[64.12,36.15],[64.04,36.08],[63.77,35.98],[63.6,35.96],[63.51,35.9],[63.34,35.86],[63.13,35.86],[63.11,35.77],[63.21,35.68],[63.08,35.63],[63.08,35.44],[62.92,35.39],[62.69,35.25],[62.54,35.23],[62.46,35.28],[62.3,35.15],[62.22,35.31],[62.03,35.42],[61.92,35.45],[61.8,35.42],[61.54,35.45],[61.34,35.63],[61.27,35.62],[61.29,35.55],[61.11,35.28],[61.12,35.06],[61.07,34.82],[60.96,34.72],[60.95,34.64],[60.71,34.54],[60.89,34.32],[60.64,34.31],[60.52,34.19],[60.49,34.09],[60.53,33.84],[60.49,33.71],[60.51,33.64],[60.66,33.56],[60.88,33.55],[60.82,33.41],[60.76,33.37],[60.57,33.15],[60.58,32.99],[60.83,32.25],[60.78,32.03],[60.82,31.5],[60.86,31.48],[61.66,31.38],[61.74,31.26],[61.83,31.04],[61.79,30.83],[61.46,30.5],[60.84,29.86],[61.2,29.76],[62.37,29.43],[62.48,29.41],[63.57,29.5],[63.97,29.43],[64.09,29.39],[64.17,29.48],[64.48,29.57],[64.82,29.57],[65.04,29.54],[66.2,29.84],[66.34,29.96],[66.22,30.06],[66.3,30.23],[66.32,30.44],[66.27,30.6],[66.37,30.92],[66.55,30.98],[66.66,31.08],[66.7,31.2],[66.94,31.32],[67.02,31.24],[67.35,31.21],[67.75,31.33],[67.77,31.4],[67.6,31.43],[67.57,31.53],[67.73,31.53],[67.87,31.64],[68.05,31.69],[68.13,31.81],[68.36,31.76],[68.53,31.82],[68.68,31.78],[68.78,31.62],[69,31.65],[69.11,31.74],[69.3,31.94],[69.25,32.13],[69.27,32.3],[69.23,32.42],[69.28,32.53],[69.43,32.67],[69.38,32.77],[69.48,32.86],[69.47,32.99],[69.55,33.08],[69.77,33.12],[69.88,33.09],[70.13,33.2],[70.29,33.32],[70.29,33.38],[70.15,33.53],[70.17,33.64],[70.12,33.72],[69.96,33.75],[69.84,33.94],[69.89,34.03],[70,34.04],[70.33,33.96],[70.52,33.94],[70.86,33.97],[71.06,34.05],[71.11,34.17],[71.12,34.36],[70.97,34.47],[71.07,34.56],[71.08,34.67],[71.2,34.75],[71.29,34.88],[71.46,34.94],[71.51,35.07],[71.63,35.2],[71.53,35.3],[71.62,35.43],[71.59,35.55],[71.48,35.63],[71.52,35.68],[71.34,35.95],[71.17,36.03],[71.22,36.13],[71.4,36.23],[71.63,36.46],[71.86,36.49],[72.05,36.62],[72.17,36.65],[72.21,36.73],[72.45,36.76],[72.57,36.82],[72.87,36.83],[73.19,36.88],[73.64,36.9],[74.09,36.83],[74.39,36.99],[74.54,37.02]]]},"properties":{"iso_a2":"AF","name":"Afghanistan"}},{"type":"Feature","geometry":{"type":"Polygon","coordinates":[[[18.5,42.42],[18.68,42.46],[18.72,42.33],[18.91,42.22],[19.14,42.04],[19.17,41.94],[19.36,41.85],[19.38,42.1],[19.27,42.18],[19.52,42.46],[19.61,42.59],[19.74,42.62],[19.75,42.49],[19.84,42.47],[20.07,42.55],[20.1,42.65],[20.08,42.77],[20.35,42.83],[20.34,42.91],[20.12,42.98],[19.95,43.09],[19.78,43.1],[19.62,43.17],[19.36,43.39],[19.22,43.44],[19.2,43.53],[18.91,43.51],[19.07,43.31],[18.9,43.35],[18.68,43.25],[18.63,43.16],[18.64,43.02],[18.45,42.99],[18.47,42.77],[18.54,42.62],[18.44,42.56],[18.5,42.42]]]},"properties":{"iso_a2":"ME","name":"Montenegro"}},{"type":"Feature","geometry":{"type":"Polygon","coordinates":[[[17.65,42.89],[17.83,42.89],[17.86,42.82],[18.22,42.63],[18.44,42.56],[18.54,42.62],[18.47,42.77],[18.45,42.99],[18.64,43.02],[18.63,43.16],[18.68,43.25],[18.9,43.35],[19.07,43.31],[18.91,43.51],[19.2,43.53],[19.36,43.6],[19.48,43.56],[19.51,43.67],[19.46,43.76],[19.23,43.96],[19.55,43.98],[19.62,44.04],[19.36,44.19],[19.32,44.26],[19.18,44.29],[19.11,44.38],[19.18,44.54],[19.33,44.73],[19.37,44.89],[19.17,44.93],[19.02,44.87],[18.89,44.86],[18.77,44.94],[18.79,45.01],[18.62,45.1],[18.47,45.07],[18.24,45.16],[18.19,45.11],[17.99,45.14],[17.84,45.06],[17.68,45.16],[17.57,45.12],[17.19,45.15],[16.92,45.29],[16.79,45.18],[16.59,45.22],[16.48,45.2],[16.34,45.01],[16.21,45.03],[16.03,45.21],[15.83,45.21],[15.78,45.16],[15.72,44.79],[15.81,44.7],[15.9,44.72],[16.12,44.52],[16.2,44.36],[16.22,44.21],[16.33,44.08],[16.4,44.06],[16.68,43.84],[16.71,43.77],[17.09,43.51],[17.24,43.48],[17.27,43.35],[17.44,43.15],[17.59,43.08],[17.58,42.94],[17.65,42.89]]]},"properties":{"iso_a2":"BA","name":"Bosnia and Herzegovina"}},{"type":"Feature","geometry":{"type":"Polygon","coordinates":[[[30.47,-1.07],[30.64,-1.07],[30.78,-0.99],[30.83,-1],[31.44,-1],[32.36,-1],[33.27,-1],[33.9,-1],[33.9,-0.66],[33.95,-0.15],[33.89,0.11],[34.09,0.37],[34.15,0.6],[34.25,0.66],[34.31,0.77],[34.43,0.89],[34.48,1.07],[34.68,1.21],[34.8,1.23],[34.78,1.39],[34.98,1.68],[34.97,2.1],[34.87,2.35],[34.92,2.48],[34.88,2.59],[34.82,2.6],[34.73,2.85],[34.64,2.86],[34.58,2.95],[34.55,3.1],[34.45,3.16],[34.38,3.47],[34.44,3.53],[34.44,3.67],[34.34,3.74],[34.28,3.71],[34.11,3.96],[34.03,4.19],[33.98,4.22],[33.53,3.77],[33.45,3.74],[33.2,3.76],[33.02,3.88],[32.76,3.77],[32.37,3.73],[32.19,3.62],[32.17,3.52],[32.03,3.59],[31.94,3.59],[31.92,3.68],[31.78,3.82],[31.67,3.71],[31.51,3.66],[31.3,3.77],[31.14,3.79],[30.94,3.68],[30.84,3.49],[30.91,3.39],[30.8,3.25],[30.75,3.04],[30.86,2.89],[30.74,2.6],[30.73,2.44],[30.8,2.44],[30.87,2.33],[30.99,2.4],[31.06,2.29],[31.18,2.3],[31.27,2.17],[31.24,2.05],[31.03,1.78],[30.68,1.5],[30.48,1.24],[30.27,1.17],[30.22,1.02],[30.15,0.9],[30.04,0.88],[29.93,0.79],[29.94,0.5],[29.83,0.34],[29.8,0.17],[29.71,0.1],[29.63,-0.44],[29.65,-0.5],[29.6,-0.74],[29.61,-0.86],[29.56,-0.92],[29.58,-1.24],[29.58,-1.39],[29.81,-1.32],[29.9,-1.47],[29.96,-1.46],[30.15,-1.34],[30.26,-1.22],[30.35,-1.06],[30.47,-1.07]]]},"properties":{"iso_a2":"UG","name":"Uganda"}},{"type":"Feature","geometry":{"type":"MultiPolygon","coordinates":[[[[-75.09,19.9],[-74.81,20.04],[-74.58,20.05],[-74.39,20.08],[-74.27,20.07],[-74.14,20.18],[-74.21,20.31],[-74.4,20.31],[-74.49,20.36],[-74.6,20.49],[-74.85,20.64],[-75,20.7],[-75.15,20.68],[-75.19,20.72],[-75.39,20.74],[-75.45,20.69],[-75.64,20.76],[-75.71,20.69],[-75.78,20.75],[-75.77,20.84],[-75.65,20.9],[-75.58,21.01],[-75.68,21.1],[-75.82,21.14],[-75.87,21.1],[-76.06,21.11],[-76.39,21.28],[-76.57,21.28],[-76.67,21.36],[-76.81,21.39],[-76.96,21.47],[-77.11,21.6],[-77.17,21.48],[-77.28,21.52],[-77.25,21.61],[-77.12,21.62],[-77.33,21.77],[-77.52,21.81],[-77.67,21.78],[-77.89,21.88],[-78.06,22.09],[-78.17,22.14],[-78.3,22.16],[-78.38,22.25],[-78.78,22.39],[-78.98,22.41],[-79.15,22.38],[-79.34,22.41],[-79.51,22.54],[-79.69,22.75],[-79.99,22.88],[-80.03,22.95],[-80.28,22.91],[-80.56,23.01],[-80.62,23.09],[-80.76,23.1],[-80.96,23.06],[-81.08,23.1],[-81.18,23.05],[-81.27,23.14],[-81.48,23.1],[-81.58,23.16],[-81.99,23.17],[-82.03,23.2],[-82.22,23.19],[-82.41,23.15],[-82.58,23.05],[-83.21,23],[-83.37,22.89],[-83.54,22.87],[-83.65,22.8],[-83.87,22.75],[-84.02,22.68],[-84.23,22.5],[-84.29,22.49],[-84.39,22.35],[-84.43,22.2],[-84.34,22.13],[-84.32,22.05],[-84.51,22.05],[-84.88,21.89],[-84.8,21.83],[-84.7,21.9],[-84.5,21.93],[-84.47,21.77],[-84.3,21.89],[-84.14,21.94],[-84.04,21.92],[-83.92,22.17],[-83.77,22.17],[-83.56,22.21],[-83.41,22.19],[-83.26,22.34],[-83.17,22.34],[-83.09,22.46],[-82.8,22.62],[-82.78,22.7],[-82.63,22.68],[-82.2,22.69],[-82.1,22.66],[-81.88,22.68],[-81.64,22.57],[-81.68,22.46],[-81.84,22.43],[-82.12,22.43],[-82.14,22.37],[-81.88,22.26],[-81.82,22.19],[-81.65,22.21],[-81.4,22.17],[-81.28,22.11],[-81.2,22.21],[-81.09,22.09],[-80.9,22.05],[-80.51,22.06],[-80.41,22.02],[-80.27,21.89],[-80.07,21.82],[-80.04,21.75],[-79.64,21.69],[-79.47,21.6],[-79.21,21.55],[-79.08,21.59],[-78.74,21.64],[-78.61,21.49],[-78.54,21.29],[-78.49,21.05],[-78.4,20.96],[-78.27,20.9],[-78.07,20.71],[-77.49,20.68],[-77.31,20.71],[-77.19,20.64],[-77.24,20.56],[-77.11,20.51],[-77.11,20.37],[-77.19,20.29],[-77.4,20.2],[-77.62,20.02],[-77.72,19.92],[-77.67,19.83],[-77.36,19.86],[-77.32,19.9],[-76.96,19.89],[-76.87,19.94],[-76.52,19.94],[-76.25,19.99],[-75.98,19.95],[-75.72,19.96],[-75.6,19.89],[-75.38,19.88],[-75.23,19.9],[-75.11,20.06],[-75.09,19.9]]],[[[-82.57,21.64],[-82.59,21.73],[-82.69,21.82],[-82.69,21.88],[-82.99,21.95],[-83.07,21.84],[-83.07,21.76],[-82.97,21.59],[-83.08,21.47],[-82.91,21.44],[-82.59,21.54],[-82.57,21.64]]],[[[-77.63,22.05],[-77.82,22.1],[-77.9,22.02],[-77.69,21.95],[-77.63,22.05]]],[[[-78.43,22.46],[-78.37,22.55],[-78.69,22.51],[-78.43,22.46]]]]},"properties":{"iso_a2":"CU","name":"Cuba"}},{"type":"Feature","geometry":{"type":"Polygon","coordinates":[[[-89.36,14.42],[-89.03,14.32],[-88.97,14.19],[-88.91,14.2],[-88.84,14.1],[-88.75,14.05],[-88.49,13.98],[-88.49,13.87],[-88.28,13.91],[-88.23,13.99],[-88.09,13.98],[-88.02,13.89],[-87.81,13.91],[-87.71,13.8],[-87.79,13.53],[-87.74,13.44],[-87.82,13.41],[-87.74,13.36],[-87.62,13.42],[-87.36,13.11],[-87.31,12.98],[-87.03,13],[-86.95,13.07],[-86.91,13.24],[-86.85,13.29],[-86.7,13.3],[-86.77,13.66],[-86.73,13.77],[-86.54,13.78],[-86.41,13.75],[-86.31,13.78],[-86.28,13.85],[-86.1,14.04],[-85.82,13.85],[-85.7,13.96],[-85.43,14.13],[-85.36,14.25],[-85.16,14.34],[-85.18,14.43],[-85.14,14.58],[-85,14.74],[-84.9,14.82],[-84.77,14.81],[-84.7,14.68],[-84.53,14.66],[-84.48,14.62],[-84.02,14.76],[-83.87,14.78],[-83.39,15.03],[-83.27,14.98],[-83.13,15],[-83.25,15.05],[-83.36,15.23],[-83.41,15.27],[-83.62,15.3],[-83.77,15.29],[-83.9,15.38],[-84.08,15.36],[-84.12,15.43],[-84.02,15.54],[-84.29,15.81],[-84.46,15.83],[-84.66,15.77],[-84.66,15.87],[-85,15.99],[-85.08,15.99],[-85.25,15.88],[-85.49,15.87],[-85.69,15.97],[-85.81,16.01],[-85.99,15.9],[-86.21,15.87],[-86.34,15.78],[-86.47,15.8],[-86.88,15.76],[-87.15,15.8],[-87.34,15.85],[-87.51,15.8],[-87.6,15.88],[-87.72,15.92],[-87.91,15.87],[-88.12,15.7],[-88.22,15.73],[-88.32,15.68],[-88.4,15.57],[-88.97,15.14],[-89.14,15.08],[-89.23,14.84],[-89.14,14.71],[-89.16,14.58],[-89.25,14.57],[-89.36,14.42]]]},"properties":{"iso_a2":"HN","name":"Honduras"}},{"type":"Feature","geometry":{"type":"MultiPolygon","coordinates":[[[[-78.83,1.43],[-78.89,1.25],[-79.07,1.21],[-79.15,1.11],[-79.25,1.08],[-79.46,1.07],[-79.57,0.98],[-79.77,0.96],[-79.86,0.88],[-80.08,0.82],[-80.09,0.65],[-80.02,0.56],[-80.04,0.46],[-79.99,0.36],[-80.05,0.32],[-80.04,0.18],[-80.07,0.05],[-80.23,-0.14],[-80.37,-0.22],[-80.5,-0.38],[-80.42,-0.6],[-80.52,-0.74],[-80.55,-0.89],[-80.62,-0.94],[-80.82,-0.95],[-80.92,-1.07],[-80.83,-1.23],[-80.74,-1.34],[-80.77,-1.48],[-80.85,-1.62],[-80.78,-1.74],[-80.73,-1.9],[-80.76,-1.97],[-80.74,-2.1],[-80.95,-2.24],[-80.91,-2.32],[-80.66,-2.42],[-80.47,-2.62],[-80.28,-2.73],[-80.23,-2.63],[-80.08,-2.46],[-80.07,-2.56],[-80,-2.61],[-79.88,-2.49],[-79.75,-2.48],[-79.72,-2.57],[-79.83,-2.81],[-79.94,-3.18],[-80.06,-3.2],[-80.14,-3.33],[-80.34,-3.39],[-80.27,-3.43],[-80.22,-3.59],[-80.22,-3.77],[-80.18,-3.91],[-80.31,-4],[-80.48,-4],[-80.51,-4.08],[-80.47,-4.21],[-80.36,-4.22],[-80.49,-4.4],[-80.41,-4.48],[-80.25,-4.39],[-80.2,-4.3],[-80.08,-4.31],[-79.98,-4.39],[-79.9,-4.4],[-79.8,-4.49],[-79.66,-4.44],[-79.51,-4.53],[-79.53,-4.62],[-79.45,-4.81],[-79.3,-4.96],[-79.1,-4.98],[-79.01,-4.96],[-78.98,-4.87],[-78.9,-4.84],[-78.93,-4.75],[-78.85,-4.65],[-78.67,-4.55],[-78.64,-4.43],[-78.68,-4.33],[-78.58,-4.1],[-78.57,-4],[-78.5,-3.95],[-78.35,-3.45],[-78.2,-3.36],[-77.94,-3.05],[-77.87,-2.99],[-76.68,-2.57],[-76.62,-2.54],[-76.09,-2.13],[-75.56,-1.5],[-75.41,-0.92],[-75.35,-0.97],[-75.23,-0.97],[-75.3,-0.75],[-75.26,-0.62],[-75.27,-0.53],[-75.41,-0.44],[-75.48,-0.25],[-75.59,-0.18],[-75.53,-0.12],[-75.45,-0.16],[-75.28,-0.11],[-75.42,-0.06],[-75.65,0.09],[-75.79,0.08],[-75.93,0.18],[-76.05,0.36],[-76.24,0.42],[-76.31,0.46],[-76.42,0.4],[-76.41,0.26],[-76.56,0.22],[-76.74,0.27],[-76.9,0.25],[-77.12,0.36],[-77.21,0.33],[-77.42,0.41],[-77.47,0.65],[-77.65,0.72],[-77.67,0.82],[-77.89,0.82],[-77.92,0.87],[-78.12,0.92],[-78.25,1.02],[-78.37,1.07],[-78.48,1.19],[-78.57,1.2],[-78.83,1.43]]],[[[-80.06,-2.66],[-80.21,-2.72],[-80.26,-2.84],[-80.27,-3],[-80.13,-3.02],[-79.95,-2.71],[-80.06,-2.66]]],[[[-89.31,-0.69],[-89.41,-0.71],[-89.49,-0.81],[-89.6,-0.88],[-89.55,-0.95],[-89.43,-0.93],[-89.27,-0.76],[-89.31,-0.69]]],[[[-90.19,-0.54],[-90.29,-0.49],[-90.49,-0.52],[-90.54,-0.68],[-90.43,-0.76],[-90.34,-0.78],[-90.2,-0.68],[-90.19,-0.54]]],[[[-91.4,-0.45],[-91.4,-0.31],[-91.47,-0.25],[-91.67,-0.28],[-91.64,-0.4],[-91.52,-0.49],[-91.4,-0.45]]],[[[-90.56,-0.28],[-90.63,-0.2],[-90.81,-0.15],[-90.85,-0.28],[-90.74,-0.35],[-90.59,-0.36],[-90.56,-0.28]]],[[[-90.81,-0.73],[-90.89,-0.63],[-90.96,-0.61],[-90.96,-0.44],[-91,-0.37],[-91.12,-0.3],[-91.18,-0.21],[-91.2,-0.03],[-91.38,0.15],[-91.6,0],[-91.55,-0.05],[-91.42,-0.03],[-91.37,-0.28],[-91.24,-0.39],[-91.18,-0.52],[-91.09,-0.57],[-91.17,-0.68],[-91.23,-0.66],[-91.44,-0.78],[-91.5,-0.9],[-91.4,-1.02],[-91.16,-1.03],[-90.99,-0.96],[-90.93,-0.97],[-90.86,-0.87],[-90.81,-0.73]]]]},"properties":{"iso_a2":"EC","name":"Ecuador"}},{"type":"Feature","geometry":{"type":"Polygon","coordinates":[[[-78.83,1.43],[-78.57,1.2],[-78.48,1.19],[-78.37,1.07],[-78.25,1.02],[-78.12,0.92],[-77.92,0.87],[-77.89,0.82],[-77.67,0.82],[-77.65,0.72],[-77.47,0.65],[-77.42,0.41],[-77.21,0.33],[-77.12,0.36],[-76.9,0.25],[-76.74,0.27],[-76.56,0.22],[-76.41,0.26],[-76.42,0.4],[-76.31,0.46],[-76.24,0.42],[-76.05,0.36],[-75.93,0.18],[-75.79,0.08],[-75.65,0.09],[-75.42,-0.06],[-75.28,-0.11],[-75.22,-0.03],[-75.14,-0.04],[-74.97,-0.19],[-74.87,-0.22],[-74.82,-0.17],[-74.69,-0.35],[-74.63,-0.35],[-74.41,-0.57],[-74.38,-0.74],[-74.31,-0.8],[-74.29,-0.94],[-73.91,-1.12],[-73.88,-1.19],[-73.64,-1.25],[-73.5,-1.48],[-73.48,-1.57],[-73.53,-1.67],[-73.39,-1.76],[-73.19,-1.8],[-73.17,-1.96],[-73.11,-2.07],[-73.2,-2.19],[-73.16,-2.29],[-73.06,-2.3],[-72.94,-2.42],[-72.81,-2.38],[-72.68,-2.4],[-72.64,-2.33],[-72.4,-2.45],[-72.16,-2.41],[-72.06,-2.32],[-71.97,-2.33],[-71.77,-2.14],[-71.46,-2.25],[-71.39,-2.37],[-71.22,-2.34],[-71.14,-2.26],[-70.99,-2.2],[-70.87,-2.23],[-70.71,-2.33],[-70.65,-2.45],[-70.55,-2.43],[-70.46,-2.49],[-70.36,-2.49],[-70.24,-2.62],[-70.05,-2.71],[-70.73,-3.78],[-70.46,-3.88],[-70.31,-3.83],[-70.22,-3.92],[-70.19,-4.03],[-70.06,-4.11],[-69.96,-4.24],[-69.95,-4.2],[-69.8,-3.39],[-69.65,-2.59],[-69.48,-1.62],[-69.4,-1.18],[-69.45,-1],[-69.54,-0.92],[-69.63,-0.73],[-69.59,-0.63],[-69.63,-0.51],[-69.75,-0.45],[-69.86,-0.34],[-69.94,-0.3],[-70.07,-0.12],[-70.05,0.59],[-69.81,0.61],[-69.69,0.67],[-69.62,0.65],[-69.5,0.73],[-69.37,0.64],[-69.23,0.62],[-69.15,0.87],[-69.27,1.03],[-69.34,1.06],[-69.48,1.06],[-69.75,1.09],[-69.85,1.06],[-69.85,1.67],[-69.75,1.74],[-69.58,1.77],[-69.35,1.72],[-68.16,1.72],[-68.24,1.77],[-68.26,1.86],[-68.2,2.01],[-68.1,1.92],[-68.06,1.82],[-67.93,1.74],[-67.79,1.81],[-67.59,2.06],[-67.44,2.14],[-67.37,2.12],[-67.12,1.71],[-67.07,1.54],[-67.1,1.25],[-67.06,1.17],[-66.87,1.22],[-66.88,1.33],[-66.98,1.67],[-67.07,1.89],[-67.14,2],[-67.22,2.29],[-67.2,2.4],[-67.32,2.48],[-67.48,2.66],[-67.58,2.69],[-67.63,2.81],[-67.82,2.83],[-67.84,2.89],[-67.45,3.24],[-67.4,3.27],[-67.31,3.43],[-67.4,3.5],[-67.47,3.68],[-67.63,3.76],[-67.74,4.12],[-67.81,4.27],[-67.78,4.34],[-67.85,4.57],[-67.82,4.74],[-67.83,4.87],[-67.79,5.06],[-67.84,5.3],[-67.81,5.38],[-67.65,5.48],[-67.65,5.7],[-67.6,5.82],[-67.42,6.02],[-67.49,6.11],[-67.49,6.2],[-67.57,6.27],[-67.84,6.31],[-67.92,6.24],[-68.15,6.22],[-68.3,6.18],[-68.45,6.2],[-68.64,6.14],[-68.83,6.19],[-69.06,6.22],[-69.25,6.08],[-69.31,6.15],[-69.44,6.12],[-70.08,6.92],[-70.13,6.97],[-70.32,6.94],[-70.52,7.02],[-70.58,7.09],[-70.7,7.1],[-70.9,7.07],[-70.96,7.01],[-71.17,6.97],[-71.28,7.02],[-71.62,7.05],[-71.77,7.03],[-71.83,6.99],[-71.99,7.01],[-72.1,7.09],[-72.15,7.19],[-72.16,7.33],[-72.21,7.38],[-72.45,7.44],[-72.48,7.65],[-72.45,7.82],[-72.49,7.95],[-72.34,8.1],[-72.39,8.23],[-72.38,8.32],[-72.67,8.65],[-72.78,9.06],[-72.83,9.14],[-72.94,9.1],[-73.01,9.3],[-73.21,9.17],[-73.38,9.16],[-73.18,9.52],[-73.1,9.6],[-72.98,9.84],[-72.99,10],[-72.94,10.18],[-72.91,10.45],[-72.75,10.68],[-72.68,10.86],[-72.58,10.96],[-72.48,11.13],[-72.26,11.17],[-72.01,11.63],[-71.97,11.66],[-71.48,11.79],[-71.33,11.85],[-71.3,11.92],[-71.14,12.02],[-71.11,12.09],[-71.24,12.33],[-71.53,12.45],[-71.67,12.43],[-71.82,12.32],[-71.9,12.21],[-72,12.26],[-72.14,12.2],[-72.14,12.09],[-72.26,11.89],[-72.43,11.8],[-72.76,11.7],[-72.93,11.56],[-73.06,11.49],[-73.29,11.29],[-73.4,11.28],[-73.83,11.28],[-74.03,11.36],[-74.19,11.32],[-74.23,11.24],[-74.22,11.08],[-74.28,10.99],[-74.36,10.78],[-74.46,10.75],[-74.52,10.8],[-74.5,10.97],[-74.84,11.11],[-75.02,10.97],[-75.04,10.92],[-75.27,10.8],[-75.31,10.71],[-75.4,10.68],[-75.51,10.59],[-75.49,10.48],[-75.52,10.32],[-75.61,10.27],[-75.57,10.07],[-75.66,9.71],[-75.58,9.62],[-75.62,9.45],[-75.67,9.41],[-75.91,9.43],[-76.09,9.34],[-76.17,9.25],[-76.26,9.01],[-76.67,8.68],[-76.89,8.62],[-76.87,8.52],[-76.77,8.4],[-76.77,8.26],[-76.73,8.08],[-76.75,7.93],[-76.91,7.93],[-76.91,8.04],[-76.83,8.14],[-76.98,8.25],[-77.05,8.28],[-77.13,8.41],[-77.28,8.5],[-77.37,8.66],[-77.48,8.53],[-77.42,8.46],[-77.36,8.27],[-77.32,8.25],[-77.23,8.1],[-77.2,7.98],[-77.32,7.88],[-77.38,7.79],[-77.34,7.71],[-77.58,7.53],[-77.68,7.67],[-77.77,7.67],[-77.73,7.53],[-77.82,7.48],[-77.9,7.24],[-77.71,7.07],[-77.65,6.98],[-77.7,6.92],[-77.57,6.8],[-77.53,6.71],[-77.41,6.69],[-77.34,6.54],[-77.4,6.4],[-77.38,6.32],[-77.48,6.19],[-77.35,6.03],[-77.25,5.79],[-77.33,5.62],[-77.49,5.6],[-77.41,5.47],[-77.36,5.3],[-77.37,5],[-77.32,4.71],[-77.32,4.55],[-77.39,4.35],[-77.35,4.22],[-77.43,4.17],[-77.42,4.01],[-77.35,3.93],[-77.26,4.1],[-77.19,4.07],[-77.31,3.91],[-77.15,3.8],[-77.2,3.62],[-77.31,3.55],[-77.37,3.4],[-77.46,3.36],[-77.51,3.2],[-77.65,3.07],[-77.62,2.93],[-77.81,2.75],[-77.75,2.63],[-77.78,2.58],[-77.9,2.58],[-77.95,2.68],[-78.1,2.65],[-78.09,2.51],[-78.28,2.54],[-78.33,2.65],[-78.43,2.59],[-78.57,2.43],[-78.7,2.19],[-78.67,2.03],[-78.59,2],[-78.55,1.86],[-78.57,1.78],[-78.76,1.83],[-78.85,1.82],[-79.02,1.64],[-78.9,1.55],[-78.83,1.43]]]},"properties":{"iso_a2":"CO","name":"Colombia"}},{"type":"Feature","geometry":{"type":"Polygon","coordinates":[[[-62.65,-22.23],[-62.56,-22.32],[-62.37,-22.46],[-62.29,-22.48],[-62.17,-22.72],[-62.04,-22.88],[-61.96,-23.03],[-61.76,-23.18],[-61.74,-23.23],[-61.6,-23.29],[-61.49,-23.41],[-61.3,-23.48],[-61.11,-23.61],[-61.12,-23.67],[-61.02,-23.8],[-60.84,-23.87],[-60.63,-23.89],[-60.58,-23.94],[-60.33,-24.02],[-60.03,-24.01],[-59.54,-24.31],[-59.34,-24.49],[-59,-24.64],[-58.81,-24.78],[-58.47,-24.85],[-58.31,-24.99],[-58.22,-24.94],[-57.98,-25.07],[-57.89,-25.08],[-57.75,-25.18],[-57.64,-25.37],[-57.56,-25.43],[-57.62,-25.61],[-57.75,-25.67],[-57.8,-25.83],[-57.91,-25.97],[-57.87,-26.01],[-58.09,-26.13],[-58.17,-26.27],[-58.21,-26.4],[-58.25,-26.76],[-58.33,-26.88],[-58.46,-26.93],[-58.56,-27.12],[-58.65,-27.16],[-58.6,-27.25],[-58.51,-27.28],[-58.05,-27.26],[-57.71,-27.33],[-57.54,-27.41],[-57.39,-27.4],[-57.18,-27.49],[-57.08,-27.48],[-56.9,-27.42],[-56.77,-27.51],[-56.55,-27.45],[-56.46,-27.55],[-56.37,-27.58],[-56.28,-27.39],[-56.12,-27.3],[-55.91,-27.33],[-55.75,-27.44],[-55.61,-27.35],[-55.6,-27.18],[-55.46,-27.1],[-55.43,-27],[-55.28,-26.93],[-55.14,-26.95],[-55.13,-26.86],[-54.97,-26.79],[-54.9,-26.66],[-54.79,-26.64],[-54.79,-26.53],[-54.71,-26.44],[-54.64,-26.2],[-54.66,-25.98],[-54.61,-25.95],[-54.59,-25.81],[-54.64,-25.69],[-54.6,-25.57],[-54.61,-25.43],[-54.43,-25.13],[-54.46,-25.04],[-54.41,-24.82],[-54.32,-24.63],[-54.33,-24.53],[-54.26,-24.33],[-54.33,-24.15],[-54.24,-24.05],[-54.42,-23.91],[-54.61,-23.81],[-54.83,-23.89],[-54.94,-23.97],[-55.2,-24.02],[-55.37,-23.99],[-55.43,-23.93],[-55.44,-23.73],[-55.53,-23.6],[-55.56,-23.33],[-55.53,-23.23],[-55.64,-23],[-55.66,-22.82],[-55.63,-22.63],[-55.72,-22.57],[-55.75,-22.42],[-55.89,-22.31],[-56.2,-22.28],[-56.32,-22.21],[-56.42,-22.07],[-56.51,-22.09],[-56.65,-22.24],[-56.81,-22.25],[-56.84,-22.29],[-57.23,-22.19],[-57.38,-22.21],[-57.61,-22.18],[-57.65,-22.1],[-57.84,-22.14],[-57.94,-22.12],[-57.99,-22.03],[-57.92,-21.9],[-57.96,-21.85],[-57.9,-21.69],[-57.94,-21.62],[-57.93,-21.45],[-57.86,-21.33],[-57.82,-21],[-57.91,-20.88],[-57.86,-20.73],[-57.99,-20.62],[-57.99,-20.43],[-58.08,-20.38],[-58.16,-20.16],[-58.14,-19.97],[-58.17,-19.82],[-59.09,-19.29],[-60.01,-19.3],[-60.49,-19.4],[-61.76,-19.66],[-61.94,-20.1],[-62.27,-20.55],[-62.28,-21.07],[-62.65,-22.23]]]},"properties":{"iso_a2":"PY","name":"Paraguay"}},{"type":"Feature","geometry":{"type":"MultiPolygon","coordinates":[[[[-7.41,37.19],[-7.48,37.49],[-7.53,37.57],[-7.43,37.75],[-7.33,37.81],[-7.27,37.95],[-7.12,38.04],[-7.02,38.02],[-6.95,38.2],[-7.13,38.19],[-7.17,38.27],[-7.36,38.45],[-7.27,38.74],[-7.06,38.85],[-6.97,39.01],[-7.04,39.11],[-7.13,39.1],[-7.24,39.2],[-7.33,39.34],[-7.31,39.46],[-7.52,39.59],[-7.56,39.68],[-7.34,39.67],[-7.04,39.69],[-6.92,39.87],[-6.88,40.01],[-7.04,40.18],[-6.9,40.26],[-6.79,40.36],[-6.86,40.44],[-6.81,40.65],[-6.84,40.84],[-6.94,41.02],[-6.8,41.06],[-6.65,41.27],[-6.5,41.3],[-6.32,41.42],[-6.21,41.57],[-6.37,41.66],[-6.55,41.68],[-6.52,41.87],[-6.66,41.93],[-7.14,41.99],[-7.25,41.86],[-7.59,41.82],[-7.72,41.9],[-8.05,41.82],[-8.18,41.81],[-8.23,41.89],[-8.11,42.01],[-8.22,42.15],[-8.35,42.1],[-8.63,42.05],[-8.75,41.97],[-8.87,41.86],[-8.88,41.74],[-8.77,41.47],[-8.74,41.25],[-8.67,41.13],[-8.65,40.99],[-8.71,40.71],[-8.91,40.18],[-8.87,40.13],[-9.07,39.68],[-9.09,39.58],[-9.24,39.42],[-9.35,39.37],[-9.35,39.2],[-9.44,39.03],[-9.42,38.93],[-9.5,38.81],[-9.49,38.71],[-9.32,38.67],[-9.11,38.71],[-9.11,38.81],[-9.01,38.91],[-8.94,38.78],[-9.05,38.69],[-9.25,38.67],[-9.18,38.55],[-9.2,38.41],[-9.05,38.44],[-8.91,38.51],[-8.79,38.36],[-8.77,38.19],[-8.87,37.97],[-8.8,37.85],[-8.83,37.6],[-8.8,37.49],[-8.88,37.23],[-8.99,37.06],[-8.88,37.05],[-8.63,37.12],[-8.44,37.08],[-8.18,37.09],[-7.98,37],[-7.79,37.02],[-7.51,37.17],[-7.41,37.19]]],[[[-16.79,32.69],[-16.75,32.73],[-16.92,32.84],[-17.07,32.81],[-17.2,32.87],[-17.24,32.78],[-17.14,32.71],[-16.98,32.65],[-16.79,32.69]]],[[[-25.2,37.86],[-25.46,37.83],[-25.68,37.84],[-25.7,37.74],[-25.51,37.71],[-25.19,37.74],[-25.2,37.86]]],[[[-28.11,38.45],[-28.37,38.55],[-28.48,38.56],[-28.55,38.48],[-28.46,38.41],[-28.24,38.38],[-28.11,38.45]]],[[[-27.02,38.69],[-27.14,38.8],[-27.3,38.8],[-27.39,38.76],[-27.33,38.67],[-27.06,38.64],[-27.02,38.69]]]]},"properties":{"iso_a2":"PT","name":"Portugal"}},{"type":"Feature","geometry":{"type":"Polygon","coordinates":[[[26.62,48.26],[26.81,48.26],[26.97,48.14],[27.21,47.89],[27.27,47.72],[27.43,47.58],[27.64,47.31],[27.72,47.28],[27.81,47.15],[28.08,46.97],[28.12,46.83],[28.23,46.66],[28.25,46.44],[28.09,46],[28.16,45.76],[28.14,45.56],[28.2,45.46],[28.27,45.52],[28.48,45.5],[28.54,45.58],[28.47,45.66],[28.58,45.76],[28.67,45.78],[28.76,45.96],[28.93,45.99],[29.02,46.18],[28.93,46.27],[28.95,46.46],[29.16,46.54],[29.2,46.36],[29.48,46.43],[29.63,46.37],[29.73,46.46],[29.85,46.34],[30.08,46.37],[30.13,46.42],[29.92,46.52],[29.95,46.73],[29.93,46.8],[29.56,46.95],[29.6,47.05],[29.53,47.12],[29.58,47.28],[29.37,47.31],[29.12,47.53],[29.18,47.61],[29.19,47.82],[29.12,47.98],[28.98,47.93],[28.83,48.03],[28.8,48.11],[28.44,48.15],[28.29,48.24],[28.22,48.21],[28.09,48.3],[27.93,48.34],[27.75,48.45],[27.5,48.47],[27.18,48.36],[26.84,48.39],[26.62,48.26]]]},"properties":{"iso_a2":"MD","name":"Moldova"}},{"type":"Feature","geometry":{"type":"Polygon","coordinates":[[[61.27,35.62],[61.34,35.63],[61.54,35.45],[61.8,35.42],[61.92,35.45],[62.03,35.42],[62.22,35.31],[62.3,35.15],[62.46,35.28],[62.54,35.23],[62.69,35.25],[62.92,35.39],[63.08,35.44],[63.08,35.63],[63.21,35.68],[63.11,35.77],[63.13,35.86],[63.34,35.86],[63.51,35.9],[63.6,35.96],[63.77,35.98],[64.04,36.08],[64.12,36.15],[64.27,36.15],[64.44,36.25],[64.61,36.46],[64.59,36.62],[64.78,36.94],[64.76,37.09],[64.81,37.14],[65.06,37.23],[65.5,37.24],[65.62,37.35],[65.67,37.52],[65.8,37.57],[65.86,37.51],[66.08,37.44],[66.29,37.33],[66.52,37.36],[66.49,37.52],[66.52,37.78],[66.65,37.95],[66.55,38.03],[66.31,38.08],[66.23,38.15],[65.88,38.27],[65.74,38.22],[65.6,38.24],[65.21,38.45],[64.98,38.61],[64.64,38.74],[64.42,38.88],[64.34,38.97],[64.12,38.96],[63.71,39.19],[63.48,39.4],[62.59,39.89],[62.45,40.01],[62.44,40.19],[62.34,40.44],[62.19,40.5],[62.05,40.72],[61.97,41.02],[61.88,41.13],[61.65,41.25],[61.41,41.29],[61.32,41.17],[61.1,41.22],[60.98,41.2],[60.86,41.25],[60.54,41.21],[60.42,41.24],[60.09,41.39],[60.07,41.51],[60.16,41.6],[60.05,41.75],[60.23,41.82],[59.98,41.95],[59.97,42.1],[60.03,42.2],[59.87,42.3],[59.48,42.29],[59.25,42.37],[59.21,42.48],[59.12,42.54],[58.89,42.55],[58.61,42.78],[58.49,42.65],[58.28,42.69],[58.15,42.59],[58.31,42.53],[58.23,42.47],[58,42.49],[57.85,42.19],[57.62,42.15],[57.38,42.16],[57.21,42.07],[57.12,41.95],[56.95,41.87],[56.96,41.65],[57.03,41.44],[57.15,41.37],[57.01,41.25],[56.79,41.29],[55.98,41.32],[55.88,41.33],[55.64,41.26],[55.43,41.29],[55.36,41.39],[55.23,41.47],[54.95,41.8],[54.91,41.93],[54.74,42.05],[54.2,42.32],[54.05,42.35],[53.41,42.26],[52.98,42.13],[52.77,41.99],[52.44,41.75],[52.59,41.65],[52.56,41.52],[52.81,41.38],[52.92,41.67],[52.78,41.73],[52.96,41.98],[53.12,42.09],[53.68,42.14],[53.9,42.08],[53.93,41.88],[54.02,41.73],[54.04,41.54],[54.09,41.48],[54.31,41.34],[54.6,41.19],[54.76,40.97],[54.64,40.84],[54.47,40.85],[54.33,40.93],[54.25,40.88],[54.31,40.73],[54.17,40.73],[54.01,40.66],[53.72,40.63],[53.73,40.69],[53.59,40.89],[53.54,40.76],[53.11,40.77],[53.01,40.96],[52.93,40.98],[52.83,40.71],[52.86,40.66],[52.74,40.49],[52.7,40.27],[52.77,40.15],[52.74,40.05],[52.88,39.95],[53.17,40],[53.29,39.94],[53.44,40],[53.57,39.95],[53.43,39.76],[53.53,39.63],[53.71,39.54],[53.58,39.47],[53.45,39.53],[53.25,39.52],[53.09,39.38],[53.58,39.33],[53.56,39.22],[53.7,39.2],[53.7,39.1],[53.87,39.03],[53.97,38.93],[53.91,38.74],[53.84,38.61],[53.86,38.21],[53.81,38.03],[53.83,37.74],[53.91,37.34],[54.19,37.32],[54.36,37.36],[54.53,37.44],[54.62,37.43],[54.78,37.52],[54.79,37.65],[54.86,37.76],[55.01,37.84],[55.13,37.95],[55.42,38.08],[55.71,38.12],[55.98,38.07],[56.3,38.08],[56.3,38.17],[56.44,38.26],[56.59,38.24],[56.74,38.27],[57.04,38.19],[57.22,38.27],[57.34,38.08],[57.35,37.97],[57.5,37.92],[57.69,37.92],[58.04,37.81],[58.17,37.78],[58.21,37.68],[58.37,37.63],[58.55,37.7],[58.66,37.65],[58.86,37.67],[59.04,37.63],[59.21,37.52],[59.35,37.49],[59.37,37.32],[59.5,37.19],[59.8,37.11],[60.02,37.03],[60.34,36.64],[61.08,36.65],[61.19,36.58],[61.15,36.41],[61.22,36.12],[61.17,36.01],[61.25,35.88],[61.23,35.67],[61.27,35.62]]]},"properties":{"iso_a2":"TM","name":"Turkmenistan"}},{"type":"Feature","geometry":{"type":"Polygon","coordinates":[[[35.76,32.74],[35.56,32.63],[35.56,32.39],[35.57,32.24],[35.53,32.11],[35.53,31.92],[35.56,31.77],[35.48,31.64],[35.46,31.49],[35.4,31.26],[35.44,31.1],[35.39,30.96],[35.21,30.62],[35.14,30.43],[35.15,30.16],[35.09,30.03],[35.05,29.84],[34.96,29.56],[35,29.53],[34.95,29.35],[36.02,29.19],[36.07,29.2],[36.48,29.5],[36.71,29.83],[36.76,29.87],[37.47,30],[37.64,30.31],[37.98,30.5],[37.48,31.01],[36.96,31.49],[37.95,31.74],[38.96,31.99],[39.15,32.12],[39.29,32.24],[39.24,32.35],[39.05,32.31],[38.98,32.48],[39.06,32.5],[38.78,33.37],[37.59,32.74],[36.82,32.32],[36.37,32.39],[36.19,32.52],[36.07,32.52],[35.9,32.71],[35.76,32.74]]]},"properties":{"iso_a2":"JO","name":"Jordan"}},{"type":"Feature","geometry":{"type":"Polygon","coordinates":[[[88.12,27.86],[87.83,27.91],[87.73,27.81],[87.53,27.84],[87.39,27.8],[87.16,27.83],[87.03,27.94],[86.89,27.95],[86.77,28.01],[86.66,28.11],[86.54,28.09],[86.5,27.94],[86.44,27.91],[86.22,28],[86.16,28.16],[86.07,28.08],[86.11,27.93],[85.98,27.89],[85.85,28.16],[85.73,28.22],[85.43,28.3],[85.35,28.26],[85.08,28.32],[85.08,28.44],[85.17,28.58],[85.06,28.64],[84.93,28.54],[84.8,28.55],[84.62,28.69],[84.45,28.73],[84.38,28.85],[84.24,28.9],[84.23,29.03],[84.13,29.14],[84.1,29.25],[83.95,29.29],[83.72,29.23],[83.66,29.16],[83.52,29.19],[83.33,29.49],[83.17,29.62],[83.03,29.62],[82.91,29.69],[82.84,29.66],[82.54,29.92],[82.39,30],[82.21,30.06],[82.13,30.12],[82.09,30.33],[81.78,30.36],[81.64,30.41],[81.48,30.33],[81.39,30.37],[81.35,30.16],[81.19,30],[81.1,30.02],[81,30.2],[80.84,30.17],[80.83,30.12],[80.64,29.96],[80.57,29.95],[80.48,29.81],[80.37,29.76],[80.39,29.61],[80.21,29.42],[80.28,29.27],[80.23,29.14],[80.13,29.11],[80.04,28.84],[80.23,28.73],[80.35,28.62],[80.5,28.67],[81,28.4],[81.15,28.37],[81.28,28.19],[81.44,28.13],[81.46,28.08],[81.69,27.96],[81.86,27.85],[81.98,27.92],[82.05,27.91],[82.4,27.68],[82.65,27.7],[82.75,27.5],[83.01,27.44],[83.13,27.44],[83.31,27.33],[83.36,27.46],[83.59,27.46],[83.85,27.35],[83.83,27.43],[84.03,27.45],[84.12,27.51],[84.29,27.38],[84.58,27.33],[84.66,27.2],[84.64,27.03],[84.8,27.01],[84.92,26.96],[85.04,26.84],[85.16,26.85],[85.2,26.76],[85.29,26.74],[85.6,26.85],[85.69,26.81],[85.71,26.65],[85.82,26.57],[86.01,26.65],[86.19,26.58],[86.28,26.61],[86.51,26.52],[86.7,26.42],[86.82,26.44],[87.04,26.58],[87.08,26.43],[87.33,26.35],[87.38,26.42],[87.59,26.38],[87.76,26.45],[87.87,26.46],[88.01,26.37],[88.07,26.45],[88.17,26.73],[88.16,26.85],[88.08,26.99],[87.97,27.11],[88.03,27.3],[88.02,27.5],[88.16,27.77],[88.12,27.86]]]},"properties":{"iso_a2":"NP","name":"Nepal"}},{"type":"Feature","geometry":{"type":"Polygon","coordinates":[[[28.98,-28.91],[28.86,-28.77],[28.7,-28.69],[28.67,-28.6],[28.4,-28.62],[28.32,-28.7],[28.16,-28.7],[28.02,-28.86],[27.86,-28.91],[27.75,-28.91],[27.67,-29.07],[27.45,-29.29],[27.42,-29.4],[27.24,-29.55],[27.02,-29.63],[27.2,-29.98],[27.27,-30.03],[27.37,-30.29],[27.46,-30.32],[27.71,-30.58],[28.06,-30.65],[28.22,-30.39],[28.22,-30.27],[28.36,-30.16],[28.52,-30.12],[28.64,-30.13],[28.86,-30.07],[29.15,-29.91],[29.11,-29.83],[29.16,-29.67],[29.28,-29.61],[29.3,-29.47],[29.4,-29.43],[29.44,-29.34],[29.31,-29.09],[29.21,-29.07],[29.04,-28.92],[28.98,-28.91]]]},"properties":{"iso_a2":"LS","name":"Lesotho"}},{"type":"Feature","geometry":{"type":"Polygon","coordinates":[[[11.32,2.17],[11.35,2.3],[11.67,2.32],[11.75,2.28],[12.2,2.28],[12.33,2.31],[12.75,2.24],[12.81,2.26],[13.04,2.24],[13.13,2.29],[13.24,2.27],[13.3,2.16],[14.27,2.15],[14.42,2.13],[14.56,2.21],[14.71,2.11],[14.87,2.1],[14.96,2.01],[15.09,1.98],[15.21,2.04],[15.35,1.92],[15.48,1.98],[15.77,1.91],[15.89,1.79],[16.02,1.76],[16.07,1.66],[16.16,1.74],[16.07,1.98],[16.08,2.14],[16.2,2.24],[16.11,2.41],[16.11,2.59],[16.06,2.7],[16.09,2.86],[15.98,2.98],[15.91,3.1],[15.79,3.11],[15.17,3.76],[15.09,3.89],[15.1,4.11],[15.07,4.27],[15,4.4],[14.78,4.55],[14.72,4.62],[14.7,4.81],[14.66,5],[14.65,5.19],[14.52,5.28],[14.6,5.41],[14.62,5.53],[14.59,5.62],[14.63,5.74],[14.59,5.92],[14.48,5.91],[14.39,6.03],[14.54,6.19],[14.72,6.26],[14.93,6.71],[15.04,6.78],[15.22,7.25],[15.43,7.39],[15.48,7.52],[15.55,7.63],[15.56,7.79],[15.44,7.84],[15.35,8.14],[15.18,8.48],[15.03,8.66],[14.84,8.81],[14.79,8.81],[14.35,9.17],[14.32,9.24],[14.04,9.57],[13.95,9.64],[14.12,9.85],[14.18,9.98],[14.44,9.99],[14.73,9.92],[14.9,9.96],[15.06,9.95],[15.22,9.98],[15.38,9.93],[15.68,9.99],[15.54,10.08],[15.3,10.31],[15.22,10.49],[15.14,10.52],[15.15,10.62],[15.07,10.79],[15.08,10.9],[15.04,11],[15.02,11.18],[15.08,11.45],[15.14,11.53],[15.07,11.7],[15.11,11.78],[15.04,11.88],[15.05,12.09],[14.9,12.15],[14.91,12.33],[14.82,12.64],[14.69,12.72],[14.55,12.78],[14.49,12.89],[14.51,12.97],[14.42,13.08],[14.07,13.08],[14.18,12.55],[14.19,12.37],[14.42,12.35],[14.51,12.32],[14.55,12.24],[14.67,12.17],[14.6,12.03],[14.62,11.92],[14.55,11.72],[14.61,11.65],[14.59,11.5],[14.37,11.38],[14.17,11.24],[13.98,11.28],[13.76,11.02],[13.74,10.93],[13.57,10.68],[13.5,10.5],[13.44,10.15],[13.25,10.08],[13.21,9.87],[13.26,9.8],[13.2,9.54],[12.98,9.48],[12.86,9.38],[12.89,9.23],[12.82,9.1],[12.81,8.83],[12.71,8.75],[12.66,8.66],[12.56,8.61],[12.41,8.6],[12.4,8.5],[12.25,8.42],[12.22,8.34],[12.24,8.22],[12.19,8.12],[12.2,7.98],[12.06,7.78],[12.01,7.68],[12.03,7.6],[11.85,7.4],[11.78,7.24],[11.88,7.1],[11.62,6.93],[11.54,6.82],[11.57,6.77],[11.51,6.61],[11.42,6.57],[11.39,6.47],[11.32,6.44],[11.1,6.45],[11.06,6.7],[11,6.77],[10.88,6.82],[10.83,6.95],[10.6,7.06],[10.5,6.88],[10.24,6.87],[10.12,6.99],[9.88,6.79],[9.77,6.77],[9.69,6.53],[9.59,6.5],[9.33,6.3],[9.27,6.2],[9.14,6.09],[8.99,5.94],[8.86,5.85],[8.82,5.7],[8.89,5.62],[8.8,5.16],[8.6,4.88],[8.6,4.82],[8.59,4.82],[8.58,4.81],[8.58,4.75],[8.57,4.7],[8.52,4.66],[8.51,4.55],[8.58,4.49],[8.7,4.5],[8.89,4.6],[8.92,4.32],[8.99,4.22],[8.98,4.09],[9.12,4.02],[9.28,3.99],[9.31,3.93],[9.45,3.91],[9.48,3.99],[9.58,4.01],[9.66,3.94],[9.59,3.84],[9.64,3.64],[9.64,3.54],[9.78,3.44],[9.92,3.23],[9.96,3.08],[9.88,2.88],[9.87,2.76],[9.82,2.56],[9.8,2.34],[9.81,2.27],[9.99,2.17],[10.72,2.17],[11.32,2.17]]]},"properties":{"iso_a2":"CM","name":"Cameroon"}},{"type":"Feature","geometry":{"type":"Polygon","coordinates":[[[13.3,2.16],[13.24,2.27],[13.13,2.29],[13.04,2.24],[12.81,2.26],[12.75,2.24],[12.33,2.31],[12.2,2.28],[11.75,2.28],[11.67,2.32],[11.35,2.3],[11.32,2.17],[11.33,2.13],[11.34,1],[10.74,1],[10.03,1],[9.91,0.94],[9.8,1],[9.67,1.06],[9.57,0.98],[9.62,0.81],[9.63,0.62],[9.52,0.68],[9.31,0.61],[9.31,0.54],[9.41,0.47],[9.5,0.29],[9.55,0.31],[9.79,0.18],[9.82,0.12],[9.42,0.21],[9.31,0.32],[9.36,0.02],[9.31,-0.2],[9.31,-0.33],[9.27,-0.41],[9.1,-0.6],[9.09,-0.69],[9.01,-0.8],[8.94,-0.7],[8.8,-0.73],[8.88,-0.97],[9.02,-1.17],[9.03,-1.3],[9.26,-1.47],[9.29,-1.57],[9.24,-1.62],[9.24,-1.79],[9.36,-1.91],[9.37,-1.99],[9.57,-2.19],[9.6,-2.35],[9.72,-2.38],[9.78,-2.46],[9.87,-2.41],[9.98,-2.56],[10.02,-2.51],[10.14,-2.53],[10.02,-2.63],[9.92,-2.55],[9.73,-2.48],[9.9,-2.7],[10.45,-3.13],[10.64,-3.31],[10.65,-3.45],[10.81,-3.56],[10.99,-3.71],[11.02,-3.86],[11.11,-3.94],[11.21,-3.7],[11.41,-3.59],[11.48,-3.51],[11.57,-3.54],[11.65,-3.67],[11.84,-3.71],[11.9,-3.62],[11.83,-3.55],[11.94,-3.3],[11.69,-3.17],[11.71,-3.05],[11.76,-2.98],[11.64,-2.83],[11.54,-2.8],[11.62,-2.61],[11.56,-2.35],[11.61,-2.33],[11.76,-2.41],[11.94,-2.33],[12.06,-2.41],[12.46,-2.33],[12.5,-2.1],[12.43,-2],[12.42,-1.9],[12.63,-1.82],[12.81,-1.92],[12.91,-2.19],[12.98,-2.23],[13.01,-2.34],[13.19,-2.36],[13.36,-2.43],[13.45,-2.43],[13.59,-2.33],[13.77,-2.12],[13.86,-2.32],[13.91,-2.36],[13.85,-2.47],[14.08,-2.5],[14.14,-2.39],[14.23,-2.35],[14.15,-2.26],[14.24,-2.12],[14.25,-1.97],[14.37,-1.92],[14.4,-1.67],[14.37,-1.6],[14.48,-1.39],[14.43,-1.35],[14.47,-1.22],[14.39,-1.02],[14.46,-0.86],[14.45,-0.75],[14.5,-0.63],[14.47,-0.55],[14.29,-0.44],[14.16,-0.45],[14.12,-0.3],[14.06,-0.26],[13.83,-0.2],[13.92,-0.05],[13.87,0.2],[13.95,0.35],[14.04,0.41],[14.08,0.54],[14.25,0.55],[14.33,0.62],[14.34,0.69],[14.45,0.82],[14.47,0.91],[14.4,0.97],[14.28,1.16],[14.26,1.32],[14.18,1.38],[14.05,1.38],[13.98,1.42],[13.8,1.43],[13.76,1.38],[13.64,1.36],[13.54,1.28],[13.4,1.3],[13.25,1.22],[13.24,1.43],[13.13,1.59],[13.19,1.85],[13.21,1.99],[13.28,2.05],[13.3,2.16]]]},"properties":{"iso_a2":"GA","name":"Gabon"}},{"type":"Feature","geometry":{"type":"Polygon","coordinates":[[[3.6,11.7],[3.67,11.76],[3.61,11.85],[3.65,11.99],[3.62,12.09],[3.65,12.27],[3.65,12.53],[3.93,12.75],[4.09,13],[4.12,13.23],[4.13,13.47],[4.25,13.49],[4.41,13.64],[4.51,13.7],[4.83,13.77],[4.93,13.73],[5.27,13.75],[5.37,13.86],[5.55,13.87],[6.12,13.65],[6.23,13.68],[6.37,13.63],[6.67,13.32],[6.78,13.13],[6.94,13],[7.09,13.01],[7.2,13.12],[7.39,13.11],[7.76,13.33],[7.82,13.35],[8.08,13.31],[8.25,13.21],[8.4,13.08],[8.53,13.07],[8.68,12.92],[8.94,12.85],[9.27,12.81],[9.38,12.83],[9.59,12.8],[9.64,12.82],[9.93,13.15],[10.16,13.27],[10.68,13.38],[10.95,13.36],[11.44,13.36],[11.74,13.29],[11.85,13.25],[12.04,13.13],[12.2,13.13],[12.33,13.08],[12.49,13.07],[12.56,13.24],[12.68,13.29],[12.83,13.41],[12.88,13.5],[13.03,13.54],[13.23,13.55],[13.27,13.64],[13.36,13.71],[13.61,13.7],[13.45,14.38],[13.48,14.48],[13.62,14.52],[13.65,14.65],[13.76,14.72],[13.76,14.85],[13.83,15.02],[14.37,15.75],[15.14,16.55],[15.45,16.88],[15.47,16.92],[15.54,17.63],[15.63,18.68],[15.74,19.9],[15.96,20.32],[15.93,20.4],[15.54,20.8],[15.54,20.89],[15.61,20.95],[15.3,21.4],[15.18,21.51],[15.17,21.99],[14.98,23],[14.23,22.62],[14.2,22.62],[13.6,23.12],[13.48,23.18],[12.59,23.38],[11.97,23.52],[10.88,22.88],[10.27,22.51],[9.72,22.19],[8.77,21.63],[8.02,21.19],[7.48,20.87],[6.98,20.46],[6.23,19.82],[5.84,19.48],[5.75,19.43],[5.08,19.31],[4.23,19.14],[4.23,18.28],[4.23,17.66],[4.24,17],[4.18,16.81],[4.18,16.42],[4.06,16.3],[3.97,16.09],[3.98,15.98],[3.9,15.89],[3.85,15.69],[3.69,15.63],[3.53,15.5],[3.51,15.35],[3.07,15.43],[3,15.34],[1.99,15.31],[1.33,15.28],[1.27,15.26],[0.97,14.99],[0.67,14.94],[0.52,14.99],[0.35,14.96],[0.22,15],[0.22,14.91],[0.18,14.82],[0.22,14.73],[0.15,14.55],[0.19,14.45],[0.39,14.25],[0.34,14.13],[0.37,14.04],[0.5,13.85],[0.6,13.77],[0.62,13.68],[0.75,13.68],[0.95,13.58],[1.05,13.44],[1.16,13.39],[1.17,13.31],[0.98,13.37],[0.97,13.07],[1.11,13],[1.54,12.65],[1.83,12.6],[1.97,12.72],[2.11,12.71],[2.2,12.6],[2.24,12.41],[2.07,12.38],[2.07,12.31],[2.34,11.94],[2.39,11.9],[2.46,12.01],[2.41,12.05],[2.36,12.22],[2.49,12.28],[2.66,12.29],[2.7,12.34],[2.84,12.4],[2.95,12.29],[3.26,12.02],[3.29,11.92],[3.5,11.83],[3.6,11.7]]]},"properties":{"iso_a2":"NE","name":"Niger"}},{"type":"Feature","geometry":{"type":"Polygon","coordinates":[[[2.39,11.9],[2.34,11.94],[2.07,12.31],[2.07,12.38],[2.24,12.41],[2.2,12.6],[2.11,12.71],[1.97,12.72],[1.83,12.6],[1.54,12.65],[1.11,13],[0.97,13.07],[0.98,13.37],[1.17,13.31],[1.16,13.39],[1.05,13.44],[0.95,13.58],[0.75,13.68],[0.62,13.68],[0.6,13.77],[0.5,13.85],[0.37,14.04],[0.34,14.13],[0.39,14.25],[0.19,14.45],[0.15,14.55],[0.22,14.73],[0.18,14.82],[0.22,14.91],[-0.24,15.07],[-0.4,15],[-0.47,15.08],[-0.75,15.07],[-1.04,14.82],[-1.35,14.72],[-1.7,14.5],[-1.97,14.48],[-2,14.44],[-2.02,14.2],[-2.15,14.16],[-2.39,14.27],[-2.52,14.27],[-2.69,14.12],[-2.84,14.04],[-2.93,13.8],[-2.89,13.65],[-2.97,13.62],[-3.12,13.68],[-3.26,13.66],[-3.28,13.54],[-3.25,13.29],[-3.43,13.27],[-3.46,13.17],[-3.6,13.2],[-3.8,13.35],[-4.09,13.4],[-4.15,13.3],[-4.33,13.17],[-4.35,13.12],[-4.23,12.95],[-4.21,12.82],[-4.28,12.72],[-4.4,12.74],[-4.48,12.65],[-4.39,12.53],[-4.45,12.44],[-4.44,12.3],[-4.59,12.2],[-4.65,12.07],[-4.75,12.02],[-5.07,11.98],[-5.17,11.94],[-5.27,11.84],[-5.31,11.63],[-5.23,11.58],[-5.22,11.42],[-5.27,11.37],[-5.26,11.27],[-5.32,11.14],[-5.49,11.08],[-5.5,11],[-5.43,10.85],[-5.48,10.68],[-5.47,10.59],[-5.52,10.43],[-5.4,10.3],[-5.22,10.32],[-5.11,10.28],[-5.05,10.09],[-4.97,10.06],[-4.97,9.9],[-4.8,9.84],[-4.68,9.68],[-4.6,9.73],[-4.5,9.65],[-4.32,9.61],[-4.27,9.74],[-4.13,9.82],[-4.08,9.8],[-3.89,9.89],[-3.66,9.95],[-3.61,9.92],[-3.39,9.91],[-3.28,9.84],[-3.14,9.83],[-3.09,9.73],[-2.99,9.71],[-2.91,9.54],[-2.76,9.39],[-2.69,9.49],[-2.76,9.57],[-2.74,9.65],[-2.79,9.72],[-2.74,9.83],[-2.76,9.9],[-2.8,10.19],[-2.83,10.31],[-2.81,10.39],[-2.93,10.63],[-2.86,10.86],[-2.75,10.99],[-1.6,11],[-1.56,11.03],[-1.35,11],[-1.11,10.99],[-1.07,11.01],[-0.52,10.99],[-0.41,11.1],[-0.17,11.14],[0.49,11],[0.49,10.93],[0.68,10.99],[0.9,10.99],[0.98,11.08],[1.03,11.05],[1.13,11.25],[1.27,11.25],[1.43,11.46],[1.57,11.45],[1.6,11.39],[1.88,11.45],[2.02,11.43],[2.15,11.56],[2.27,11.65],[2.39,11.9]]]},"properties":{"iso_a2":"BF","name":"Burkina Faso"}},{"type":"Feature","geometry":{"type":"Polygon","coordinates":[[[-0.17,11.14],[0.02,11.06],[-0.03,10.81],[-0.08,10.76],[-0.09,10.63],[0.02,10.59],[0.13,10.49],[0.18,10.4],[0.28,10.4],[0.37,10.3],[0.35,10.03],[0.37,9.94],[0.32,9.76],[0.34,9.65],[0.22,9.54],[0.25,9.42],[0.35,9.49],[0.48,9.47],[0.54,9.38],[0.51,9.19],[0.43,9.03],[0.51,8.87],[0.46,8.79],[0.37,8.77],[0.44,8.61],[0.62,8.49],[0.71,8.28],[0.57,8.2],[0.61,7.77],[0.56,7.61],[0.5,7.56],[0.5,7.46],[0.65,7.32],[0.6,7.16],[0.6,7.03],[0.5,6.97],[0.52,6.83],[0.63,6.73],[0.63,6.62],[0.72,6.58],[0.77,6.42],[0.91,6.33],[1.19,6.1],[1.43,6.18],[1.62,6.21],[1.78,6.28],[1.74,6.43],[1.57,6.68],[1.6,6.75],[1.59,6.88],[1.63,7],[1.62,8],[1.63,8.27],[1.61,8.42],[1.6,9.05],[1.57,9.14],[1.43,9.28],[1.38,9.46],[1.33,9.52],[1.35,9.61],[1.33,10],[0.77,10.37],[0.78,10.69],[0.86,10.8],[0.9,10.99],[0.68,10.99],[0.49,10.93],[0.49,11],[-0.17,11.14]]]},"properties":{"iso_a2":"TG","name":"Togo"}},{"type":"Feature","geometry":{"type":"Polygon","coordinates":[[[-0.17,11.14],[-0.41,11.1],[-0.52,10.99],[-1.07,11.01],[-1.11,10.99],[-1.35,11],[-1.56,11.03],[-1.6,11],[-2.75,10.99],[-2.86,10.86],[-2.93,10.63],[-2.81,10.39],[-2.83,10.31],[-2.8,10.19],[-2.76,9.9],[-2.74,9.83],[-2.79,9.72],[-2.74,9.65],[-2.76,9.57],[-2.69,9.49],[-2.66,9.27],[-2.76,9.14],[-2.77,9.06],[-2.66,9.02],[-2.62,8.92],[-2.51,8.21],[-2.62,8.14],[-2.6,8.05],[-2.69,8.01],[-2.84,7.82],[-2.94,7.58],[-2.99,7.27],[-2.97,7.23],[-3.05,7.07],[-3.11,7.05],[-3.22,6.85],[-3.21,6.72],[-3.26,6.62],[-3.18,6.26],[-3.12,6.16],[-3.09,6],[-3.02,5.82],[-3.03,5.7],[-2.97,5.62],[-2.88,5.64],[-2.78,5.58],[-2.73,5.36],[-2.79,5.35],[-2.78,5.15],[-2.84,5.15],[-2.99,5.11],[-3.11,5.11],[-3.12,5.09],[-2.96,5.05],[-2.69,5.01],[-2.36,4.92],[-2.09,4.74],[-1.98,4.75],[-1.91,4.82],[-1.75,4.88],[-1.57,5.02],[-1.32,5.1],[-1.23,5.1],[-1,5.22],[-0.8,5.22],[-0.64,5.34],[-0.51,5.37],[-0.37,5.49],[0.04,5.63],[0.16,5.73],[0.37,5.78],[0.72,5.76],[0.91,5.78],[1,5.84],[1.05,5.99],[1.19,6.1],[0.91,6.33],[0.77,6.42],[0.72,6.58],[0.63,6.62],[0.63,6.73],[0.52,6.83],[0.5,6.97],[0.6,7.03],[0.6,7.16],[0.65,7.32],[0.5,7.46],[0.5,7.56],[0.56,7.61],[0.61,7.77],[0.57,8.2],[0.71,8.28],[0.62,8.49],[0.44,8.61],[0.37,8.77],[0.46,8.79],[0.51,8.87],[0.43,9.03],[0.51,9.19],[0.54,9.38],[0.48,9.47],[0.35,9.49],[0.25,9.42],[0.22,9.54],[0.34,9.65],[0.32,9.76],[0.37,9.94],[0.35,10.03],[0.37,10.3],[0.28,10.4],[0.18,10.4],[0.13,10.49],[0.02,10.59],[-0.09,10.63],[-0.08,10.76],[-0.03,10.81],[0.02,11.06],[-0.17,11.14]]]},"properties":{"iso_a2":"GH","name":"Ghana"}},{"type":"Feature","geometry":{"type":"MultiPolygon","coordinates":[[[[-13.73,12.67],[-14.44,12.68],[-15.19,12.68],[-15.68,12.44],[-15.97,12.44],[-16.09,12.46],[-16.23,12.45],[-16.38,12.37],[-16.73,12.33],[-16.58,12.28],[-16.46,12.18],[-16.31,12.21],[-16.36,12.1],[-16.32,12],[-16.24,11.93],[-16.12,11.89],[-15.98,11.92],[-15.93,11.89],[-15.97,11.77],[-15.83,11.75],[-15.58,11.85],[-15.49,11.94],[-15.36,11.96],[-15.19,11.91],[-15.19,11.87],[-15.44,11.89],[-15.55,11.73],[-15.47,11.61],[-15.34,11.61],[-15.22,11.71],[-15.17,11.66],[-15.4,11.53],[-15.51,11.36],[-15.42,11.33],[-15.41,11.19],[-15.36,11.14],[-15.21,11.13],[-15.08,11.17],[-15.12,10.98],[-15.02,10.97],[-14.86,11.22],[-14.83,11.34],[-14.69,11.51],[-14.52,11.51],[-14.28,11.67],[-14.01,11.64],[-13.84,11.72],[-13.72,11.72],[-13.72,12],[-13.96,12.15],[-13.94,12.22],[-13.84,12.28],[-13.71,12.27],[-13.66,12.48],[-13.72,12.56],[-13.73,12.67]]],[[[-16.05,11.12],[-16.16,11.17],[-16.21,11.06],[-16.08,11.04],[-16.05,11.12]]],[[[-16.17,11.87],[-16.15,11.81],[-16.03,11.77],[-15.99,11.9],[-16.17,11.87]]]]},"properties":{"iso_a2":"GW","name":"Guinea-Bissau"}},{"type":"Feature","geometry":{"type":"Polygon","coordinates":[[[-5.36,36.14],[-5.35,36.12],[-5.34,36.12],[-5.34,36.14],[-5.36,36.14]]]},"properties":{"iso_a2":"GI","name":"Gibraltar"}},{"type":"Feature","geometry":{"type":"MultiPolygon","coordinates":[[[[-122.75,48.99],[-122.77,48.89],[-122.65,48.76],[-122.53,48.77],[-122.46,48.62],[-122.52,48.56],[-122.53,48.38],[-122.39,48.31],[-122.36,48.12],[-122.21,48.01],[-122.32,47.94],[-122.41,47.78],[-122.41,47.58],[-122.32,47.39],[-122.45,47.27],[-122.72,47.09],[-122.8,47.21],[-122.59,47.34],[-122.51,47.52],[-122.63,47.69],[-122.47,47.76],[-122.51,47.83],[-122.63,47.84],[-122.79,48.08],[-123,48.09],[-123.11,48.15],[-123.25,48.12],[-123.58,48.14],[-123.7,48.17],[-124.05,48.18],[-124.23,48.26],[-124.57,48.37],[-124.66,48.32],[-124.73,48.17],[-124.64,47.91],[-124.42,47.74],[-124.35,47.55],[-124.32,47.36],[-124.24,47.29],[-124.15,47.02],[-123.88,46.94],[-124.05,46.89],[-124.09,46.74],[-123.91,46.73],[-123.9,46.44],[-124.06,46.36],[-123.92,46.25],[-123.69,46.31],[-123.61,46.19],[-123.83,46.16],[-123.94,46.08],[-123.96,45.87],[-123.94,45.7],[-123.98,45.35],[-123.97,45.15],[-124.06,44.82],[-124.06,44.61],[-124.15,43.88],[-124.28,43.42],[-124.38,43.34],[-124.44,43.03],[-124.55,42.85],[-124.51,42.75],[-124.41,42.66],[-124.39,42.57],[-124.43,42.33],[-124.36,42.11],[-124.22,42.01],[-124.22,41.85],[-124.16,41.74],[-124.06,41.44],[-124.12,41.18],[-124.11,41.02],[-124.21,40.7],[-124.27,40.7],[-124.41,40.44],[-124.36,40.26],[-124.12,40.11],[-123.85,39.83],[-123.8,39.69],[-123.78,39.53],[-123.82,39.35],[-123.69,39.03],[-123.72,38.96],[-123.65,38.85],[-123.41,38.67],[-123.34,38.57],[-123.13,38.45],[-122.97,38.27],[-122.92,38.03],[-122.82,38],[-122.53,37.82],[-122.49,38.1],[-122.4,38.15],[-122.23,38.06],[-122.39,37.97],[-122.15,37.58],[-122.36,37.59],[-122.42,37.81],[-122.51,37.78],[-122.51,37.51],[-122.4,37.36],[-122.4,37.2],[-122.15,36.98],[-122.05,36.95],[-121.94,36.98],[-121.79,36.81],[-121.81,36.68],[-121.95,36.49],[-121.9,36.31],[-121.63,36.11],[-121.49,35.98],[-121.46,35.89],[-121.34,35.79],[-121.27,35.66],[-121.17,35.64],[-121,35.46],[-120.87,35.41],[-120.9,35.25],[-120.79,35.18],[-120.64,35.14],[-120.67,34.91],[-120.62,34.86],[-120.6,34.71],[-120.65,34.59],[-120.51,34.52],[-120.47,34.45],[-120.13,34.47],[-119.88,34.41],[-119.62,34.42],[-119.46,34.37],[-119.27,34.26],[-119.22,34.15],[-118.94,34.04],[-118.79,34.02],[-118.54,34.04],[-118.44,33.95],[-118.4,33.84],[-118.41,33.74],[-118.25,33.77],[-118.09,33.73],[-117.98,33.64],[-117.78,33.53],[-117.51,33.34],[-117.32,33.11],[-117.25,32.89],[-117.26,32.7],[-117.17,32.67],[-117.12,32.53],[-115.87,32.63],[-114.72,32.71],[-114.82,32.5],[-113.96,32.23],[-113.14,31.98],[-112.32,31.73],[-111.07,31.33],[-111.01,31.33],[-109.97,31.33],[-109.28,31.33],[-108.21,31.33],[-108.21,31.78],[-107.26,31.78],[-106.52,31.77],[-106.36,31.72],[-106.21,31.48],[-106,31.4],[-105.77,31.18],[-105.59,31.07],[-105.56,31],[-105.36,30.85],[-105.13,30.76],[-105.01,30.68],[-104.89,30.55],[-104.85,30.42],[-104.68,30.19],[-104.68,29.94],[-104.57,29.79],[-104.53,29.67],[-104.35,29.54],[-104.27,29.53],[-104.02,29.32],[-103.79,29.28],[-103.67,29.17],[-103.55,29.16],[-103.48,29.08],[-103.3,29],[-103.15,28.99],[-102.99,29.18],[-102.9,29.22],[-102.88,29.34],[-102.78,29.59],[-102.68,29.74],[-102.51,29.79],[-102.41,29.78],[-102.32,29.89],[-102.11,29.8],[-101.97,29.82],[-101.63,29.78],[-101.41,29.77],[-101.36,29.67],[-101.22,29.61],[-101.16,29.5],[-101.04,29.46],[-101.02,29.39],[-100.8,29.26],[-100.76,29.17],[-100.67,29.12],[-100.62,28.93],[-100.52,28.81],[-100.49,28.71],[-100.4,28.59],[-100.27,28.28],[-100.07,28.15],[-100,28.02],[-99.88,27.9],[-99.86,27.81],[-99.7,27.66],[-99.59,27.64],[-99.51,27.57],[-99.47,27.43],[-99.5,27.34],[-99.43,27.21],[-99.46,27.06],[-99.25,26.83],[-99.16,26.54],[-99.08,26.41],[-98.8,26.37],[-98.64,26.24],[-98.58,26.26],[-98.37,26.19],[-98.22,26.08],[-97.8,26.06],[-97.66,26.03],[-97.42,25.86],[-97.27,25.96],[-97.14,25.97],[-97.24,25.98],[-97.31,26.12],[-97.32,26.27],[-97.45,26.42],[-97.42,26.54],[-97.49,26.78],[-97.55,26.83],[-97.55,27.01],[-97.45,27.13],[-97.61,27.3],[-97.49,27.36],[-97.41,27.34],[-97.26,27.68],[-97.36,27.74],[-97.39,27.83],[-97.27,27.88],[-97.18,27.84],[-97.02,28.04],[-97.12,28.03],[-97.16,28.13],[-97.01,28.2],[-96.94,28.13],[-96.78,28.24],[-96.78,28.33],[-96.65,28.32],[-96.4,28.44],[-96.58,28.58],[-96.56,28.65],[-96.35,28.64],[-96.19,28.69],[-96.2,28.59],[-95.82,28.73],[-95.6,28.76],[-95.38,28.88],[-95.16,29.05],[-95.16,29.15],[-95.06,29.2],[-94.89,29.38],[-95.02,29.54],[-95.02,29.72],[-94.88,29.67],[-94.83,29.77],[-94.74,29.78],[-94.69,29.7],[-94.75,29.52],[-94.65,29.45],[-94.04,29.68],[-93.88,29.68],[-93.93,29.78],[-93.85,29.99],[-93.76,29.96],[-93.78,29.86],[-93.89,29.81],[-93.83,29.7],[-93.74,29.74],[-93.5,29.77],[-93.25,29.78],[-93.09,29.75],[-92.68,29.6],[-92.28,29.53],[-92.11,29.62],[-92.13,29.76],[-91.97,29.83],[-91.85,29.83],[-91.86,29.72],[-91.68,29.75],[-91.57,29.65],[-91.53,29.53],[-91.41,29.56],[-91.26,29.47],[-91.22,29.4],[-91.33,29.3],[-91.23,29.24],[-90.71,29.12],[-90.64,29.16],[-90.59,29.31],[-90.25,29.24],[-90.23,29.09],[-90.08,29.18],[-90.09,29.28],[-90.04,29.37],[-90.1,29.55],[-89.91,29.48],[-89.76,29.34],[-89.5,29.23],[-89.38,29.09],[-89.19,29.03],[-89.02,29.15],[-89.19,29.35],[-89.26,29.32],[-89.38,29.39],[-89.52,29.39],[-89.54,29.47],[-89.67,29.52],[-89.64,29.62],[-89.47,29.83],[-89.39,29.8],[-89.43,30.06],[-89.57,30],[-89.59,29.91],[-89.69,29.88],[-89.84,30],[-89.81,30.1],[-89.88,30.16],[-90,30.05],[-90.17,30.02],[-90.34,30.07],[-90.43,30.14],[-90.4,30.22],[-90.22,30.39],[-90.1,30.37],[-89.97,30.27],[-89.75,30.24],[-89.71,30.18],[-89.57,30.16],[-89.33,30.3],[-89.01,30.38],[-88.93,30.44],[-88.74,30.35],[-88.47,30.32],[-88.35,30.4],[-88.12,30.34],[-88.05,30.65],[-87.94,30.66],[-87.92,30.42],[-87.78,30.31],[-87.79,30.24],[-87.33,30.32],[-87.16,30.48],[-86.97,30.48],[-87,30.41],[-86.68,30.42],[-86.48,30.48],[-86.29,30.5],[-86.24,30.4],[-85.86,30.22],[-85.61,30.07],[-85.4,29.94],[-85.24,29.69],[-85.12,29.72],[-84.89,29.73],[-84.73,29.79],[-84.51,29.92],[-84.34,29.95],[-84.38,30.03],[-84.27,30.09],[-84.02,30.11],[-83.68,29.92],[-83.53,29.72],[-83.41,29.67],[-83.4,29.53],[-83.25,29.44],[-83.08,29.27],[-83.04,29.18],[-82.8,29.18],[-82.75,29.01],[-82.64,28.9],[-82.64,28.75],[-82.66,28.45],[-82.79,28.19],[-82.78,28.06],[-82.84,27.89],[-82.68,27.7],[-82.64,27.7],[-82.6,27.98],[-82.4,27.8],[-82.54,27.65],[-82.58,27.55],[-82.66,27.52],[-82.57,27.4],[-82.56,27.28],[-82.31,26.85],[-82.17,26.81],[-82.06,26.87],[-82.08,26.68],[-82.01,26.49],[-81.86,26.45],[-81.8,26.1],[-81.58,25.91],[-81.4,25.85],[-81.32,25.78],[-81.15,25.4],[-81.18,25.23],[-81.09,25.12],[-80.91,25.15],[-80.85,25.19],[-80.71,25.15],[-80.66,25.19],[-80.43,25.22],[-80.31,25.37],[-80.34,25.49],[-80.25,25.72],[-80.2,25.75],[-80.14,25.9],[-80.03,26.59],[-80.04,26.81],[-80.08,26.97],[-80.2,27.2],[-80.34,27.52],[-80.38,27.67],[-80.74,28.37],[-80.85,28.79],[-80.75,28.72],[-80.78,28.63],[-80.61,28.61],[-80.92,29.07],[-81.18,29.59],[-81.24,29.74],[-81.39,30.3],[-81.39,30.38],[-81.45,30.51],[-81.43,30.68],[-81.5,30.7],[-81.52,30.84],[-81.47,30.99],[-81.39,31.14],[-81.27,31.28],[-81.36,31.44],[-81.2,31.72],[-81.09,31.75],[-80.95,31.91],[-80.85,31.98],[-80.89,32.07],[-80.44,32.37],[-80.41,32.48],[-80.33,32.49],[-80.15,32.58],[-80,32.61],[-79.61,32.92],[-79.22,33.16],[-79.2,33.29],[-79.13,33.42],[-78.94,33.64],[-78.76,33.78],[-78.56,33.87],[-78.25,33.92],[-78.03,33.89],[-77.91,33.96],[-77.83,34.21],[-77.67,34.38],[-77.54,34.47],[-77.25,34.59],[-77.2,34.65],[-76.62,34.82],[-76.54,34.73],[-76.31,34.94],[-76.48,34.99],[-76.76,34.99],[-76.56,35.12],[-76.5,35.31],[-76.69,35.35],[-76.57,35.5],[-76.44,35.4],[-76.27,35.35],[-76.15,35.35],[-75.9,35.58],[-75.74,35.64],[-75.72,35.81],[-75.85,35.98],[-75.99,35.89],[-76.05,35.98],[-76.19,35.99],[-76.39,35.94],[-76.73,35.95],[-76.69,36.06],[-76.52,36.01],[-76.35,36.14],[-76.24,36.1],[-75.9,36.21],[-75.88,36.3],[-76.03,36.48],[-75.9,36.5],[-75.98,36.61],[-75.93,36.71],[-75.99,36.91],[-76.27,36.96],[-76.38,36.9],[-76.66,37.04],[-76.61,37.12],[-76.45,37.03],[-76.28,37.03],[-76.3,37.15],[-76.47,37.21],[-76.38,37.27],[-76.4,37.35],[-76.24,37.45],[-76.39,37.54],[-76.29,37.71],[-76.32,37.85],[-76.26,37.91],[-76.53,38.03],[-76.61,38.15],[-76.32,38.14],[-76.42,38.32],[-76.4,38.39],[-76.51,38.53],[-76.55,38.78],[-76.41,39.04],[-76.45,39.2],[-76.42,39.32],[-76.21,39.37],[-76.12,39.41],[-76.08,39.56],[-76.01,39.55],[-76.03,39.39],[-76.1,39.37],[-76.27,39.15],[-76.13,39.12],[-76.15,38.9],[-76.21,38.81],[-76.31,38.82],[-76.34,38.71],[-76.18,38.7],[-76.18,38.62],[-76.32,38.47],[-76.22,38.34],[-76.03,38.24],[-75.91,38.27],[-75.81,38.14],[-75.82,38.04],[-75.69,37.8],[-75.92,37.61],[-75.89,37.56],[-76.01,37.32],[-75.89,37.36],[-75.47,37.85],[-75.43,37.96],[-75.29,38.11],[-75.24,38.23],[-75.1,38.32],[-75.15,38.41],[-75.04,38.45],[-75.08,38.8],[-75.17,38.79],[-75.31,38.93],[-75.39,39.06],[-75.36,39.34],[-75.25,39.3],[-75.13,39.19],[-74.94,39.19],[-74.89,39.15],[-74.97,38.95],[-74.84,38.96],[-74.65,39.2],[-74.36,39.55],[-74.17,39.7],[-74.1,40.01],[-74.04,40.03],[-73.97,40.33],[-73.99,40.41],[-74.2,40.44],[-74.28,40.5],[-74.21,40.63],[-74.1,40.66],[-73.93,40.81],[-73.82,40.84],[-73.64,41.01],[-73.38,41.1],[-73.13,41.15],[-73.01,41.21],[-72.78,41.27],[-72.29,41.28],[-71.9,41.35],[-71.83,41.32],[-71.5,41.37],[-71.43,41.47],[-71.44,41.58],[-71.36,41.75],[-71.21,41.6],[-71.19,41.47],[-70.91,41.62],[-70.77,41.65],[-70.65,41.58],[-70.5,41.56],[-70.43,41.63],[-69.98,41.68],[-70.07,41.77],[-70.28,41.72],[-70.53,41.82],[-70.54,41.94],[-70.65,41.96],[-70.63,42.09],[-70.72,42.21],[-70.86,42.28],[-71.04,42.31],[-70.86,42.55],[-70.62,42.62],[-70.82,42.72],[-70.81,42.89],[-70.57,43.23],[-70.52,43.34],[-70.38,43.4],[-70.36,43.53],[-70.2,43.56],[-70.24,43.7],[-70.01,43.86],[-69.86,43.75],[-69.71,43.83],[-69.48,43.88],[-69.43,43.99],[-69.26,43.93],[-69.12,44.04],[-69,44.3],[-68.96,44.43],[-68.78,44.46],[-68.76,44.33],[-68.53,44.3],[-68.56,44.4],[-68.46,44.46],[-68.11,44.48],[-68.1,44.39],[-67.9,44.42],[-67.87,44.54],[-67.79,44.6],[-67.68,44.55],[-67.57,44.62],[-67.4,44.61],[-67.22,44.64],[-66.98,44.82],[-67.06,44.93],[-67.18,45.18],[-67.36,45.17],[-67.47,45.27],[-67.43,45.39],[-67.49,45.49],[-67.45,45.61],[-67.66,45.64],[-67.8,45.7],[-67.78,45.96],[-67.81,47.04],[-67.96,47.2],[-68.2,47.34],[-68.54,47.3],[-68.64,47.25],[-68.91,47.19],[-69.04,47.25],[-69.07,47.43],[-69.27,47.44],[-70.01,46.7],[-70.07,46.42],[-70.19,46.36],[-70.28,46.21],[-70.31,46.08],[-70.28,45.89],[-70.41,45.81],[-70.42,45.72],[-70.59,45.65],[-70.69,45.57],[-70.72,45.47],[-70.83,45.39],[-71.02,45.34],[-71.14,45.25],[-71.29,45.29],[-71.39,45.24],[-71.5,45.01],[-73,45.01],[-73.8,45],[-74.71,45],[-74.87,45.01],[-75.27,44.86],[-75.7,44.58],[-75.87,44.41],[-76.07,44.35],[-76.21,44.22],[-76.45,44.08],[-76.8,43.65],[-76.84,43.63],[-78,43.63],[-78.69,43.63],[-79.17,43.47],[-79.06,43.28],[-79.03,43.01],[-78.92,42.95],[-79.02,42.8],[-80.25,42.37],[-81.28,42.21],[-82.42,41.68],[-82.71,41.68],[-83.07,41.85],[-83.16,42],[-83.13,42.24],[-83.04,42.33],[-82.8,42.42],[-82.51,42.65],[-82.48,42.82],[-82.41,43.05],[-82.15,43.55],[-82.15,43.61],[-82.34,44.45],[-82.53,45.29],[-82.59,45.37],[-83.48,45.77],[-83.64,45.77],[-83.47,45.99],[-83.61,46.12],[-83.84,46.12],[-83.96,46.06],[-84.09,46.2],[-84.16,46.43],[-84.11,46.53],[-84.42,46.51],[-84.59,46.48],[-84.77,46.63],[-84.88,46.9],[-86.11,47.41],[-86.74,47.67],[-87.78,48.08],[-88.35,48.3],[-88.64,48.26],[-89.34,47.98],[-89.98,48.01],[-90.07,48.1],[-90.18,48.12],[-90.53,48.09],[-90.79,48.1],[-90.84,48.22],[-90.92,48.23],[-91.28,48.07],[-91.43,48.04],[-91.69,48.1],[-91.74,48.18],[-91.96,48.23],[-92.04,48.34],[-92.3,48.31],[-92.37,48.22],[-92.53,48.45],[-92.65,48.54],[-92.98,48.62],[-93.26,48.63],[-93.45,48.6],[-93.49,48.54],[-93.76,48.52],[-93.87,48.64],[-94.23,48.65],[-94.31,48.71],[-94.59,48.73],[-94.71,48.81],[-94.71,48.92],[-94.81,49.17],[-94.84,49.31],[-95.16,49.37],[-95.18,48.99],[-96.72,48.99],[-97.59,48.99],[-98.91,48.99],[-100.01,48.99],[-101.11,48.99],[-101.99,48.99],[-102.87,48.99],[-104.19,48.99],[-105.73,48.99],[-106.83,48.99],[-107.71,48.99],[-108.58,48.99],[-109.68,48.99],[-110.78,48.99],[-111.66,48.99],[-112.76,48.99],[-113.86,48.99],[-115.18,48.99],[-116.28,48.99],[-116.94,48.99],[-118.04,48.99],[-119.36,48.99],[-120.23,48.99],[-121.11,48.99],[-122.75,48.99]]],[[[-141.01,69.65],[-141.41,69.65],[-141.65,69.76],[-142.27,69.86],[-142.6,70.01],[-143.24,70.12],[-144.02,70.09],[-144.59,69.98],[-144.94,69.98],[-145.6,70.08],[-145.88,70.18],[-146.85,70.19],[-147.12,70.17],[-147.81,70.24],[-147.8,70.29],[-148.15,70.36],[-148.38,70.31],[-148.8,70.42],[-149.34,70.51],[-149.89,70.51],[-150.12,70.44],[-150.51,70.5],[-151.18,70.45],[-151.98,70.45],[-151.76,70.57],[-152.46,70.56],[-152.51,70.69],[-152.22,70.82],[-152.55,70.89],[-152.92,70.87],[-153.16,70.93],[-153.51,70.89],[-153.89,70.9],[-154.13,70.79],[-154.54,70.83],[-154.71,70.91],[-154.6,71],[-155.04,71.13],[-155.52,70.95],[-155.54,70.87],[-155.89,70.84],[-156.09,70.93],[-155.59,71.07],[-155.62,71.18],[-156,71.19],[-156.43,71.27],[-156.6,71.35],[-156.82,71.31],[-157.23,71.07],[-157.56,70.95],[-158.04,70.84],[-159.36,70.76],[-159.65,70.81],[-159.81,70.73],[-160.86,70.35],[-161.34,70.26],[-162.01,70.28],[-162.46,70.06],[-162.54,69.96],[-162.95,69.79],[-163.07,69.65],[-163.16,69.36],[-163.62,69.12],[-163.96,69],[-164.35,68.93],[-165.04,68.88],[-165.66,68.86],[-166.24,68.88],[-166.19,68.78],[-166.24,68.56],[-166.55,68.36],[-166.1,68.24],[-165.93,68.14],[-165.44,68.06],[-164.86,67.85],[-164.15,67.62],[-163.81,67.33],[-163.77,67.14],[-163.69,67.1],[-162.94,67.03],[-162.73,67.05],[-162.43,66.99],[-161.83,67.06],[-161.73,66.95],[-161.88,66.82],[-161.87,66.71],[-161.56,66.57],[-161.31,66.54],[-161.14,66.65],[-160.88,66.67],[-160.22,66.53],[-160.25,66.4],[-160.78,66.37],[-161.26,66.53],[-161.63,66.46],[-161.87,66.53],[-162.08,66.67],[-162.01,66.77],[-162.33,66.96],[-162.64,66.9],[-162.44,66.73],[-162.26,66.72],[-161.93,66.56],[-161.74,66.41],[-161.51,66.41],[-161.14,66.34],[-161.11,66.21],[-161.58,66.26],[-161.68,66.14],[-161.92,66.04],[-162.18,66.08],[-162.39,66.04],[-162.76,66.1],[-163.12,66.07],[-163.35,66.1],[-163.68,66.08],[-163.89,66.17],[-163.92,66.25],[-163.81,66.57],[-163.99,66.61],[-164.72,66.56],[-164.95,66.46],[-165.31,66.44],[-165.77,66.32],[-165.89,66.24],[-165.5,66.15],[-165.75,66.11],[-166.09,66.13],[-166.29,66.18],[-166.72,66.06],[-167.06,65.88],[-167.35,65.9],[-167.56,65.81],[-167.58,65.72],[-167.82,65.72],[-168.08,65.59],[-167.4,65.4],[-166.94,65.39],[-166.5,65.34],[-166.25,65.26],[-166.75,65.06],[-166.68,64.98],[-166.39,64.9],[-166.48,64.73],[-166.19,64.58],[-165.45,64.51],[-165.04,64.45],[-164.34,64.59],[-163.54,64.57],[-163.13,64.41],[-163.05,64.51],[-163.39,64.6],[-163.24,64.65],[-162.83,64.5],[-162.61,64.51],[-162.27,64.62],[-162.08,64.72],[-161.72,64.8],[-161.42,64.77],[-161.18,64.94],[-160.88,64.81],[-160.8,64.64],[-161.03,64.51],[-161.46,64.52],[-161.49,64.46],[-161.18,64.38],[-160.97,64.25],[-160.93,64.05],[-160.77,63.82],[-160.79,63.75],[-161.19,63.51],[-161.57,63.46],[-162.09,63.45],[-162.25,63.55],[-162.6,63.28],[-163.09,63.06],[-163.35,63.03],[-163.6,63.11],[-163.77,63.23],[-164.14,63.26],[-164.37,63.23],[-164.58,63.14],[-164.44,63.03],[-164.72,63.01],[-164.88,62.84],[-164.79,62.53],[-165.02,62.54],[-165.27,62.44],[-165.71,62.12],[-165.74,61.97],[-165.61,61.85],[-166.1,61.82],[-165.94,61.71],[-166.2,61.6],[-166.14,61.52],[-165.92,61.56],[-165.78,61.52],[-165.92,61.4],[-165.83,61.31],[-165.62,61.28],[-165.62,61.14],[-165.4,61.07],[-165.21,61.15],[-165.08,61.07],[-165.2,60.98],[-165.13,60.92],[-164.86,60.95],[-164.63,60.93],[-164.56,60.86],[-164.36,60.87],[-163.86,60.86],[-163.42,60.77],[-163.46,60.68],[-163.64,60.6],[-163.84,60.64],[-163.81,60.74],[-163.96,60.78],[-164.22,60.69],[-164.27,60.79],[-164.67,60.83],[-164.78,60.9],[-164.98,60.8],[-165,60.71],[-165.31,60.58],[-164.99,60.34],[-164.75,60.29],[-164.48,60.18],[-164.41,60.09],[-164.2,60.03],[-164.21,59.96],[-164.1,59.83],[-163.61,59.8],[-163.09,59.86],[-162.81,59.94],[-162.75,60.01],[-162.53,60],[-162.37,60.18],[-162.11,59.97],[-162.08,59.88],[-161.71,59.5],[-161.95,59.39],[-161.97,59.13],[-161.61,59.08],[-161.8,58.98],[-161.72,58.76],[-161.86,58.72],[-161.91,58.63],[-161.56,58.6],[-161.36,58.66],[-161.18,58.78],[-160.67,58.95],[-160.35,59.07],[-160.26,58.91],[-160.05,58.88],[-159.91,58.78],[-159.65,58.94],[-159.38,58.76],[-159.05,58.43],[-158.83,58.41],[-158.77,58.52],[-158.89,58.71],[-158.73,58.87],[-158.49,59],[-158.55,58.8],[-158.41,58.77],[-158.32,58.65],[-158.15,58.61],[-157.57,58.75],[-157.47,58.8],[-157.08,58.89],[-157,58.84],[-157.06,58.73],[-157.5,58.46],[-157.57,58.32],[-157.53,58.26],[-157.61,58.11],[-157.71,57.65],[-157.6,57.61],[-157.94,57.5],[-158.08,57.4],[-158.31,57.32],[-158.68,57.02],[-158.68,56.79],[-158.94,56.84],[-159.18,56.76],[-159.46,56.63],[-159.75,56.58],[-160.19,56.39],[-160.37,56.28],[-160.57,56.01],[-160.52,55.94],[-160.69,55.86],[-160.82,55.74],[-161.12,55.96],[-161.46,55.95],[-161.83,55.88],[-162.23,55.7],[-162.55,55.46],[-162.49,55.38],[-162.9,55.27],[-163.33,55.12],[-163.28,54.95],[-163.32,54.81],[-163.06,54.93],[-163.22,55.05],[-163.04,55.1],[-162.92,54.96],[-162.78,54.94],[-162.65,55],[-162.58,55.3],[-162.44,55.14],[-162.42,55.04],[-162.27,55.02],[-161.96,55.13],[-161.9,55.24],[-161.72,55.39],[-161.71,55.53],[-161.62,55.61],[-161.44,55.64],[-161.39,55.57],[-161.52,55.38],[-161.28,55.36],[-161.02,55.43],[-160.93,55.52],[-160.78,55.45],[-160.55,55.49],[-160.37,55.61],[-159.83,55.85],[-159.62,55.81],[-159.71,55.67],[-159.62,55.61],[-159.48,55.83],[-159.1,55.93],[-158.93,55.92],[-158.53,56],[-158.35,56.23],[-158.34,56.33],[-158.63,56.3],[-158.43,56.44],[-158.17,56.46],[-158.07,56.51],[-157.88,56.48],[-157.91,56.65],[-157.57,56.72],[-157.43,56.78],[-157.19,56.78],[-156.89,56.95],[-156.56,57.01],[-156.49,57.11],[-156.35,57.18],[-156.39,57.32],[-156.34,57.42],[-155.82,57.57],[-155.61,57.67],[-155.62,57.78],[-155.39,57.73],[-155.33,57.83],[-155.07,57.9],[-155.02,58.03],[-154.79,58],[-154.58,58.03],[-154.44,58.14],[-154.28,58.13],[-154.17,58.22],[-154.3,58.32],[-154,58.39],[-153.9,58.62],[-153.69,58.62],[-153.44,58.73],[-153.33,58.93],[-153.71,59.07],[-154.02,59.08],[-154.15,59.2],[-154.08,59.38],[-153.75,59.44],[-153.79,59.54],[-153.59,59.57],[-153.47,59.66],[-153.35,59.64],[-153.04,59.72],[-153.02,59.89],[-152.74,59.91],[-152.59,60.09],[-152.7,60.17],[-152.42,60.3],[-152.34,60.48],[-152.05,60.67],[-151.84,60.75],[-151.75,60.92],[-151.57,61],[-151.15,61.06],[-151.06,61.16],[-150.63,61.3],[-150.45,61.25],[-149.89,61.24],[-150.07,61.16],[-149.62,61],[-150.04,60.92],[-150.22,60.94],[-150.45,61.03],[-150.76,60.93],[-151.07,60.79],[-151.42,60.72],[-151.29,60.55],[-151.31,60.39],[-151.39,60.36],[-151.46,60.19],[-151.71,60.04],[-151.88,59.79],[-151.75,59.68],[-151.47,59.64],[-151.1,59.72],[-151.27,59.56],[-151.44,59.49],[-151.65,59.49],[-151.89,59.41],[-151.98,59.28],[-151.68,59.16],[-151.4,59.26],[-151.11,59.22],[-150.89,59.26],[-150.92,59.33],[-150.65,59.42],[-150.55,59.54],[-150.33,59.48],[-150.18,59.53],[-149.87,59.74],[-149.75,59.71],[-149.74,59.95],[-149.58,59.9],[-149.34,60.02],[-148.93,59.97],[-148.56,59.96],[-148.4,59.99],[-148.28,60.13],[-148.11,60.2],[-148.28,60.28],[-147.94,60.44],[-148.08,60.61],[-148.2,60.63],[-148.33,60.82],[-148.17,61.02],[-147.94,60.91],[-147.36,60.89],[-147.29,60.99],[-146.82,61.03],[-146.44,60.7],[-146.25,60.73],[-146.2,60.64],[-145.91,60.7],[-145.68,60.61],[-145.94,60.46],[-145.57,60.45],[-145.4,60.37],[-145.24,60.37],[-145.02,60.53],[-144.79,60.47],[-144.91,60.38],[-144.57,60.19],[-144.35,60.2],[-143.92,60],[-143.61,60.05],[-143.2,60.07],[-142.8,60.11],[-141.97,60.03],[-141.73,59.96],[-141.39,60.04],[-141.27,59.94],[-141.27,59.85],[-140.86,59.75],[-140.62,59.71],[-140.32,59.7],[-139.62,59.89],[-139.47,59.72],[-139.66,59.58],[-139.86,59.55],[-139.21,59.32],[-138.98,59.28],[-138.65,59.16],[-138.29,59.08],[-137.98,58.92],[-137.93,58.8],[-137.61,58.62],[-137.13,58.4],[-136.85,58.37],[-136.69,58.23],[-136.49,58.31],[-136.37,58.3],[-136.08,58.35],[-136.03,58.39],[-136.18,58.61],[-136.4,58.66],[-136.49,58.8],[-136.9,58.89],[-136.84,58.96],[-136.21,58.75],[-136.06,58.8],[-135.84,58.53],[-135.89,58.38],[-135.59,58.42],[-135.31,58.25],[-135.09,58.24],[-135.06,58.35],[-135.23,58.61],[-135.23,58.77],[-135.38,58.94],[-135.37,59.09],[-135.23,59.13],[-135.13,58.9],[-135.14,58.83],[-134.78,58.49],[-134.76,58.38],[-134.5,58.35],[-134.24,58.21],[-134.1,58.24],[-134.06,58.07],[-133.86,57.96],[-133.56,57.71],[-133.66,57.62],[-133.49,57.54],[-133.39,57.34],[-133.55,57.18],[-133.08,57.08],[-132.77,56.97],[-132.86,56.92],[-132.67,56.8],[-132.48,56.74],[-132.55,56.64],[-132.34,56.6],[-132.34,56.53],[-132.2,56.47],[-132.16,56.38],[-131.97,56.36],[-131.81,56.2],[-131.96,56.16],[-131.94,56.01],[-132.09,55.85],[-132.26,55.74],[-132.17,55.59],[-131.96,55.5],[-131.83,55.67],[-131.75,55.89],[-131.41,56.01],[-131.18,55.95],[-130.89,55.72],[-130.87,55.34],[-131.06,55.2],[-130.95,55.07],[-130.93,54.82],[-130.73,54.84],[-130.58,54.81],[-130.36,54.91],[-130.1,55.23],[-129.99,55.28],[-130.15,55.55],[-130.17,55.75],[-130.02,55.91],[-130.07,56.08],[-130.4,56.12],[-130.46,56.21],[-130.65,56.26],[-130.84,56.37],[-131.1,56.41],[-131.59,56.6],[-131.8,56.59],[-131.87,56.79],[-132.11,56.86],[-132.03,57.03],[-132.34,57.08],[-132.23,57.2],[-132.55,57.5],[-132.92,57.88],[-133.07,58.01],[-133.17,58.15],[-133.37,58.29],[-133.39,58.4],[-133.63,58.55],[-133.87,58.74],[-134.22,58.84],[-134.4,58.98],[-134.4,59.05],[-134.58,59.13],[-134.71,59.24],[-134.93,59.27],[-135.1,59.42],[-135.02,59.54],[-135.26,59.7],[-135.48,59.79],[-135.92,59.67],[-136.26,59.62],[-136.27,59.49],[-136.47,59.46],[-136.47,59.29],[-136.61,59.15],[-136.84,59.15],[-137.28,58.99],[-137.42,58.91],[-137.61,59.24],[-138.6,59.75],[-138.7,59.89],[-139,59.98],[-139.18,60.07],[-139.07,60.3],[-139.1,60.35],[-139.63,60.33],[-140.02,60.19],[-140.42,60.29],[-140.53,60.22],[-141,60.32],[-141,61.05],[-141,62.22],[-141,63.09],[-141,64.26],[-141,65.28],[-141,66.01],[-141,67.03],[-141,67.76],[-141,68.34],[-141.01,69.65]]],[[[-132.7,54.7],[-132.72,54.78],[-132.94,54.95],[-133,55.06],[-133.22,55.1],[-133.04,54.88],[-132.86,54.75],[-132.7,54.7]]],[[[-131.48,55.01],[-131.36,55.03],[-131.4,55.22],[-131.53,55.15],[-131.62,55.02],[-131.48,55.01]]],[[[-131.82,55.41],[-131.85,55.3],[-131.74,55.14],[-131.64,55.3],[-131.82,55.41]]],[[[-130.96,55.59],[-130.94,55.65],[-131.18,55.92],[-131.28,55.97],[-131.58,55.91],[-131.71,55.74],[-131.65,55.55],[-131.81,55.48],[-131.66,55.34],[-131.19,55.19],[-131.06,55.26],[-130.96,55.59]]],[[[-133.61,56.08],[-133.79,55.94],[-133.63,55.92],[-133.4,56.03],[-133.39,56.16],[-133.61,56.08]]],[[[-132.55,56.3],[-132.68,56.23],[-132.65,56.06],[-132.45,56.07],[-132.43,55.97],[-132.3,55.92],[-132.12,55.95],[-132.17,56.05],[-132.09,56.11],[-132.36,56.22],[-132.38,56.33],[-132.55,56.3]]],[[[-131.98,54.83],[-132,55.03],[-131.97,55.21],[-132.09,55.28],[-132.43,55.55],[-132.46,55.78],[-132.74,56],[-133,56.06],[-133.07,56.25],[-133.29,56.31],[-133.59,56.35],[-133.61,56.21],[-133.26,56.15],[-133.24,55.9],[-133.15,55.82],[-133.31,55.76],[-133.36,55.62],[-133.25,55.59],[-133.01,55.39],[-133.17,55.39],[-133.21,55.28],[-132.96,55.28],[-132.61,55.12],[-132.58,54.95],[-132.39,54.94],[-132.25,54.74],[-132,54.69],[-131.98,54.83]]],[[[-132.61,56.4],[-132.7,56.46],[-132.92,56.45],[-133.04,56.33],[-132.82,56.24],[-132.65,56.28],[-132.61,56.4]]],[[[-132,56.34],[-132.12,56.34],[-132.34,56.48],[-132.35,56.28],[-132.24,56.2],[-132.01,56.14],[-131.93,56.2],[-132,56.34]]],[[[-132.96,56.79],[-132.88,56.64],[-132.92,56.51],[-132.79,56.5],[-132.53,56.6],[-132.82,56.8],[-132.96,56.79]]],[[[-133.88,56.49],[-133.71,56.6],[-133.8,56.78],[-134.01,56.89],[-134.18,56.92],[-134.41,56.84],[-134.4,56.73],[-134.07,56.46],[-134.24,56.4],[-134.26,56.32],[-134.21,56.06],[-133.9,56.22],[-133.98,56.28],[-133.84,56.43],[-133.88,56.49]]],[[[-133.91,57.08],[-134.02,57.02],[-133.69,56.79],[-133.65,56.59],[-133.66,56.46],[-133.53,56.44],[-133.35,56.48],[-133.15,56.46],[-133.09,56.61],[-132.93,56.64],[-132.99,56.81],[-132.98,56.94],[-133.11,57],[-133.39,57],[-133.58,57.05],[-133.91,57.08]]],[[[-152.91,57.17],[-153.15,57.17],[-153.26,57.21],[-153.41,57.08],[-153.33,57.02],[-152.91,57.17]]],[[[-135.6,57.17],[-135.61,57.28],[-135.82,57.33],[-135.76,57.11],[-135.84,56.99],[-135.63,57.01],[-135.6,57.17]]],[[[-134.62,56.74],[-134.73,57.02],[-134.91,57.34],[-135.38,57.55],[-135.66,57.36],[-135.31,57.05],[-135.37,56.83],[-135.17,56.83],[-135.05,56.54],[-134.75,56.22],[-134.65,56.34],[-134.61,56.6],[-134.62,56.74]]],[[[-152.16,57.63],[-152.47,57.66],[-152.46,57.77],[-152.36,57.8],[-152.49,57.91],[-153.17,57.97],[-153.19,57.81],[-153.57,57.84],[-153.72,57.9],[-153.93,57.81],[-153.93,57.73],[-153.75,57.56],[-153.89,57.41],[-154,57.63],[-154.22,57.68],[-154.63,57.51],[-154.81,57.35],[-154.6,57.26],[-154.53,57.18],[-154.53,56.99],[-154.3,56.92],[-154.16,56.97],[-153.88,56.98],[-154.13,56.79],[-153.96,56.75],[-153.56,56.99],[-153.61,57.02],[-153.25,57.24],[-153.1,57.22],[-152.6,57.37],[-152.61,57.48],[-152.36,57.43],[-152.16,57.63]]],[[[-135.85,57.39],[-135.71,57.37],[-135.55,57.47],[-135.63,57.71],[-135.06,57.47],[-134.81,57.5],[-134.91,57.76],[-135.33,57.73],[-135.37,57.81],[-134.94,57.81],[-134.93,58.03],[-135.39,58.14],[-135.81,58.27],[-135.98,58.17],[-136.1,58.22],[-136.22,58.15],[-136.4,58.13],[-136.3,58.01],[-136.42,57.83],[-136.09,57.69],[-136.14,57.66],[-135.85,57.39]]],[[[-134.6,58.24],[-134.28,58.22],[-134.48,58.33],[-134.6,58.24]]],[[[-134.35,57.09],[-134.15,57.2],[-134.14,57.35],[-133.98,57.31],[-133.86,57.36],[-133.94,57.62],[-134.21,57.84],[-134.31,57.98],[-134.16,57.98],[-134.19,58.17],[-134.69,58.17],[-134.87,58.37],[-134.95,58.3],[-134.8,58.11],[-134.72,57.9],[-134.72,57.75],[-134.56,57.48],[-134.54,57.3],[-134.63,57.2],[-134.57,57.03],[-134.35,57.09]]],[[[-151.97,58.33],[-152.1,58.31],[-152.38,58.35],[-152.65,58.48],[-152.78,58.37],[-152.79,58.29],[-153.04,58.31],[-153.23,58.17],[-153.01,58.05],[-152.8,57.99],[-152.46,58.14],[-152.3,58.26],[-152.13,58.17],[-151.97,58.24],[-151.97,58.33]]],[[[-152.64,58.52],[-152.5,58.47],[-152.36,58.55],[-152.47,58.62],[-152.64,58.52]]],[[[-160.95,58.74],[-161.06,58.7],[-161.07,58.55],[-160.9,58.57],[-160.69,58.81],[-160.95,58.74]]],[[[-147.11,60.29],[-147.3,60.23],[-147.38,60.14],[-147.78,59.94],[-147.88,59.78],[-147.49,59.94],[-147.23,60.13],[-147.01,60.23],[-147.11,60.29]]],[[[-146.19,60.4],[-146.35,60.47],[-146.59,60.48],[-146.72,60.39],[-146.49,60.36],[-146.19,60.4]]],[[[-91.8,29.49],[-91.72,29.58],[-91.93,29.65],[-92.02,29.57],[-91.8,29.49]]],[[[-120.04,34.04],[-120.22,33.99],[-120.11,33.89],[-120,33.94],[-120.04,34.04]]],[[[-119.53,34.03],[-119.63,34.01],[-119.86,34.07],[-119.85,33.97],[-119.72,33.96],[-119.53,34.03]]],[[[-71.92,41.07],[-72.11,41],[-72.15,41.06],[-72.37,41],[-72.46,40.91],[-72.61,40.99],[-72.78,40.97],[-73.11,40.97],[-73.22,40.91],[-73.52,40.92],[-73.72,40.87],[-73.76,40.81],[-73.91,40.79],[-74.04,40.64],[-73.87,40.64],[-73.71,40.58],[-73.56,40.64],[-73.37,40.66],[-73.23,40.72],[-72.95,40.74],[-72.73,40.81],[-72.6,40.8],[-71.93,41.04],[-71.92,41.07]]],[[[-70.58,41.43],[-70.66,41.46],[-70.78,41.35],[-70.51,41.36],[-70.58,41.43]]],[[[-122.36,47.98],[-122.55,48.02],[-122.59,48.31],[-122.74,48.21],[-122.6,48.13],[-122.56,47.99],[-122.36,47.98]]],[[[-177.8,51.8],[-177.95,51.93],[-178.21,51.88],[-177.95,51.73],[-177.8,51.8]]],[[[-177.12,51.93],[-177.22,51.82],[-177.38,51.73],[-177.28,51.68],[-177.13,51.73],[-177.12,51.93]]],[[[-176.44,51.79],[-176.64,51.86],[-176.91,51.79],[-176.88,51.72],[-176.59,51.69],[-176.44,51.79]]],[[[-173.12,52.11],[-173.51,52.11],[-173.65,52.15],[-173.9,52.14],[-173.84,52.04],[-173.48,52.03],[-173.12,52.11]]],[[[-172.41,52.39],[-172.56,52.35],[-172.53,52.25],[-172.31,52.32],[-172.41,52.39]]],[[[-174.05,52.24],[-173.99,52.31],[-174.19,52.42],[-174.34,52.34],[-174.23,52.25],[-174.6,52.11],[-174.4,52.05],[-174.1,52.14],[-174.05,52.24]]],[[[-167.86,53.39],[-167.81,53.52],[-168.01,53.57],[-168.2,53.54],[-168.41,53.41],[-168.36,53.27],[-168.61,53.28],[-168.76,53.19],[-168.75,52.96],[-168.49,53.04],[-168.29,53.24],[-168.14,53.27],[-167.86,53.39]]],[[[-166.29,53.73],[-166.52,53.79],[-166.23,53.89],[-166.64,53.88],[-166.61,53.99],[-166.75,54.02],[-167.02,53.96],[-167.15,53.82],[-167.04,53.76],[-167.13,53.63],[-167.16,53.48],[-167.32,53.42],[-167.47,53.43],[-167.72,53.38],[-167.85,53.31],[-167.66,53.24],[-167.39,53.34],[-166.88,53.48],[-166.66,53.5],[-166.55,53.63],[-166.29,53.73]]],[[[-165.74,54.13],[-165.88,54.21],[-166.09,54.17],[-166.07,54.08],[-165.77,54.07],[-165.74,54.13]]],[[[-154.9,19.57],[-155.09,19.86],[-155.17,19.95],[-155.33,20.05],[-155.53,20.13],[-155.59,20.12],[-155.74,20.24],[-155.87,20.26],[-155.88,20.11],[-155.82,20.02],[-155.93,19.87],[-156.06,19.73],[-155.98,19.61],[-155.89,19.33],[-155.92,19.14],[-155.88,19.03],[-155.68,18.93],[-155.62,18.96],[-155.5,19.14],[-155.29,19.26],[-155.2,19.26],[-154.98,19.34],[-154.82,19.48],[-154.9,19.57]]],[[[-156.85,20.88],[-156.99,20.93],[-156.96,20.73],[-156.83,20.76],[-156.85,20.88]]],[[[-156,20.8],[-156.12,20.84],[-156.3,20.95],[-156.48,20.9],[-156.54,21],[-156.67,21],[-156.7,20.92],[-156.62,20.81],[-156.46,20.78],[-156.43,20.61],[-156.3,20.58],[-156.13,20.62],[-156,20.69],[-156,20.8]]],[[[-156.75,21.17],[-156.9,21.17],[-157.17,21.21],[-157.25,21.18],[-157.27,21.09],[-157.07,21.1],[-156.91,21.06],[-156.76,21.1],[-156.75,21.17]]],[[[-157.71,21.35],[-157.84,21.46],[-157.96,21.71],[-158.12,21.59],[-158.24,21.59],[-158.23,21.48],[-158.09,21.29],[-157.88,21.3],[-157.79,21.26],[-157.71,21.35]]],[[[-159.3,22.15],[-159.4,22.24],[-159.59,22.22],[-159.72,22.16],[-159.78,22.06],[-159.76,21.98],[-159.6,21.89],[-159.44,21.87],[-159.33,21.96],[-159.3,22.15]]],[[[179.78,51.97],[179.64,52.03],[179.5,51.92],[179.64,51.87],[179.78,51.97]]],[[[173.38,52.83],[173.26,52.87],[173.13,53],[172.97,52.97],[172.66,53.01],[172.64,52.87],[172.94,52.75],[173.09,52.83],[173.38,52.83]]],[[[-163.07,54.69],[-163.14,54.77],[-163.37,54.79],[-163.43,54.94],[-163.57,55.06],[-163.92,55.04],[-164.31,54.89],[-164.55,54.88],[-164.7,54.68],[-164.96,54.59],[-164.84,54.42],[-164.65,54.39],[-164.41,54.44],[-164.33,54.54],[-164.13,54.62],[-163.79,54.64],[-163.62,54.61],[-163.43,54.68],[-163.07,54.69]]],[[[-160.5,55.2],[-160.57,55.33],[-160.7,55.41],[-160.85,55.33],[-160.85,55.22],[-160.57,55.16],[-160.5,55.2]]],[[[-165.58,59.95],[-165.73,60.18],[-165.68,60.3],[-165.81,60.35],[-165.99,60.32],[-166.18,60.4],[-166.46,60.39],[-166.8,60.29],[-166.87,60.21],[-167.29,60.24],[-167.44,60.2],[-167.19,60.03],[-166.61,59.86],[-166.24,59.81],[-165.98,59.88],[-165.6,59.91],[-165.58,59.95]]],[[[-168.74,63.28],[-169.01,63.35],[-169.48,63.35],[-169.6,63.42],[-169.78,63.44],[-170.04,63.53],[-170.08,63.62],[-170.3,63.7],[-170.66,63.67],[-170.94,63.57],[-171.5,63.65],[-171.72,63.75],[-171.85,63.52],[-171.74,63.38],[-171.44,63.32],[-171.08,63.45],[-170.86,63.46],[-170.44,63.36],[-170.11,63.2],[-169.82,63.13],[-169.65,62.95],[-169.53,63.09],[-169.29,63.19],[-168.81,63.17],[-168.74,63.28]]],[[[-68.24,44.43],[-68.38,44.4],[-68.41,44.26],[-68.18,44.33],[-68.24,44.43]]]]},"properties":{"iso_a2":"US","name":"United States"}},{"type":"Feature","geometry":{"type":"MultiPolygon","coordinates":[[[[-122.75,48.99],[-121.11,48.99],[-120.23,48.99],[-119.36,48.99],[-118.04,48.99],[-116.94,48.99],[-116.28,48.99],[-115.18,48.99],[-113.86,48.99],[-112.76,48.99],[-111.66,48.99],[-110.78,48.99],[-109.68,48.99],[-108.58,48.99],[-107.71,48.99],[-106.83,48.99],[-105.73,48.99],[-104.19,48.99],[-102.87,48.99],[-101.99,48.99],[-101.11,48.99],[-100.01,48.99],[-98.91,48.99],[-97.59,48.99],[-96.72,48.99],[-95.18,48.99],[-95.16,49.37],[-94.84,49.31],[-94.81,49.17],[-94.71,48.92],[-94.71,48.81],[-94.59,48.73],[-94.31,48.71],[-94.23,48.65],[-93.87,48.64],[-93.76,48.52],[-93.49,48.54],[-93.45,48.6],[-93.26,48.63],[-92.98,48.62],[-92.65,48.54],[-92.53,48.45],[-92.37,48.22],[-92.3,48.31],[-92.04,48.34],[-91.96,48.23],[-91.74,48.18],[-91.69,48.1],[-91.43,48.04],[-91.28,48.07],[-90.92,48.23],[-90.84,48.22],[-90.79,48.1],[-90.53,48.09],[-90.18,48.12],[-90.07,48.1],[-89.98,48.01],[-89.34,47.98],[-88.64,48.26],[-88.35,48.3],[-87.78,48.08],[-86.74,47.67],[-86.11,47.41],[-84.88,46.9],[-84.77,46.63],[-84.59,46.48],[-84.42,46.51],[-84.11,46.53],[-84.16,46.43],[-84.09,46.2],[-83.96,46.06],[-83.84,46.12],[-83.61,46.12],[-83.47,45.99],[-83.64,45.77],[-83.48,45.77],[-82.59,45.37],[-82.53,45.29],[-82.34,44.45],[-82.15,43.61],[-82.15,43.55],[-82.41,43.05],[-82.48,42.82],[-82.51,42.65],[-82.8,42.42],[-83.04,42.33],[-83.13,42.24],[-83.16,42],[-83.07,41.85],[-82.71,41.68],[-82.42,41.68],[-81.28,42.21],[-80.25,42.37],[-79.02,42.8],[-78.92,42.95],[-79.03,43.01],[-79.06,43.28],[-79.17,43.47],[-78.69,43.63],[-78,43.63],[-76.84,43.63],[-76.8,43.65],[-76.45,44.08],[-76.21,44.22],[-76.07,44.35],[-75.87,44.41],[-75.7,44.58],[-75.27,44.86],[-74.87,45.01],[-74.71,45],[-74.53,45.09],[-74.47,45.16],[-74.2,45.27],[-74.15,45.32],[-73.96,45.35],[-74.08,45.46],[-73.91,45.54],[-73.75,45.68],[-73.49,45.73],[-73.29,45.88],[-73.16,46.08],[-73.02,46.11],[-72.99,46.21],[-72.84,46.27],[-72.6,46.3],[-72.46,46.4],[-72.26,46.47],[-72.23,46.55],[-72.06,46.59],[-71.88,46.69],[-71.69,46.67],[-71.35,46.74],[-70.96,47.02],[-70.71,47.12],[-70.6,47.25],[-70.5,47.43],[-70.24,47.5],[-70.2,47.6],[-69.93,47.77],[-69.74,48.12],[-69.87,48.16],[-70.03,48.25],[-70.16,48.25],[-70.48,48.36],[-70.74,48.36],[-70.75,48.43],[-70.43,48.36],[-70.37,48.37],[-70.14,48.27],[-69.98,48.28],[-69.8,48.16],[-69.65,48.16],[-69.45,48.3],[-69.29,48.47],[-69.23,48.59],[-69.14,48.6],[-69.06,48.77],[-68.78,48.91],[-68.64,48.92],[-68.64,49.02],[-68.37,49.14],[-68.18,49.12],[-68.12,49.27],[-67.38,49.34],[-67.24,49.48],[-67.23,49.61],[-67.15,49.82],[-67.04,49.83],[-66.95,49.99],[-66.75,50.05],[-66.47,50.27],[-66.36,50.2],[-66.11,50.2],[-65.93,50.29],[-65.74,50.26],[-65.26,50.32],[-64.89,50.27],[-64.63,50.28],[-64.44,50.32],[-64.14,50.27],[-63.99,50.31],[-63.72,50.3],[-63.6,50.25],[-63.25,50.24],[-63.18,50.29],[-62.79,50.31],[-62.6,50.28],[-62.34,50.29],[-62.21,50.24],[-61.85,50.22],[-61.72,50.1],[-61.31,50.2],[-61.17,50.19],[-60.84,50.26],[-60.6,50.22],[-60.5,50.25],[-60.11,50.23],[-59.85,50.31],[-59.8,50.45],[-59.58,50.48],[-59.41,50.67],[-59.12,50.8],[-58.99,50.79],[-58.95,51.04],[-58.63,51.15],[-58.63,51.23],[-58.45,51.32],[-58.33,51.28],[-57.98,51.33],[-57.75,51.46],[-57.45,51.45],[-57.28,51.51],[-57.19,51.42],[-56.97,51.43],[-56.34,51.78],[-56.21,51.8],[-55.93,51.93],[-55.89,52.01],[-55.68,52.11],[-55.73,52.27],[-55.74,52.49],[-56.01,52.52],[-55.93,52.64],[-56.06,52.77],[-55.81,52.83],[-55.83,52.92],[-55.96,53.02],[-55.75,53.15],[-55.86,53.25],[-55.86,53.37],[-56.03,53.43],[-56.04,53.58],[-56.43,53.62],[-56.63,53.66],[-56.63,53.74],[-56.98,53.73],[-57.13,53.62],[-57.13,53.55],[-57.27,53.49],[-57.46,53.65],[-57.15,53.74],[-57.36,54.14],[-58.01,54.24],[-58.23,54.24],[-58.42,54.14],[-58.22,54.06],[-58.84,53.95],[-59.07,53.8],[-59.02,53.71],[-59.33,53.66],[-59.51,53.56],[-59.86,53.5],[-60.03,53.36],[-60.25,53.28],[-60.2,53.44],[-60.11,53.55],[-60.07,53.71],[-59.79,53.85],[-59.47,53.83],[-59.22,53.93],[-59.03,53.95],[-58.86,54.05],[-58.65,54.04],[-58.46,54.15],[-58.47,54.23],[-58.24,54.26],[-58.19,54.36],[-57.53,54.43],[-57.37,54.53],[-57.45,54.65],[-57.67,54.63],[-57.86,54.75],[-58.14,54.74],[-58.2,54.8],[-58.68,54.82],[-58.88,54.9],[-59.03,55.02],[-58.95,55.13],[-59.14,55.16],[-59.25,55.22],[-59.36,55.1],[-59.5,55.15],[-59.94,55.24],[-60.29,55.23],[-60.46,55.15],[-60.36,55.39],[-60.2,55.49],[-60.43,55.63],[-60.33,55.76],[-60.49,55.81],[-60.94,55.87],[-61.07,55.85],[-61.14,55.97],[-61.4,55.96],[-61.47,56.03],[-61.35,56.1],[-61.37,56.23],[-61.55,56.2],[-61.63,56.28],[-61.85,56.39],[-61.76,56.49],[-61.87,56.64],[-61.69,56.73],[-61.65,56.87],[-61.5,56.98],[-61.34,56.99],[-61.38,57.12],[-61.53,57.16],[-61.86,57.17],[-61.94,57.26],[-61.82,57.38],[-62.03,57.46],[-62.33,57.47],[-62.24,57.55],[-62.07,57.55],[-61.89,57.63],[-62.07,57.9],[-62.49,57.98],[-62.3,58.03],[-62.53,58.15],[-62.97,58.1],[-63.08,58.16],[-62.66,58.18],[-62.58,58.5],[-62.78,58.5],[-63.01,58.43],[-63.18,58.5],[-62.86,58.66],[-62.93,58.82],[-63.18,58.92],[-63.16,59.03],[-63.44,59.12],[-63.39,59.29],[-63.53,59.35],[-63.81,59.38],[-63.73,59.51],[-64.15,59.68],[-64.19,59.78],[-64.13,59.91],[-64.22,60.05],[-64.57,60.08],[-64.4,60.15],[-64.42,60.26],[-64.63,60.35],[-64.85,60.37],[-64.95,60.19],[-65.12,60.01],[-65.14,59.9],[-65.42,59.82],[-65.55,59.73],[-65.43,59.53],[-65.45,59.37],[-65.58,59.37],[-65.57,59.25],[-65.74,59.27],[-65.68,59.05],[-65.98,58.92],[-66.11,58.78],[-66.21,58.76],[-66.38,58.85],[-66.47,58.81],[-66.63,58.59],[-66.61,58.5],[-66.95,58.5],[-67.06,58.39],[-67.46,58.29],[-67.66,58.27],[-67.91,58.37],[-67.89,58.5],[-68.27,58.57],[-68.35,58.62],[-68.36,58.78],[-68.64,58.9],[-68.79,58.92],[-69.26,58.9],[-69.49,58.79],[-69.81,58.68],[-70.14,58.76],[-69.83,58.83],[-69.56,58.81],[-69.45,58.9],[-69.53,59.19],[-69.27,59.22],[-69.44,59.36],[-69.63,59.31],[-69.67,59.46],[-69.76,59.49],[-69.52,59.68],[-69.61,59.78],[-69.59,59.88],[-69.77,59.97],[-69.61,60.1],[-69.6,60.23],[-69.77,60.32],[-69.72,60.38],[-69.83,60.53],[-69.69,60.56],[-69.72,60.68],[-69.38,60.8],[-69.39,60.88],[-69.54,61.08],[-69.69,60.96],[-69.92,60.85],[-70.06,60.86],[-70.19,61.09],[-70.43,61.09],[-70.6,61.03],[-70.76,61.09],[-70.94,61.07],[-71.73,61.29],[-71.67,61.33],[-71.75,61.48],[-71.55,61.58],[-71.65,61.65],[-71.99,61.68],[-72.23,61.88],[-72.61,61.97],[-72.62,62.1],[-73.06,62.19],[-73.21,62.31],[-73.57,62.4],[-73.67,62.48],[-73.87,62.47],[-73.98,62.38],[-74.22,62.34],[-74.42,62.25],[-74.7,62.25],[-74.78,62.18],[-75.01,62.27],[-75.33,62.32],[-75.83,62.31],[-75.95,62.36],[-76.6,62.46],[-76.76,62.51],[-77.39,62.56],[-77.66,62.52],[-78.02,62.39],[-78.15,62.3],[-78.17,62.17],[-78.08,61.89],[-77.94,61.69],[-77.79,61.7],[-77.67,61.53],[-77.78,61.46],[-77.75,61.23],[-77.81,61.09],[-78.17,60.87],[-77.61,60.76],[-77.83,60.64],[-77.59,60.5],[-77.74,60.43],[-77.47,60.22],[-77.6,60.12],[-77.56,60.05],[-77.35,60.04],[-77.37,59.9],[-77.29,59.8],[-77.47,59.75],[-77.45,59.66],[-77.72,59.62],[-77.74,59.54],[-77.88,59.49],[-77.77,59.41],[-77.82,59.29],[-78.11,59.21],[-78.09,59.16],[-78.31,58.96],[-78.55,58.92],[-78.47,58.72],[-78.27,58.52],[-78.01,58.42],[-77.96,58.36],[-77.6,58.27],[-77.47,58.21],[-77.08,57.96],[-76.81,57.68],[-76.81,57.61],[-76.59,57.27],[-76.51,56.82],[-76.51,56.44],[-76.54,56.3],[-76.66,56.07],[-77.04,55.78],[-77.11,55.68],[-77.64,55.38],[-77.78,55.27],[-78.16,55.14],[-78.39,55.03],[-78.87,54.91],[-78.97,54.85],[-79.48,54.76],[-79.59,54.63],[-79.44,54.28],[-79.24,54.18],[-79.07,53.99],[-79.06,53.76],[-78.93,53.56],[-79.11,53.51],[-78.94,53.39],[-78.9,53.2],[-78.98,53.07],[-78.89,52.92],[-78.78,52.83],[-78.79,52.66],[-78.52,52.48],[-78.5,52.36],[-78.59,52.11],[-78.75,51.98],[-78.89,51.95],[-78.83,51.86],[-79.04,51.77],[-78.93,51.66],[-78.79,51.61],[-78.79,51.47],[-78.88,51.4],[-79.35,51.66],[-79.56,51.56],[-79.52,51.48],[-79.69,51.4],[-79.74,51.12],[-80.11,51.3],[-80.43,51.36],[-80.44,51.48],[-80.52,51.54],[-80.59,51.71],[-80.78,51.85],[-80.92,51.91],[-80.98,52],[-81.39,52.13],[-81.51,52.24],[-81.56,52.46],[-81.92,52.68],[-81.99,52.8],[-82.3,52.97],[-82.25,53.2],[-82.12,53.28],[-82.22,53.6],[-82.13,53.81],[-82.24,54.07],[-82.43,54.23],[-82.42,54.38],[-82.2,54.83],[-82.28,55.05],[-82.46,55.14],[-82.9,55.17],[-83.04,55.24],[-83.23,55.22],[-83.77,55.28],[-83.93,55.33],[-84.08,55.28],[-84.23,55.3],[-84.61,55.25],[-85.13,55.3],[-85.15,55.36],[-85.44,55.43],[-85.68,55.59],[-85.9,55.66],[-86.29,55.73],[-86.72,55.87],[-86.98,55.93],[-87.32,55.96],[-87.49,56.02],[-87.67,56.15],[-87.98,56.44],[-88.31,56.54],[-88.64,56.69],[-88.89,56.86],[-89.06,56.85],[-89.39,56.93],[-89.83,56.98],[-90.59,57.23],[-91.03,57.27],[-92.22,57.02],[-92.28,57.07],[-92.67,57],[-92.44,57.25],[-92.46,57.45],[-92.76,57.87],[-92.81,58.08],[-92.91,58.2],[-93.13,58.53],[-93.19,58.76],[-93.72,58.79],[-94.06,58.77],[-94.2,58.7],[-94.4,58.71],[-94.48,58.82],[-94.69,58.92],[-94.81,59.02],[-94.79,59.27],[-94.72,59.37],[-94.82,59.65],[-94.77,59.78],[-94.82,59.96],[-94.7,60.11],[-94.71,60.27],[-94.62,60.39],[-94.68,60.48],[-94.52,60.55],[-94.35,60.86],[-94.24,60.9],[-94.05,61.11],[-94.03,61.28],[-93.83,61.33],[-93.98,61.46],[-93.84,61.56],[-93.31,61.73],[-93.59,61.93],[-93.34,61.9],[-93.15,62.03],[-92.98,62.07],[-93.07,62.18],[-92.64,62.26],[-92.74,62.35],[-92.72,62.47],[-92.26,62.56],[-91.98,62.53],[-91.9,62.64],[-92.2,62.67],[-92.46,62.81],[-92.16,62.81],[-91.98,62.85],[-91.44,62.79],[-91.03,62.95],[-90.83,62.94],[-90.64,63.07],[-90.69,63.28],[-90.96,63.46],[-91.59,63.58],[-91.78,63.71],[-92.13,63.71],[-92.63,63.78],[-93.22,63.91],[-93.31,63.83],[-93.65,63.88],[-93.77,63.99],[-93.48,64.03],[-93.07,63.93],[-92.79,63.9],[-92.37,63.78],[-91.51,63.73],[-91.41,63.68],[-90.91,63.57],[-90.45,63.62],[-90.15,63.63],[-89.97,63.82],[-90.12,63.96],[-89.81,63.95],[-89.83,64.11],[-89.56,64.03],[-89.18,64.04],[-88.73,63.97],[-88.04,64.18],[-87.9,64.33],[-87.81,64.52],[-87.6,64.56],[-87.31,64.8],[-86.94,65.14],[-87.05,65.24],[-87.37,65.28],[-87.75,65.27],[-89.04,65.33],[-89.18,65.44],[-89.39,65.5],[-89.49,65.62],[-89.74,65.73],[-90.09,65.82],[-90.04,65.89],[-89.75,65.83],[-89.7,65.95],[-89.34,65.84],[-88.97,65.7],[-88.58,65.65],[-88.55,65.58],[-88.23,65.42],[-87.93,65.33],[-87.38,65.33],[-87.08,65.4],[-87.1,65.47],[-86.83,65.56],[-86.47,65.73],[-86.43,65.9],[-85.97,66.04],[-85.86,66.16],[-86.34,66.29],[-86.62,66.31],[-86.79,66.43],[-86.62,66.51],[-85.75,66.52],[-85.42,66.57],[-85.32,66.48],[-85.27,66.29],[-84.38,66.19],[-84.64,66.34],[-84.45,66.38],[-83.97,66.2],[-83.69,66.2],[-83.96,66.48],[-84.21,66.6],[-84.35,66.76],[-84.55,66.83],[-84.6,66.94],[-84.87,66.95],[-85.13,66.84],[-85.21,66.92],[-85,66.97],[-84.64,66.98],[-84.44,66.94],[-84.27,66.73],[-84,66.7],[-84.01,66.63],[-83.68,66.53],[-83.57,66.37],[-83.37,66.35],[-83.03,66.5],[-83.01,66.55],[-82.59,66.57],[-82.37,66.73],[-82.18,66.77],[-81.95,66.98],[-81.53,67],[-81.41,67.1],[-81.24,67.46],[-81.46,67.63],[-81.64,67.69],[-82.1,67.91],[-82.11,68.11],[-82.31,68.15],[-82.37,68.36],[-82.59,68.5],[-82.02,68.43],[-81.63,68.51],[-81.27,68.64],[-81.23,68.77],[-81.36,68.86],[-81.58,68.87],[-81.73,68.94],[-81.36,69.1],[-81.34,69.19],[-81.75,69.27],[-82.24,69.24],[-82.28,69.42],[-82.62,69.57],[-82.58,69.67],[-83.25,69.71],[-83.75,69.71],[-84.34,69.86],[-84.69,69.85],[-85.1,69.78],[-85.32,69.85],[-85.51,69.77],[-85.46,69.57],[-85.53,69.46],[-85.35,69.2],[-85.22,69.13],[-84.77,69.09],[-84.95,69.02],[-84.92,68.94],[-85.14,68.83],[-85.67,68.73],[-85.73,68.64],[-85.71,68.41],[-85.89,68.19],[-85.9,68.05],[-86.39,67.81],[-86.53,67.69],[-86.5,67.38],[-86.78,67.42],[-86.96,67.37],[-87,67.27],[-87.33,67.17],[-87.48,67.36],[-87.98,67.62],[-88.14,67.67],[-88.37,67.98],[-88.28,68.13],[-88.41,68.28],[-87.85,68.25],[-87.8,68.4],[-87.95,68.61],[-88.02,68.81],[-88.25,68.93],[-88.73,69.08],[-88.94,69.23],[-89.33,69.25],[-89.75,68.95],[-89.69,68.81],[-89.94,68.62],[-89.84,68.54],[-90,68.38],[-90.27,68.24],[-90.36,68.37],[-90.6,68.44],[-90.49,68.54],[-90.56,68.63],[-90.45,68.89],[-90.67,69.09],[-91.03,69.22],[-90.8,69.26],[-90.8,69.37],[-90.48,69.45],[-90.65,69.54],[-91.11,69.51],[-91.25,69.64],[-91.43,69.67],[-91.8,69.51],[-92.1,69.56],[-92.47,69.7],[-92.87,69.7],[-92.26,69.88],[-91.94,70.02],[-92.11,70.09],[-92.47,70.1],[-92.27,70.21],[-91.99,70.12],[-91.54,70.15],[-91.69,70.23],[-91.72,70.36],[-92,70.39],[-92.23,70.51],[-92.21,70.62],[-92.61,70.69],[-92.91,70.9],[-92.87,71.18],[-92.99,71.36],[-93.22,71.47],[-93.82,71.66],[-93.72,71.71],[-94.05,71.79],[-94.54,71.77],[-94.39,71.94],[-94.55,72],[-95.22,71.95],[-95.3,71.72],[-95.49,71.72],[-95.85,71.63],[-95.94,71.55],[-95.46,71.48],[-95.47,71.36],[-95.66,71.29],[-95.99,71.42],[-96.45,71.3],[-96.41,71.07],[-96.62,70.83],[-96.4,70.69],[-96.05,70.61],[-96.33,70.49],[-96.55,70.34],[-96.49,70.1],[-96.26,69.97],[-96.11,69.96],[-95.98,69.79],[-95.65,69.78],[-95.41,69.69],[-94.87,69.57],[-94.56,69.64],[-94.32,69.45],[-93.93,69.44],[-93.68,69.52],[-93.51,69.52],[-93.43,69.36],[-94.03,69.37],[-94.24,69.34],[-94.32,69.16],[-94.15,69.07],[-94.35,69.03],[-94.55,68.89],[-94.64,68.76],[-94.41,68.72],[-94.11,68.76],[-93.92,68.98],[-93.63,68.96],[-93.58,68.86],[-93.72,68.64],[-93.55,68.56],[-93.95,68.48],[-94.2,68.37],[-94.34,68.24],[-94.86,68.03],[-95.23,68.07],[-95.42,68.02],[-95.58,67.9],[-95.54,67.81],[-95.7,67.71],[-95.46,67.64],[-95.26,67.26],[-95.52,67.22],[-95.73,67.38],[-96.07,67.23],[-96.25,67.25],[-96.11,67.42],[-96.46,67.51],[-96.17,67.7],[-96.22,67.78],[-96.09,68.04],[-96.08,68.15],[-96.69,68.29],[-96.93,68.24],[-97.01,68.35],[-97.26,68.47],[-97.86,68.54],[-97.91,68.43],[-98.19,68.31],[-98.43,68.38],[-98.54,68.24],[-98.32,68.17],[-98.45,68.07],[-98.17,67.88],[-97.64,68.01],[-97.12,67.78],[-97.33,67.65],[-97.56,67.6],[-98.09,67.76],[-98.24,67.91],[-98.52,68.05],[-98.73,67.96],[-98.36,67.81],[-98.91,67.71],[-99.25,67.72],[-99.44,67.8],[-100.72,67.85],[-100.96,67.75],[-101.44,67.69],[-101.83,67.72],[-101.95,67.79],[-102.24,67.72],[-102.76,67.82],[-102.95,67.93],[-103.36,68.01],[-103.34,68.11],[-103.88,68.02],[-104.48,68.03],[-104.68,68.14],[-104.6,68.24],[-105.09,68.27],[-105.54,68.45],[-105.41,68.53],[-105.54,68.65],[-105.47,68.72],[-105.81,68.89],[-106.2,68.94],[-107.29,68.7],[-108.28,68.62],[-108.81,68.27],[-108.6,68.26],[-108.34,68.16],[-107.73,68.21],[-107.85,68.33],[-107.55,68.35],[-107.27,68.27],[-106.9,68.39],[-106.57,68.42],[-106.52,68.53],[-105.88,68.64],[-105.7,68.49],[-106.28,68.39],[-106.5,68.2],[-106.81,68.21],[-106.93,68.13],[-107.43,68.04],[-107.88,68.09],[-107.89,67.99],[-107.7,67.9],[-107.94,67.85],[-107.99,67.69],[-107.59,67.5],[-107.66,67.37],[-107.53,67.21],[-107.25,67.08],[-107.4,66.97],[-107.77,67],[-107.69,66.77],[-107.56,66.6],[-107.2,66.38],[-107.28,66.36],[-107.7,66.62],[-107.99,66.83],[-108.21,67.03],[-107.88,67.05],[-107.99,67.28],[-108.44,67.43],[-108.6,67.63],[-108.93,67.53],[-109.07,67.72],[-109.45,67.74],[-109.7,67.81],[-109.97,67.97],[-110.42,67.95],[-111.02,67.77],[-111.15,67.83],[-111.53,67.77],[-111.88,67.76],[-112.42,67.68],[-113.04,67.67],[-113.32,67.71],[-113.86,67.7],[-114.4,67.74],[-114.79,67.82],[-115.12,67.8],[-115.54,67.92],[-115.25,68.04],[-115.18,68.14],[-114.9,68.15],[-114.84,68.26],[-114.34,68.24],[-114.06,68.3],[-113.9,68.4],[-114.06,68.44],[-114.2,68.57],[-114.37,68.61],[-114.52,68.72],[-114.74,68.76],[-115.03,68.88],[-115.59,68.97],[-116.16,68.98],[-116.08,68.89],[-116.21,68.83],[-116.96,68.91],[-117.16,68.89],[-117.37,68.95],[-118.04,69.03],[-118.48,69.13],[-118.67,69.22],[-120.28,69.41],[-120.81,69.62],[-121.43,69.77],[-122.04,69.82],[-122.48,69.8],[-122.95,69.84],[-123.13,69.76],[-123.17,69.5],[-123.66,69.36],[-123.83,69.39],[-124.16,69.35],[-124.44,69.37],[-124.43,69.47],[-124.07,69.67],[-124.51,69.74],[-124.36,70.07],[-124.67,70.08],[-124.86,69.99],[-125.03,69.82],[-125.24,69.77],[-125.42,69.6],[-125.15,69.45],[-125.16,69.39],[-125.94,69.41],[-126.24,69.53],[-126.7,69.77],[-126.87,70],[-127.14,70.25],[-127.44,70.41],[-127.93,70.57],[-128.2,70.45],[-128.03,70.29],[-128.11,70.19],[-128.37,70.1],[-128.31,69.99],[-128.99,69.68],[-129.16,69.72],[-129.17,69.83],[-129.7,69.79],[-130.34,69.7],[-130.46,69.58],[-130.93,69.39],[-131.61,69.48],[-131.97,69.26],[-132.3,69.21],[-132.87,69.06],[-132.77,68.85],[-133.15,68.83],[-133.2,69.04],[-132.91,69.13],[-132.77,69.26],[-132.11,69.36],[-131.98,69.54],[-131.51,69.57],[-131.17,69.64],[-130.94,69.57],[-130.77,69.69],[-130.41,69.8],[-129.6,69.99],[-129.41,70.12],[-129.73,70.26],[-129.89,70.09],[-130.25,70.09],[-130.41,70.14],[-130.94,70.08],[-131.08,69.89],[-131.26,69.94],[-131.62,69.88],[-131.84,69.77],[-132.14,69.69],[-132.55,69.74],[-132.67,69.66],[-132.89,69.66],[-133.01,69.49],[-133.26,69.41],[-133.63,69.4],[-133.7,69.34],[-134.09,69.35],[-133.78,69.49],[-134.12,69.54],[-134.41,69.66],[-134.64,69.48],[-135.15,69.48],[-135.24,69.32],[-135.57,69.35],[-135.84,69.31],[-135.97,69.22],[-135.99,69.02],[-135.82,68.9],[-135.63,68.89],[-135.37,68.78],[-135.64,68.76],[-136.07,68.89],[-136.5,68.92],[-136.66,68.88],[-136.99,68.95],[-137.19,68.95],[-138.1,69.14],[-138.31,69.23],[-138.64,69.28],[-139.14,69.51],[-139.92,69.62],[-140.22,69.6],[-141.01,69.65],[-141,68.34],[-141,67.76],[-141,67.03],[-141,66.01],[-141,65.28],[-141,64.26],[-141,63.09],[-141,62.22],[-141,61.05],[-141,60.32],[-140.53,60.22],[-140.42,60.29],[-140.02,60.19],[-139.63,60.33],[-139.1,60.35],[-139.07,60.3],[-139.18,60.07],[-139,59.98],[-138.7,59.89],[-138.6,59.75],[-137.61,59.24],[-137.42,58.91],[-137.28,58.99],[-136.84,59.15],[-136.61,59.15],[-136.47,59.29],[-136.47,59.46],[-136.27,59.49],[-136.26,59.62],[-135.92,59.67],[-135.48,59.79],[-135.26,59.7],[-135.02,59.54],[-135.1,59.42],[-134.93,59.27],[-134.71,59.24],[-134.58,59.13],[-134.4,59.05],[-134.4,58.98],[-134.22,58.84],[-133.87,58.74],[-133.63,58.55],[-133.39,58.4],[-133.37,58.29],[-133.17,58.15],[-133.07,58.01],[-132.92,57.88],[-132.55,57.5],[-132.23,57.2],[-132.34,57.08],[-132.03,57.03],[-132.11,56.86],[-131.87,56.79],[-131.8,56.59],[-131.59,56.6],[-131.1,56.41],[-130.84,56.37],[-130.65,56.26],[-130.46,56.21],[-130.4,56.12],[-130.07,56.08],[-130.02,55.91],[-130.13,55.74],[-130.1,55.59],[-129.95,55.29],[-130.17,55.09],[-130,54.98],[-130.1,54.9],[-130.2,54.73],[-130.37,54.66],[-130.43,54.57],[-130.46,54.35],[-130.27,54.36],[-130.28,54.21],[-130.11,54.16],[-130.1,53.95],[-130,53.85],[-129.72,53.7],[-129.67,53.62],[-129.33,53.4],[-129.24,53.45],[-129.23,53.63],[-129.13,53.71],[-128.86,53.83],[-128.79,53.78],[-128.78,53.56],[-128.88,53.45],[-128.87,53.31],[-128.55,53.14],[-128.48,52.87],[-128.13,52.75],[-128.24,52.56],[-128.24,52.33],[-128.06,52.41],[-127.8,52.26],[-127.49,52.36],[-127.45,52.41],[-127.22,52.46],[-127.14,52.35],[-127.28,52.24],[-127.64,52.08],[-127.68,51.95],[-127.85,51.92],[-127.89,51.82],[-127.87,51.67],[-127.8,51.6],[-127.68,51.34],[-127.79,51.23],[-127.66,51.1],[-127.5,51.1],[-127.53,51],[-127.43,50.94],[-127.02,50.82],[-126.85,50.94],[-126.75,50.89],[-126.39,50.85],[-126.18,50.85],[-126.02,50.67],[-126.22,50.64],[-126.24,50.5],[-125.95,50.48],[-125.79,50.53],[-125.67,50.44],[-125.34,50.49],[-125.13,50.44],[-124.95,50.33],[-124.7,50.32],[-124.6,50.23],[-124.73,49.95],[-124.4,49.77],[-124.15,49.78],[-123.94,49.83],[-124.06,49.63],[-123.96,49.52],[-123.55,49.39],[-123.49,49.52],[-123.25,49.6],[-123.24,49.41],[-123.14,49.28],[-123.21,49.13],[-123.09,48.99],[-123.03,48.99],[-122.95,49.08],[-122.75,48.99]]],[[[-67.18,45.18],[-67.02,45.17],[-66.91,45.1],[-66.75,45.07],[-66.49,45.16],[-66.43,45.08],[-66.19,45.18],[-66.07,45.27],[-65.91,45.21],[-65.54,45.33],[-65.31,45.46],[-64.99,45.56],[-64.94,45.61],[-64.77,45.61],[-64.58,45.83],[-64.35,45.89],[-64.43,45.71],[-64.65,45.56],[-64.83,45.48],[-64.94,45.35],[-64.7,45.33],[-64.58,45.42],[-64.39,45.37],[-64.31,45.4],[-64.07,45.41],[-63.59,45.4],[-63.85,45.28],[-64.11,45.22],[-64.22,45.11],[-64.39,45.15],[-64.47,45.24],[-64.86,45.14],[-65.23,44.96],[-65.79,44.7],[-65.85,44.56],[-66.03,44.44],[-66.11,44.34],[-66.21,44.11],[-66.15,44],[-66.17,43.87],[-66,43.72],[-65.91,43.82],[-65.77,43.67],[-65.78,43.57],[-65.67,43.5],[-65.41,43.54],[-65.33,43.7],[-65.25,43.67],[-65.02,43.73],[-64.81,43.85],[-64.82,43.95],[-64.67,44],[-64.43,44.23],[-64.27,44.27],[-64.35,44.46],[-64.2,44.58],[-63.93,44.68],[-63.93,44.51],[-63.72,44.46],[-63.52,44.52],[-63.59,44.66],[-63.28,44.64],[-63.12,44.75],[-63.02,44.7],[-62.8,44.79],[-62.66,44.81],[-62.31,44.92],[-61.88,45.03],[-61.81,45.1],[-61.64,45.09],[-61.57,45.15],[-61.39,45.16],[-61.33,45.23],[-61.15,45.24],[-61.14,45.35],[-61.45,45.35],[-61.27,45.44],[-61.47,45.68],[-61.68,45.62],[-61.89,45.7],[-61.92,45.89],[-62.47,45.61],[-62.74,45.76],[-63.07,45.78],[-63.19,45.74],[-63.49,45.88],[-63.67,45.85],[-63.87,45.94],[-63.91,46.06],[-63.81,46.14],[-64.02,46.19],[-64.15,46.17],[-64.25,46.23],[-64.51,46.24],[-64.63,46.33],[-64.61,46.42],[-64.72,46.58],[-64.71,46.69],[-64.82,46.73],[-64.91,46.89],[-64.81,46.99],[-64.82,47.09],[-65.33,47.1],[-64.96,47.29],[-64.87,47.49],[-64.89,47.56],[-64.79,47.68],[-64.67,47.73],[-64.8,47.81],[-64.99,47.79],[-65.03,47.85],[-65.21,47.82],[-65.5,47.68],[-65.63,47.67],[-65.74,47.85],[-66.26,48.01],[-66.27,48.12],[-66.1,48.1],[-65.95,48.2],[-65.78,48.12],[-65.5,48.05],[-65.43,48],[-65.18,48.04],[-64.91,48.18],[-64.78,48.2],[-64.71,48.34],[-64.33,48.42],[-64.2,48.52],[-64.16,48.63],[-64.39,48.78],[-64.22,48.89],[-64.61,49.12],[-64.96,49.22],[-65.57,49.27],[-65.88,49.23],[-66.22,49.21],[-66.62,49.12],[-67.42,48.87],[-67.55,48.86],[-67.96,48.7],[-68.21,48.64],[-68.73,48.38],[-68.81,48.37],[-69.05,48.23],[-69.32,48.03],[-69.44,47.99],[-69.55,47.84],[-69.8,47.62],[-70.03,47.47],[-70.08,47.37],[-70.19,47.32],[-70.39,47.12],[-70.53,47.01],[-70.77,46.92],[-70.97,46.86],[-71.16,46.84],[-71.3,46.75],[-71.71,46.63],[-71.85,46.67],[-72.01,46.57],[-72.19,46.53],[-72.27,46.42],[-72.5,46.36],[-72.73,46.18],[-72.93,46.14],[-73.14,46.06],[-73.26,45.85],[-73.41,45.75],[-73.56,45.41],[-73.69,45.43],[-73.89,45.34],[-73.96,45.27],[-74.4,45.15],[-74.47,45.07],[-74.71,45],[-73.8,45],[-73,45.01],[-71.5,45.01],[-71.39,45.24],[-71.29,45.29],[-71.14,45.25],[-71.02,45.34],[-70.83,45.39],[-70.72,45.47],[-70.69,45.57],[-70.59,45.65],[-70.42,45.72],[-70.41,45.81],[-70.28,45.89],[-70.31,46.08],[-70.28,46.21],[-70.19,46.36],[-70.07,46.42],[-70.01,46.7],[-69.27,47.44],[-69.07,47.43],[-69.04,47.25],[-68.91,47.19],[-68.64,47.25],[-68.54,47.3],[-68.2,47.34],[-67.96,47.2],[-67.81,47.04],[-67.78,45.96],[-67.8,45.7],[-67.66,45.64],[-67.45,45.61],[-67.49,45.49],[-67.43,45.39],[-67.47,45.27],[-67.36,45.17],[-67.18,45.18]]],[[[-53.57,48.19],[-53.65,48.16],[-53.7,48.15],[-53.93,48.18],[-53.87,48.11],[-53.57,48.08],[-53.57,48.19]]],[[[-54.28,49.58],[-54.05,49.64],[-54.15,49.75],[-54.31,49.67],[-54.28,49.58]]],[[[-52.63,47.53],[-52.7,47.76],[-52.8,47.79],[-52.91,47.56],[-53.11,47.43],[-53.22,47.55],[-53.15,47.77],[-53.05,47.93],[-53.04,48.06],[-53.15,48.06],[-53.3,47.99],[-53.5,47.75],[-53.55,47.54],[-53.76,47.63],[-53.85,47.71],[-53.62,48.01],[-53.68,48.08],[-53.9,48.09],[-53.94,48.18],[-53.94,48.23],[-53.84,48.19],[-53.75,48.19],[-53.64,48.17],[-53.54,48.24],[-53.39,48.29],[-53.36,48.36],[-53.19,48.36],[-53.06,48.44],[-52.98,48.6],[-53.03,48.67],[-53.23,48.56],[-53.41,48.62],[-53.52,48.46],[-53.77,48.55],[-53.89,48.63],[-54.02,48.82],[-53.92,48.92],[-53.61,49.04],[-53.45,49.24],[-53.68,49.37],[-54.04,49.48],[-54.48,49.4],[-54.54,49.53],[-54.74,49.33],[-55.22,49.27],[-55.21,49.39],[-55.13,49.47],[-55.16,49.55],[-55.31,49.54],[-55.52,49.44],[-55.7,49.43],[-55.88,49.6],[-55.87,49.69],[-55.71,49.82],[-55.46,49.96],[-55.67,49.98],[-55.72,49.93],[-56.16,50.15],[-56.32,50.04],[-56.4,49.92],[-56.55,49.85],[-56.72,49.69],[-56.8,49.8],[-56.72,49.95],[-56.74,50.03],[-56.52,50.2],[-56.43,50.38],[-55.89,50.9],[-55.74,51.07],[-55.72,51.18],[-55.85,51.23],[-56.02,51.22],[-55.97,51.35],[-55.8,51.35],[-55.62,51.3],[-55.5,51.38],[-55.4,51.56],[-55.51,51.6],[-55.84,51.56],[-55.89,51.63],[-56.11,51.53],[-56.66,51.35],[-56.79,51.24],[-56.79,51.15],[-56.98,50.99],[-56.98,50.88],[-57.3,50.65],[-57.46,50.48],[-57.61,50.17],[-57.91,49.75],[-57.97,49.56],[-58.19,49.44],[-58.23,49.27],[-57.97,49.2],[-58.21,49.07],[-58.42,49.12],[-58.51,48.93],[-58.67,48.73],[-58.71,48.57],[-58.88,48.56],[-58.97,48.68],[-59.23,48.54],[-59.08,48.52],[-58.7,48.56],[-58.54,48.51],[-58.72,48.31],[-59,48.12],[-59.24,48.02],[-59.4,47.88],[-59.28,47.76],[-59.3,47.61],[-59.11,47.56],[-58.92,47.6],[-58.77,47.6],[-58.57,47.64],[-58.1,47.7],[-57.63,47.6],[-57.56,47.64],[-57.33,47.59],[-56.98,47.59],[-56.78,47.53],[-56.67,47.63],[-56.39,47.61],[-56.23,47.63],[-56.14,47.7],[-55.86,47.79],[-55.91,47.66],[-55.86,47.6],[-56.05,47.54],[-55.77,47.46],[-55.66,47.49],[-55.55,47.45],[-55.44,47.47],[-55.37,47.69],[-55.07,47.6],[-54.89,47.62],[-54.95,47.51],[-55.18,47.46],[-55.25,47.41],[-55.3,47.27],[-55.49,47.14],[-55.87,47.08],[-55.98,46.97],[-55.85,46.87],[-55.65,46.87],[-55.58,46.91],[-55.42,46.87],[-55.25,46.92],[-55.19,47.02],[-55.09,47.06],[-55,47.27],[-54.87,47.38],[-54.71,47.36],[-54.53,47.38],[-54.25,47.73],[-54.18,47.88],[-53.97,47.74],[-53.89,47.53],[-53.89,47.39],[-53.99,47.26],[-54.2,46.89],[-54.05,46.81],[-53.95,46.86],[-53.57,47.16],[-53.6,46.99],[-53.55,46.93],[-53.64,46.84],[-53.62,46.66],[-53.55,46.62],[-53.37,46.74],[-53.21,46.64],[-53.07,46.67],[-52.94,46.79],[-52.85,47.03],[-52.81,47.27],[-52.66,47.44],[-52.63,47.53]]],[[[-127.92,51.52],[-128.01,51.72],[-128.16,51.63],[-128.09,51.49],[-127.92,51.52]]],[[[-128.14,51.86],[-128.04,51.84],[-127.95,51.99],[-128,52.07],[-128.16,52.04],[-128.24,51.89],[-128.14,51.86]]],[[[-128.23,52.21],[-128.45,52.24],[-128.52,52.16],[-128.3,52.13],[-128.23,52.21]]],[[[-127.24,52.43],[-127.41,52.39],[-127.51,52.31],[-127.82,52.2],[-127.89,51.95],[-127.7,52],[-127.64,52.14],[-127.45,52.24],[-127.28,52.29],[-127.24,52.43]]],[[[-128.56,52.61],[-128.72,52.6],[-128.68,52.5],[-128.47,52.49],[-128.56,52.61]]],[[[-128.31,52.43],[-128.32,52.69],[-128.45,52.74],[-128.44,52.53],[-128.31,52.43]]],[[[-128.93,52.61],[-129.26,52.83],[-129.29,52.76],[-129.06,52.52],[-128.93,52.61]]],[[[-131.11,52.17],[-131.14,52.32],[-131.33,52.3],[-131.25,52.42],[-131.66,52.54],[-131.77,52.78],[-131.62,52.92],[-131.61,53.06],[-131.9,53.24],[-132.06,53.16],[-132.46,53.13],[-132.5,53.04],[-132.23,53.03],[-132.34,52.94],[-132.13,52.76],[-131.94,52.65],[-131.88,52.58],[-131.68,52.49],[-131.38,52.2],[-131.18,52.12],[-131.11,52.17]]],[[[-128.8,52.7],[-128.75,52.6],[-128.61,52.61],[-128.53,52.85],[-128.54,53.02],[-128.62,53.16],[-128.9,53.29],[-129.08,53.3],[-129.08,53.11],[-129.19,53.02],[-129.06,52.74],[-128.89,52.66],[-128.8,52.7]]],[[[-129.29,53.11],[-129.13,53.12],[-129.18,53.31],[-129.32,53.22],[-129.29,53.11]]],[[[-128.91,53.41],[-129.02,53.53],[-129.15,53.36],[-128.93,53.33],[-128.91,53.41]]],[[[-129.74,53.24],[-129.97,53.46],[-130.26,53.58],[-130.5,53.64],[-130.53,53.56],[-130.31,53.39],[-130.09,53.31],[-129.94,53.17],[-129.74,53.24]]],[[[-129.17,53.39],[-129.09,53.51],[-128.98,53.59],[-128.88,53.58],[-128.84,53.72],[-129.06,53.68],[-129.16,53.63],[-129.17,53.39]]],[[[-130.41,53.69],[-130.33,53.62],[-130.09,53.57],[-130.14,53.7],[-130.29,53.76],[-130.41,53.69]]],[[[-130.25,53.89],[-130.2,53.73],[-130.1,53.71],[-130.03,53.58],[-129.93,53.6],[-129.8,53.38],[-129.57,53.22],[-129.34,53.36],[-129.68,53.59],[-129.83,53.74],[-130.2,53.92],[-130.25,53.89]]],[[[-130.45,53.98],[-130.48,53.84],[-130.34,53.85],[-130.23,53.97],[-130.39,54.1],[-130.67,53.99],[-130.54,53.91],[-130.45,53.98]]],[[[-132.58,53.21],[-132.4,53.15],[-132.22,53.23],[-132.01,53.25],[-131.91,53.36],[-131.94,53.52],[-131.87,53.78],[-131.69,53.99],[-131.71,54.12],[-131.92,54.04],[-132.13,54.03],[-132.08,53.89],[-132.19,53.77],[-132.16,53.7],[-132.38,53.65],[-132.52,53.7],[-132.24,53.78],[-132.11,53.88],[-132.15,53.99],[-132.3,54.11],[-132.54,54.04],[-132.58,54.12],[-133.04,54.17],[-133.04,54.03],[-133.14,53.9],[-132.98,53.76],[-132.89,53.62],[-132.93,53.52],[-132.71,53.37],[-132.76,53.32],[-132.58,53.21]]],[[[-61.63,56.85],[-61.65,56.74],[-61.45,56.63],[-61.35,56.86],[-61.46,56.96],[-61.63,56.85]]],[[[-61.61,57.42],[-61.68,57.54],[-61.9,57.45],[-61.61,57.42]]],[[[-61.9,57.76],[-61.74,57.71],[-61.65,57.79],[-61.8,57.85],[-61.9,57.76]]],[[[-69.1,59.13],[-69.35,59.14],[-69.23,58.98],[-69.1,59.13]]],[[[-104.49,68.52],[-104.68,68.58],[-105.06,68.55],[-104.65,68.4],[-104.43,68.44],[-104.49,68.52]]],[[[-101.69,68.77],[-101.98,68.83],[-102.29,68.66],[-101.83,68.58],[-101.68,68.67],[-101.69,68.77]]],[[[-100.21,68.8],[-100.23,68.93],[-100.4,69.03],[-100.63,69],[-100.62,68.77],[-100.36,68.72],[-100.21,68.8]]],[[[-96.55,69.48],[-96.15,69.37],[-96.15,69.56],[-96.64,69.56],[-96.55,69.48]]],[[[-95.94,69.42],[-95.78,69.47],[-95.53,69.33],[-95.41,69.39],[-95.38,69.52],[-95.63,69.62],[-95.92,69.59],[-95.94,69.42]]],[[[-95.21,68.86],[-95.57,68.83],[-95.85,68.89],[-95.98,69.05],[-95.95,69.14],[-96.22,69.31],[-96.53,69.43],[-96.89,69.5],[-97.22,69.68],[-97.73,69.86],[-98.02,69.89],[-98.33,69.7],[-98.37,69.57],[-98.6,69.56],[-98.61,69.44],[-98.39,69.32],[-98.65,69.3],[-98.71,69.2],[-99.01,69.14],[-99.31,69.16],[-99.59,69.04],[-99.42,68.89],[-99.18,68.83],[-98.86,68.83],[-98.52,68.75],[-98.27,68.74],[-97.76,68.65],[-97.56,68.56],[-97.16,68.52],[-97.04,68.55],[-96.52,68.45],[-96.3,68.48],[-95.73,68.73],[-95.44,68.74],[-95.21,68.86]]],[[[-100.35,70.49],[-100.34,70.61],[-100.66,70.55],[-100.35,70.49]]],[[[-100.87,69.81],[-101,70.18],[-101.55,70.12],[-101.69,70.31],[-101.95,70.27],[-102.41,70.43],[-103.12,70.58],[-103.54,70.6],[-104.02,70.78],[-104.1,70.9],[-104.59,71.07],[-104.46,71.21],[-104.5,71.33],[-104.28,71.36],[-104.41,71.51],[-104.38,71.6],[-104.84,71.95],[-104.96,72.16],[-105.28,72.44],[-105.2,72.48],[-105.46,72.7],[-105.39,72.8],[-105.83,73.05],[-106.25,73.09],[-106.87,73.32],[-107.45,73.29],[-108.01,73.36],[-108.05,73.24],[-108.3,73.13],[-108.16,73.05],[-108.14,72.89],[-107.87,72.57],[-107.89,72.47],[-107.73,72.33],[-107.78,72.14],[-107.6,72.01],[-107.25,71.9],[-107.67,71.71],[-107.99,71.68],[-108.29,71.8],[-108.19,71.95],[-108.42,71.99],[-108.41,72.13],[-108.66,72.36],[-108.63,72.57],[-108.87,72.61],[-109.18,72.77],[-109.38,72.77],[-110.08,73],[-110.7,73.01],[-110.48,72.84],[-110.23,72.82],[-110.17,72.69],[-109.79,72.5],[-110.05,72.44],[-110.24,72.53],[-110.73,72.57],[-111.09,72.41],[-111.57,72.39],[-111.29,72.57],[-111.22,72.72],[-112.08,72.9],[-113.01,73.02],[-113.19,72.99],[-113.6,72.78],[-113.44,72.75],[-114.32,72.59],[-114.36,72.75],[-114.02,72.8],[-114.05,72.97],[-113.96,73.14],[-114.26,73.34],[-114.58,73.39],[-115.57,73.2],[-116.64,73.04],[-116.89,72.97],[-117.37,72.92],[-117.87,72.7],[-118.19,72.64],[-118.51,72.51],[-118.54,72.37],[-118.12,72.31],[-118.13,72.23],[-118.68,72.14],[-118.75,72.05],[-119.05,71.94],[-119.14,71.77],[-119.05,71.63],[-118.59,71.67],[-118.2,71.6],[-118.08,71.67],[-117.77,71.59],[-118.13,71.54],[-118.31,71.47],[-118.16,71.38],[-117.23,71.4],[-116.18,71.5],[-115.9,71.39],[-116.81,71.29],[-117.47,71.19],[-117.8,71.17],[-118.39,71.02],[-118.19,70.84],[-117.71,70.69],[-117.58,70.61],[-116.99,70.6],[-116.23,70.64],[-116.04,70.58],[-115.73,70.61],[-115.04,70.6],[-114.18,70.67],[-113.99,70.72],[-113.56,70.64],[-113.21,70.65],[-112.93,70.57],[-112.14,70.49],[-112.06,70.41],[-111.81,70.35],[-111.94,70.26],[-112.26,70.31],[-112.59,70.2],[-113.48,70.28],[-113.64,70.26],[-114.18,70.32],[-116.03,70.22],[-116.96,70.13],[-117.36,70.05],[-117.44,69.99],[-117.25,69.76],[-116.62,69.57],[-116.63,69.46],[-115.97,69.3],[-115.19,69.24],[-114.4,69.29],[-113.58,69.2],[-113.57,69.06],[-113.67,68.91],[-113.66,68.8],[-113.35,68.59],[-113.1,68.54],[-113.24,68.45],[-112.75,68.46],[-112.58,68.51],[-111.53,68.54],[-111.25,68.52],[-110.6,68.62],[-110.38,68.58],[-110.23,68.63],[-109.62,68.64],[-108.95,68.74],[-108.56,68.88],[-108.54,68.95],[-107.94,68.94],[-107.33,69.03],[-106.93,69.24],[-106.96,69.36],[-106.77,69.38],[-106.58,69.5],[-106.32,69.41],[-106.27,69.29],[-106.41,69.19],[-106.2,69.15],[-105.89,69.18],[-105.55,69.15],[-105.46,69.1],[-105.08,69.11],[-104.92,69.05],[-105.25,68.95],[-105.12,68.9],[-104.59,68.86],[-104.45,68.94],[-103.38,68.78],[-103.01,68.8],[-102.52,68.87],[-102.31,68.94],[-101.96,68.97],[-101.77,69.12],[-101.91,69.26],[-102.17,69.32],[-101.94,69.42],[-102.05,69.48],[-102.46,69.48],[-102.55,69.41],[-103.04,69.37],[-103.22,69.56],[-103.16,69.62],[-102.78,69.54],[-102.51,69.56],[-102.49,69.79],[-102.01,69.79],[-101.71,69.69],[-101.43,69.77],[-101.33,69.68],[-100.96,69.66],[-100.87,69.81]]],[[[-72.95,66.74],[-73.34,66.66],[-73.46,66.55],[-74.47,66.15],[-74.42,66.08],[-74.01,65.86],[-73.72,65.78],[-73.68,65.67],[-73.5,65.5],[-73.67,65.46],[-73.88,65.54],[-74.18,65.53],[-74.5,65.34],[-74.87,65.4],[-75.21,65.25],[-75.71,65.31],[-75.8,65.25],[-75.56,65.17],[-75.36,65.01],[-75.37,64.84],[-75.6,64.87],[-75.41,64.98],[-75.45,65.08],[-75.74,65.16],[-75.76,65.21],[-76.68,65.41],[-77.09,65.42],[-77.24,65.47],[-77.44,65.46],[-77.51,65.33],[-77.31,65.2],[-77.96,65.05],[-78.14,64.96],[-78.07,64.85],[-78.19,64.75],[-78.14,64.56],[-77.85,64.37],[-77.49,64.35],[-77.35,64.24],[-77.13,64.3],[-76.69,64.19],[-76.73,64.3],[-76.41,64.27],[-76.23,64.37],[-76.07,64.37],[-75.75,64.46],[-75.82,64.59],[-75.36,64.51],[-75.24,64.46],[-74.93,64.44],[-74.71,64.38],[-74.54,64.43],[-74.65,64.54],[-74.47,64.56],[-74.13,64.68],[-74,64.52],[-73.45,64.59],[-73.4,64.49],[-73.48,64.41],[-73.13,64.29],[-73.08,64.2],[-72.87,64.09],[-72.6,63.87],[-72.41,63.83],[-72.32,63.68],[-71.93,63.69],[-71.78,63.75],[-71.57,63.69],[-71.58,63.59],[-71.28,63.57],[-71.83,63.39],[-71.62,63.14],[-71.37,63.05],[-70.95,63.07],[-70.9,62.92],[-70.49,62.87],[-70.24,62.75],[-69.94,62.8],[-69.63,62.79],[-69.5,62.75],[-69.59,62.66],[-69.46,62.56],[-69.03,62.38],[-68.55,62.25],[-67.98,62.21],[-67.75,62.16],[-67.58,62.18],[-67.22,62.1],[-67.12,62.04],[-66.75,62.01],[-66.56,61.91],[-66.27,61.86],[-65.97,61.89],[-66.13,62.09],[-65.93,62.2],[-66.3,62.35],[-66.55,62.56],[-66.98,62.7],[-67.2,62.88],[-67.53,63],[-67.63,63.1],[-68.15,63.16],[-68.4,63.38],[-68.76,63.56],[-68.99,63.74],[-68.72,63.75],[-68.44,63.72],[-67.87,63.46],[-67.82,63.59],[-67.69,63.63],[-67.24,63.32],[-67.02,63.24],[-66.7,63.04],[-66.52,63.08],[-66.19,62.95],[-66,62.98],[-65.67,62.91],[-65.6,62.83],[-65.27,62.79],[-65.35,62.71],[-65.25,62.61],[-65.08,62.58],[-64.95,62.65],[-65.2,62.9],[-65.1,62.96],[-64.89,62.87],[-64.78,62.96],[-64.77,63.1],[-65,63.24],[-64.91,63.29],[-65.06,63.43],[-65.1,63.55],[-64.87,63.54],[-64.77,63.33],[-64.63,63.24],[-64.5,63.35],[-64.5,63.64],[-64.68,63.74],[-64.93,63.78],[-64.99,63.83],[-64.66,64.03],[-64.92,64.01],[-65.18,64.12],[-65.27,64.3],[-65.09,64.42],[-65.27,64.51],[-65.46,64.49],[-65.73,64.52],[-65.71,64.6],[-65.56,64.71],[-65.69,64.83],[-65.87,64.87],[-65.95,64.74],[-66.2,64.82],[-66.21,64.9],[-66.45,64.93],[-66.54,65.01],[-66.74,64.97],[-66.97,65.09],[-66.94,65.22],[-67.17,65.27],[-67.08,65.47],[-67.43,65.5],[-67.27,65.65],[-67.44,65.68],[-67.74,65.64],[-68.16,65.87],[-68.31,65.91],[-68.28,66.02],[-68.07,66.05],[-67.92,65.9],[-67.81,65.88],[-67.27,65.93],[-67.22,66.04],[-67.75,66.26],[-67.85,66.41],[-67.57,66.42],[-67.3,66.28],[-67.14,66.44],[-67.38,66.55],[-66.96,66.54],[-66.73,66.37],[-66.47,66.34],[-66.15,66.14],[-66.01,66.12],[-65.9,65.95],[-65.39,65.98],[-64.96,66.08],[-64.91,66.01],[-65.35,65.91],[-65.5,65.77],[-65.29,65.56],[-65.11,65.5],[-65.07,65.39],[-64.73,65.16],[-64.54,65.11],[-63.95,65.11],[-63.83,64.99],[-63.53,64.97],[-63.4,65.03],[-63.37,65.15],[-63.49,65.2],[-63.37,65.33],[-63.37,65.54],[-63.16,65.65],[-62.59,65.66],[-62.37,65.87],[-62.43,65.98],[-62.11,66],[-62.06,66.11],[-62.54,66.23],[-62.22,66.4],[-61.93,66.29],[-61.49,66.37],[-61.58,66.55],[-61.27,66.61],[-61.3,66.68],[-61.61,66.87],[-62,67.04],[-62.3,67.02],[-62.28,66.95],[-62.9,66.97],[-63.35,66.89],[-63.23,67.04],[-63.25,67.13],[-62.98,67.22],[-63.16,67.34],[-63.41,67.22],[-63.89,67.24],[-63.94,67.36],[-64.1,67.47],[-64.08,67.62],[-64.29,67.73],[-64.61,67.83],[-64.82,67.78],[-65.05,67.85],[-64.75,68],[-65.03,68.06],[-65.18,67.97],[-65.45,67.99],[-65.76,67.97],[-65.81,67.86],[-66.21,68.01],[-66.31,68.13],[-66.83,68.13],[-66.77,68.24],[-67.02,68.36],[-66.97,68.44],[-67.64,68.56],[-67.86,68.5],[-68.36,68.63],[-68.11,68.69],[-68.65,68.79],[-68.4,68.85],[-68.13,68.84],[-68.04,68.97],[-67.73,69.04],[-68.53,69.21],[-68.08,69.22],[-67.68,69.18],[-66.67,69.19],[-66.79,69.34],[-67.23,69.46],[-67.79,69.48],[-68,69.46],[-68.59,69.59],[-68.35,69.63],[-68.01,69.78],[-67.75,69.78],[-67.35,69.72],[-67.11,69.73],[-67.22,69.95],[-67.55,70.15],[-67.81,70.26],[-68.08,70.33],[-68.32,70.22],[-68.28,70.08],[-68.55,70.03],[-68.86,70.02],[-68.64,70.15],[-68.9,70.3],[-68.46,70.37],[-68.3,70.5],[-68.36,70.58],[-69.1,70.72],[-69.2,70.78],[-69.59,70.77],[-69.92,70.88],[-70.98,70.63],[-71.23,70.29],[-71.32,70.31],[-71.07,70.68],[-70.81,70.72],[-70.52,70.94],[-70.64,71.08],[-70.79,71.11],[-71.15,71.04],[-71.32,70.89],[-71.59,70.87],[-71.95,70.79],[-72.34,70.76],[-72.16,70.83],[-72.36,70.88],[-72.04,71.08],[-71.86,71.11],[-71.44,71.07],[-71.12,71.27],[-71.42,71.46],[-71.92,71.57],[-72.58,71.66],[-72.75,71.44],[-73.25,71.33],[-73.56,71.56],[-73.8,71.66],[-73.91,71.78],[-74.28,71.74],[-74.64,71.66],[-74.74,71.73],[-74.26,71.82],[-74.12,71.96],[-74.24,72.08],[-75.06,72.13],[-74.94,72.26],[-75.2,72.5],[-75.73,72.58],[-76.65,72.64],[-76.89,72.74],[-77.6,72.76],[-77.98,72.7],[-78.53,72.52],[-78.57,72.36],[-78.94,72.2],[-79.28,72.39],[-79.55,72.29],[-79.75,72.4],[-80.05,72.4],[-80.48,72.18],[-80.4,72.05],[-80.76,71.98],[-80.83,72.26],[-80.51,72.38],[-80.56,72.63],[-80.27,72.72],[-80.32,72.81],[-80.64,72.93],[-80.55,73.1],[-80.64,73.17],[-81.22,73.29],[-81.23,73.54],[-81.53,73.72],[-82.83,73.74],[-83.64,73.6],[-84.01,73.51],[-84.84,73.39],[-85.11,73.32],[-85.17,73.15],[-85.54,73.03],[-85.65,72.87],[-85.71,72.64],[-85.51,72.46],[-85.34,72.41],[-84.81,72.36],[-85.04,72.26],[-85.5,72.21],[-85.57,72.06],[-86.02,71.98],[-85.57,71.91],[-85.45,71.76],[-85.26,71.67],[-84.89,71.63],[-84.71,71.68],[-84.53,71.47],[-84.76,71.41],[-84.83,71.1],[-85.54,71.18],[-85.2,71.27],[-84.86,71.28],[-84.96,71.43],[-85.5,71.51],[-86.13,71.79],[-86.42,72.02],[-86.42,72.29],[-86.25,72.4],[-86.33,72.5],[-86.68,72.65],[-86.7,72.82],[-86.28,73.09],[-86.03,73.3],[-85.58,73.51],[-84.95,73.67],[-84.88,73.75],[-85.11,73.81],[-86.02,73.86],[-86.71,73.85],[-87.76,73.72],[-88.69,73.42],[-89.05,73.25],[-89.31,73.05],[-89.32,72.88],[-89.75,72.61],[-89.83,72.4],[-89.96,72.26],[-89.77,72.16],[-89.99,72.07],[-90.1,71.95],[-89.8,71.76],[-89.98,71.66],[-89.99,71.45],[-89.81,71.33],[-88.62,71.24],[-88.07,71.21],[-87.23,71.01],[-87.36,70.95],[-87.89,70.94],[-88.32,70.96],[-88.64,71.06],[-89.13,71.03],[-89.45,70.91],[-89.3,70.78],[-89.08,70.7],[-88.91,70.55],[-88.69,70.47],[-88.14,70.4],[-87.85,70.24],[-87.42,70.32],[-87.03,70.47],[-86.86,70.33],[-86.64,70.33],[-86.55,70.24],[-86.27,70.11],[-85.78,70],[-85.35,70.03],[-85.34,70.11],[-84.69,70.01],[-84.08,69.99],[-83.67,69.95],[-83.05,70.01],[-82.44,69.84],[-82.13,69.82],[-81.86,69.86],[-81.6,69.98],[-80.95,69.74],[-80.78,69.76],[-81.19,70],[-81.4,70.01],[-81.56,70.11],[-81.07,70.1],[-80.55,70.05],[-80.37,69.99],[-80.07,70],[-79.83,69.95],[-79.68,69.85],[-79.43,69.88],[-78.89,69.89],[-78.67,70.01],[-78.77,70.19],[-78.97,70.33],[-79.13,70.31],[-79.56,70.39],[-79.39,70.46],[-78.74,70.43],[-78.39,70.22],[-78.15,70.2],[-77.89,70.26],[-77.68,70.18],[-77.68,69.83],[-77.49,69.86],[-76.87,69.82],[-76.87,69.69],[-77.04,69.61],[-76.63,69.55],[-76.39,69.41],[-76.22,69.42],[-75.69,69.29],[-75.57,69.16],[-75.99,69.01],[-76.42,69.06],[-76.64,69.02],[-76.53,68.88],[-76.67,68.77],[-76.62,68.68],[-76.33,68.7],[-75.5,68.93],[-75.2,68.9],[-74.7,68.94],[-74.88,68.83],[-74.55,68.67],[-74.37,68.54],[-73.89,68.56],[-74.08,68.69],[-73.76,68.69],[-73.73,68.54],[-73.95,68.41],[-73.61,68.28],[-73.41,68.32],[-72.99,68.17],[-72.86,67.86],[-72.61,67.79],[-72.67,67.7],[-72.48,67.62],[-72.37,67.33],[-72.19,67.28],[-72.35,67.12],[-72.8,67.04],[-73,66.78],[-72.95,66.74]]],[[[-115.32,73.51],[-115.65,73.68],[-115.92,73.73],[-116.87,74.09],[-117.42,74.23],[-118.07,74.28],[-118.72,74.22],[-118.98,74.01],[-119.14,74.21],[-119.66,74.22],[-120.16,74.28],[-120.93,74.42],[-121.13,74.51],[-121.58,74.56],[-122.62,74.46],[-123.3,74.45],[-124.76,74.35],[-124.55,74.27],[-124.47,74.07],[-124.14,73.85],[-123.77,73.77],[-124.06,73.66],[-124.07,73.54],[-124.44,73.42],[-124.57,73.25],[-124.86,73.09],[-124.49,72.98],[-124.58,72.91],[-125.03,72.83],[-124.95,72.7],[-125.06,72.57],[-125.3,72.49],[-125.75,72.15],[-125.79,71.95],[-125.23,71.94],[-124.66,71.81],[-124.06,71.7],[-123.67,71.5],[-123.44,71.25],[-123.1,71.08],[-122.8,71.09],[-122.63,71.18],[-122.16,71.26],[-121.74,71.46],[-121.42,71.38],[-120.63,71.49],[-120.38,71.7],[-120.43,71.96],[-120.2,72.08],[-120.18,72.2],[-119.77,72.23],[-119.34,72.35],[-119.16,72.63],[-118.72,72.75],[-118.04,72.89],[-117.39,73.06],[-117.21,73.07],[-116.5,73.24],[-115.75,73.36],[-115.32,73.51]]],[[[-126.66,49.79],[-126.77,49.88],[-126.91,49.78],[-126.91,49.69],[-126.68,49.59],[-126.62,49.63],[-126.66,49.79]]],[[[-125.2,50.04],[-125.17,50.22],[-125.34,50.27],[-125.32,50.14],[-125.2,50.04]]],[[[-125.34,50.3],[-125.17,50.39],[-125.29,50.44],[-125.34,50.3]]],[[[-126.62,50.67],[-126.29,50.66],[-126.19,50.74],[-126.27,50.83],[-126.43,50.8],[-126.62,50.67]]],[[[-126.99,50.59],[-127.2,50.62],[-127.5,50.77],[-127.88,50.87],[-128.1,50.87],[-128.41,50.78],[-128.32,50.61],[-128.07,50.45],[-127.84,50.49],[-127.55,50.57],[-127.56,50.49],[-127.92,50.47],[-127.88,50.34],[-127.77,50.23],[-127.9,50.14],[-127.77,50.09],[-127.49,50.13],[-127.38,50.03],[-127.15,50.08],[-127.23,49.95],[-127.12,49.86],[-126.94,49.86],[-126.77,49.91],[-126.64,49.82],[-126.59,49.72],[-126.45,49.64],[-126.56,49.59],[-126.57,49.41],[-126.4,49.42],[-126.08,49.38],[-125.96,49.23],[-125.84,49.27],[-125.7,49.18],[-125.74,49.05],[-125.47,48.92],[-125.37,48.99],[-124.97,48.99],[-125.01,48.9],[-125.18,48.8],[-125.09,48.73],[-124.82,48.65],[-124.66,48.57],[-124.39,48.52],[-123.89,48.37],[-123.65,48.31],[-123.55,48.33],[-123.44,48.45],[-123.29,48.42],[-123.39,48.62],[-123.53,48.69],[-123.59,48.84],[-123.83,49],[-123.81,49.12],[-123.93,49.14],[-124.07,49.25],[-124.36,49.36],[-124.54,49.38],[-124.84,49.52],[-124.91,49.62],[-124.88,49.73],[-125.18,49.93],[-125.35,50.13],[-125.44,50.31],[-125.59,50.37],[-125.74,50.36],[-126.19,50.47],[-126.46,50.48],[-126.99,50.59]]],[[[-64.48,60.33],[-64.64,60.49],[-64.86,60.47],[-64.75,60.37],[-64.48,60.33]]],[[[-67.88,60.5],[-68,60.59],[-68.24,60.59],[-68.44,60.26],[-68.32,60.2],[-67.96,60.33],[-67.85,60.42],[-67.88,60.5]]],[[[-64.84,61.35],[-64.67,61.51],[-64.72,61.66],[-65.05,61.7],[-65.43,61.66],[-65.49,61.6],[-64.98,61.38],[-64.84,61.35]]],[[[-65.24,61.92],[-65.15,61.78],[-64.83,61.76],[-64.96,61.88],[-65.24,61.92]]],[[[-79.28,62.27],[-79.56,62.42],[-79.83,62.41],[-80.21,62.14],[-80.29,61.93],[-80.18,61.77],[-79.76,61.58],[-79.55,61.76],[-79.27,62.16],[-79.28,62.27]]],[[[-64.38,62.53],[-64.53,62.56],[-64.84,62.56],[-64.92,62.42],[-64.6,62.37],[-64.39,62.47],[-64.38,62.53]]],[[[-70.24,62.62],[-70.49,62.77],[-70.79,62.84],[-70.91,62.78],[-70.82,62.63],[-70.56,62.54],[-70.36,62.53],[-70.24,62.62]]],[[[-82.19,62.99],[-82.42,62.93],[-82.74,62.94],[-83.12,62.85],[-83.3,62.93],[-83.52,62.83],[-83.55,62.7],[-83.71,62.57],[-83.91,62.49],[-83.91,62.4],[-83.75,62.31],[-83.67,62.15],[-83.28,62.25],[-83.07,62.19],[-82.75,62.31],[-82.42,62.47],[-82.3,62.59],[-81.96,62.7],[-81.96,62.8],[-81.86,62.93],[-82.19,62.99]]],[[[-77.54,63.29],[-77.68,63.44],[-78.19,63.49],[-78.54,63.45],[-78.53,63.39],[-77.94,63.09],[-77.64,63.14],[-77.54,63.29]]],[[[-64.09,63.34],[-64.22,63.39],[-64.35,63.67],[-64.5,63.62],[-64.42,63.47],[-64.26,63.33],[-64.09,63.34]]],[[[-76.69,63.49],[-76.71,63.57],[-77.12,63.69],[-77.4,63.69],[-77.42,63.59],[-76.98,63.41],[-76.7,63.37],[-76.69,63.49]]],[[[-64.89,63.8],[-64.59,63.79],[-64.64,63.92],[-64.81,63.88],[-64.89,63.8]]],[[[-77.97,63.97],[-77.71,63.94],[-77.6,64.04],[-77.95,64.01],[-77.97,63.97]]],[[[-80.18,63.77],[-80.53,63.9],[-80.89,64.12],[-80.98,64.07],[-81.37,64.07],[-81.46,64.04],[-81.97,63.99],[-81.91,64.07],[-81.63,64.12],[-81.71,64.25],[-81.77,64.51],[-82.12,64.69],[-82.39,64.77],[-82.71,64.78],[-82.88,64.88],[-83.21,64.95],[-83.4,65.14],[-83.84,65.17],[-84.1,65.21],[-84.15,65.33],[-84.59,65.48],[-84.85,65.21],[-85.08,65.46],[-85.32,65.54],[-85.05,65.61],[-85.2,65.81],[-85.49,65.8],[-85.61,65.91],[-85.94,65.76],[-86.03,65.67],[-86.17,65.29],[-86.16,64.94],[-86.35,64.65],[-86.41,64.44],[-86.36,64.31],[-86.19,64.1],[-86.9,63.93],[-87.22,63.66],[-87.06,63.56],[-86.87,63.56],[-86.66,63.66],[-86.28,63.65],[-85.79,63.71],[-85.62,63.68],[-85.65,63.42],[-85.63,63.24],[-85.51,63.13],[-85.27,63.12],[-84.95,63.19],[-84.59,63.32],[-84.48,63.39],[-84.4,63.56],[-84.28,63.63],[-84.06,63.62],[-83.78,63.77],[-83.6,63.82],[-83.68,64.01],[-83.51,64.12],[-82.98,64.12],[-83.14,64.01],[-82.53,63.97],[-82.36,63.85],[-82.52,63.8],[-82.49,63.69],[-82.07,63.69],[-81.64,63.58],[-81.02,63.45],[-80.6,63.64],[-80.47,63.73],[-80.18,63.77]]],[[[-85,66.01],[-85.19,65.95],[-85.11,65.76],[-84.71,65.56],[-84.57,65.64],[-84.71,65.83],[-85,66.01]]],[[[-84.47,66.09],[-84.42,66.03],[-84.12,65.91],[-84.14,65.77],[-83.84,65.68],[-83.48,65.66],[-83.47,65.73],[-83.8,65.82],[-83.69,65.93],[-84.07,66.06],[-84.47,66.09]]],[[[-73.36,67.84],[-73.41,67.97],[-74.28,68.08],[-74.76,68.06],[-74.78,67.99],[-74.64,67.86],[-74.4,67.78],[-73.41,67.78],[-73.36,67.84]]],[[[-86.58,68.29],[-86.75,68.29],[-86.99,68.07],[-86.85,68.02],[-86.95,67.93],[-86.84,67.79],[-86.6,67.73],[-86.41,67.85],[-86.37,67.96],[-86.41,68.21],[-86.58,68.29]]],[[[-75.03,68.17],[-75.14,68.24],[-75.91,68.35],[-76.08,68.3],[-76.3,68.33],[-76.69,68.26],[-76.88,68.15],[-77.24,67.84],[-77.32,67.71],[-77.18,67.43],[-76.98,67.24],[-76.63,67.23],[-76.24,67.27],[-75.89,67.26],[-75.51,67.36],[-75.39,67.36],[-75.06,67.55],[-75.04,67.82],[-75.16,67.95],[-75.01,68.11],[-75.03,68.17]]],[[[-78.91,68.32],[-79.15,68.35],[-79.18,68.22],[-79.04,68.17],[-78.81,68.28],[-78.91,68.32]]],[[[-74.84,68.42],[-74.77,68.49],[-74.99,68.67],[-75.26,68.72],[-75.39,68.63],[-75.38,68.5],[-74.88,68.34],[-74.84,68.42]]],[[[-79.08,68.88],[-78.87,68.9],[-78.47,69.17],[-78.21,69.29],[-78.31,69.39],[-78.73,69.33],[-78.86,69.15],[-79.2,69.08],[-79.42,68.93],[-79.08,68.88]]],[[[-90.25,69.3],[-90.15,69.37],[-90.36,69.43],[-90.51,69.33],[-90.25,69.3]]],[[[-76.69,69.41],[-77.11,69.45],[-77.36,69.39],[-77.39,69.27],[-77.26,69.15],[-76.99,69.15],[-76.67,69.31],[-76.69,69.41]]],[[[-67.91,69.53],[-67.73,69.66],[-67.88,69.71],[-68.22,69.61],[-67.91,69.53]]],[[[-78.39,69.65],[-78.69,69.56],[-78.52,69.49],[-78.09,69.58],[-77.94,69.65],[-78.14,69.75],[-78.39,69.65]]],[[[-79.97,69.63],[-79.61,69.62],[-79.35,69.69],[-79.41,69.78],[-79.67,69.82],[-79.97,69.73],[-80.23,69.8],[-80.72,69.76],[-80.5,69.67],[-80.21,69.62],[-80.21,69.53],[-79.94,69.54],[-79.97,69.63]]],[[[-87.08,69.99],[-86.5,69.99],[-86.8,70.09],[-87.32,70.12],[-87.08,69.99]]],[[[-71.51,71.02],[-71.86,71.08],[-72.01,71.05],[-72.07,70.93],[-72.23,70.94],[-72.09,70.81],[-71.39,70.93],[-71.51,71.02]]],[[[-72.95,71.52],[-73.35,71.53],[-73.27,71.36],[-72.82,71.45],[-72.95,71.52]]],[[[-72.74,71.66],[-73.04,71.59],[-72.76,71.53],[-72.74,71.66]]],[[[-97.07,73.14],[-97.14,73.06],[-96.93,72.92],[-96.71,72.94],[-96.57,73.05],[-96.81,73.19],[-97.07,73.14]]],[[[-104.68,73.63],[-105.17,73.76],[-106.6,73.71],[-107.04,73.48],[-106.46,73.4],[-106.12,73.29],[-105.95,73.16],[-105.49,72.96],[-105.2,72.94],[-104.74,73.19],[-104.57,73.33],[-104.5,73.57],[-104.68,73.63]]],[[[-80.9,73.61],[-80.77,73.28],[-80.14,73.22],[-80.18,73.05],[-79.95,72.85],[-79.57,72.76],[-79.17,72.76],[-78.64,72.85],[-78.17,72.9],[-77.42,72.88],[-77.32,72.86],[-76.32,72.82],[-76.27,73.1],[-76.52,73.13],[-76.76,73.32],[-77.04,73.36],[-77.21,73.51],[-78.14,73.67],[-78.97,73.64],[-79.45,73.64],[-80.56,73.77],[-80.81,73.72],[-80.9,73.61]]],[[[-96.32,72.47],[-96.45,72.64],[-96.71,72.72],[-96.93,72.68],[-97.29,72.88],[-97.26,72.96],[-97.66,73.04],[-98.35,73.04],[-97.73,73.31],[-97.29,73.37],[-97.16,73.45],[-97.67,73.48],[-96.99,73.63],[-96.96,73.74],[-97.26,73.86],[-97.57,73.89],[-98.1,73.82],[-99.22,73.74],[-99.7,73.85],[-100,73.95],[-100.3,73.86],[-100.97,73.81],[-101.09,73.74],[-100.87,73.62],[-101.23,73.61],[-101.56,73.45],[-100.86,73.26],[-100.38,73.29],[-100.61,73.15],[-100.31,73.14],[-100.03,72.94],[-100.3,72.88],[-100.45,72.74],[-100.87,72.7],[-101.3,72.72],[-101.76,73.02],[-102.11,73.09],[-102.48,73.04],[-102.76,72.81],[-102.61,72.66],[-101.93,72.49],[-101.84,72.33],[-101.4,72.28],[-101.2,72.33],[-100.93,72.2],[-100.64,72.19],[-100.45,72.06],[-100.03,71.87],[-99.86,71.86],[-99.6,71.64],[-99.41,71.55],[-99.23,71.35],[-98.95,71.37],[-98.83,71.3],[-98.54,71.29],[-98.21,71.41],[-98.04,71.53],[-98.37,71.65],[-97.97,71.66],[-97.46,71.62],[-97.08,71.7],[-96.96,71.81],[-96.56,71.84],[-96.48,72.13],[-96.55,72.26],[-96.72,72.3],[-96.3,72.43],[-96.32,72.47]]],[[[-99.25,73.86],[-98.83,73.83],[-98.14,73.88],[-97.81,73.98],[-97.72,74.12],[-98.75,74.03],[-99.39,73.92],[-99.25,73.86]]],[[[-90.29,73.92],[-90.99,74.01],[-91.81,74.03],[-92.11,73.98],[-92.8,74.13],[-93.27,74.18],[-93.77,74.14],[-94.37,74.13],[-95.25,74.01],[-95.32,73.89],[-94.84,73.69],[-95.02,73.67],[-95.45,73.77],[-95.72,73.64],[-95.63,73.51],[-95.58,73.16],[-95.72,73.01],[-95.62,72.93],[-95.59,72.7],[-95.36,72.64],[-95.14,72.46],[-95.21,72.21],[-95.08,72.13],[-95.14,71.97],[-94.09,72.06],[-93.81,72.32],[-93.46,72.46],[-93.79,72.69],[-94.16,72.77],[-93.4,72.79],[-92.38,72.71],[-92.17,72.73],[-91.86,72.85],[-91.18,73.35],[-90.51,73.7],[-90.29,73.92]]],[[[-103.64,75.2],[-103.82,75.37],[-104.4,75.43],[-104.68,75.35],[-104.81,75.18],[-104.71,75.07],[-104.23,75.02],[-103.87,75.06],[-103.64,75.2]]],[[[-93.44,74.94],[-93.5,75.27],[-94.39,75.6],[-94.9,75.65],[-95.79,75.5],[-95.7,75.4],[-95.94,75.28],[-96.47,75.19],[-96.6,75.07],[-96.4,74.94],[-95.9,74.83],[-95.3,74.81],[-95.09,74.69],[-94.72,74.63],[-93.61,74.65],[-93.49,74.69],[-93.44,74.94]]],[[[-96.57,75.44],[-96.16,75.47],[-95.91,75.56],[-96.42,75.6],[-97.05,75.5],[-96.96,75.39],[-96.57,75.44]]],[[[-102.87,75.77],[-102.5,75.8],[-102.21,75.99],[-103.04,75.91],[-103.33,75.75],[-102.87,75.77]]],[[[-94.48,75.98],[-94.85,75.95],[-94.82,75.81],[-94.32,75.76],[-94.48,75.98]]],[[[-102.57,75.99],[-102.44,76.09],[-103.72,75.98],[-103.69,75.89],[-102.57,75.99]]],[[[-117.78,75.9],[-117.46,76.09],[-117.66,76.13],[-118.14,75.99],[-118.62,75.92],[-119.41,75.6],[-118.61,75.5],[-117.93,75.74],[-117.78,75.9]]],[[[-103.81,76.03],[-102.84,76.08],[-102.53,76.16],[-102.73,76.32],[-104.31,76.21],[-104.37,76.08],[-103.81,76.03]]],[[[-104.4,76.47],[-104.38,76.33],[-103.34,76.33],[-103.02,76.42],[-103.88,76.58],[-104.02,76.67],[-104.65,76.6],[-104.4,76.47]]],[[[-97.42,75.52],[-97.38,75.68],[-97.9,75.76],[-97.57,75.86],[-97.65,75.95],[-97.5,76.16],[-97.79,76.32],[-97.66,76.49],[-98.08,76.53],[-98.51,76.64],[-99.03,76.6],[-99.26,76.47],[-99.59,76.63],[-100.27,76.65],[-100.96,76.48],[-100.67,76.38],[-100.32,76.39],[-100,76.3],[-100.48,76.23],[-100.46,76.1],[-101.13,76.26],[-101.09,76.34],[-101.41,76.44],[-102.03,76.41],[-102.1,76.22],[-101.9,76.11],[-101.83,75.91],[-102.26,75.87],[-102.69,75.68],[-102.73,75.57],[-102.06,75.55],[-101.45,75.61],[-100.22,75.67],[-99.7,75.6],[-100.28,75.53],[-100.68,75.34],[-100.25,75.26],[-100.4,75.16],[-100.33,75.01],[-99.64,74.98],[-98.95,75.01],[-98.75,74.99],[-98.03,75.03],[-97.68,75.17],[-98.12,75.3],[-97.92,75.52],[-97.42,75.52]]],[[[-101.16,76.58],[-100.33,76.72],[-100.97,76.74],[-101.24,76.65],[-101.16,76.58]]],[[[-89.67,76.73],[-89.98,76.84],[-90.53,76.79],[-90.57,76.72],[-90.06,76.49],[-89.67,76.73]]],[[[-105.39,75.67],[-105.51,75.89],[-105.76,75.99],[-106.61,76.06],[-107.05,75.89],[-107.65,75.97],[-107.86,76.07],[-108.46,76.1],[-108.08,76.29],[-108.34,76.4],[-108.62,76.42],[-108.69,76.6],[-108.45,76.73],[-108.72,76.84],[-109.18,76.82],[-109.49,76.72],[-110.01,76.49],[-110.4,76.4],[-110.38,76.3],[-109.93,76.2],[-109.32,76.11],[-109.43,76],[-110.05,75.9],[-109.69,75.81],[-109.1,75.75],[-108.83,75.62],[-108.9,75.49],[-110.51,75.57],[-111.27,75.53],[-111.49,75.82],[-112.03,75.82],[-111.86,75.95],[-112.36,76.03],[-112.43,76.17],[-112.99,76.27],[-113.35,76.27],[-113.96,76.19],[-114.21,76.47],[-114.45,76.5],[-115.51,76.46],[-115.87,76.36],[-115.78,76.24],[-115.28,76.24],[-115.16,76.17],[-116.16,76.2],[-116.53,76.16],[-116.71,76.06],[-116.48,75.99],[-116.71,75.9],[-116.2,75.87],[-114.86,75.91],[-114.87,75.87],[-116.88,75.79],[-117.23,75.63],[-117.2,75.58],[-115.59,75.59],[-116.04,75.49],[-117.2,75.48],[-117.67,75.29],[-117.51,75.2],[-116.77,75.12],[-116.34,75.12],[-116.17,75.04],[-115.71,74.97],[-115.54,75.04],[-114.96,74.97],[-114.44,75.07],[-114.31,75.24],[-113.94,75.18],[-113.89,75.06],[-113.02,75.1],[-112.45,75.18],[-112.35,75.12],[-111.03,75.18],[-111.55,75.01],[-112.8,74.99],[-113.5,74.84],[-114.23,74.76],[-114.44,74.68],[-114.17,74.57],[-113.69,74.44],[-113.02,74.4],[-112.44,74.41],[-111.66,74.5],[-110.62,74.71],[-110.6,74.79],[-110.31,74.85],[-109.58,74.86],[-109.36,74.95],[-108.82,75.07],[-108.42,74.92],[-108.06,74.94],[-107.72,75.02],[-107.51,74.94],[-107,74.92],[-106.76,75],[-106.01,75.06],[-105.84,75.18],[-105.9,75.26],[-105.66,75.36],[-105.69,75.53],[-105.39,75.67]]],[[[-114.84,76.76],[-113.83,76.73],[-113.45,76.77],[-113.85,76.9],[-114.43,76.88],[-114.84,76.76]]],[[[-79.56,74.99],[-79.78,75.03],[-80.2,74.96],[-80.34,75.04],[-79.63,75.18],[-79.5,75.39],[-80.08,75.59],[-80.5,75.66],[-81.01,75.64],[-81.29,75.66],[-81.11,75.78],[-82.33,75.84],[-83.09,75.74],[-83.92,75.82],[-84.29,75.71],[-85.04,75.66],[-85.3,75.58],[-86.01,75.54],[-86.2,75.42],[-86.78,75.48],[-87.11,75.6],[-87.37,75.62],[-88.2,75.52],[-88.68,75.68],[-88.9,75.61],[-88.75,75.48],[-89.1,75.49],[-89.26,75.64],[-89.2,75.8],[-89.69,75.9],[-90.11,75.94],[-90.19,76.07],[-90.46,76.18],[-89.38,76.18],[-89.3,76.3],[-90.45,76.41],[-90.57,76.56],[-90.92,76.64],[-91.44,76.69],[-92,76.66],[-92.33,76.6],[-92.95,76.63],[-93.7,76.92],[-94.11,76.89],[-94.51,76.97],[-95.19,77],[-95.77,77.08],[-96.32,77.02],[-96.85,76.93],[-96.31,76.81],[-96.64,76.75],[-96.14,76.58],[-95.82,76.4],[-95.3,76.38],[-94.85,76.27],[-93.59,76.3],[-93.13,76.37],[-92.64,76.1],[-92.63,76.02],[-92.18,75.9],[-92.18,75.75],[-92,75.6],[-92.3,75.51],[-92.46,75.38],[-92.5,75.22],[-92.11,75.14],[-92.02,74.78],[-91.62,74.71],[-91.51,74.65],[-90.76,74.83],[-90.7,74.65],[-89.95,74.53],[-89.43,74.55],[-89.15,74.61],[-89.11,74.7],[-88.41,74.76],[-88.57,74.56],[-88.52,74.5],[-87.64,74.46],[-85.18,74.49],[-84.68,74.52],[-84.26,74.51],[-83.49,74.58],[-83.33,74.78],[-83.13,74.72],[-82.92,74.55],[-81.79,74.46],[-81.32,74.56],[-80.54,74.56],[-80.16,74.62],[-80.24,74.76],[-79.39,74.88],[-79.56,74.99]]],[[[-119.32,76.2],[-118.57,76.35],[-118.95,76.52],[-118.3,76.57],[-118.34,76.77],[-117.74,76.78],[-117.93,76.68],[-118.01,76.4],[-117.82,76.33],[-117.35,76.26],[-116.93,76.36],[-117.07,76.53],[-116.32,76.58],[-115.89,76.7],[-116.04,76.83],[-115.83,76.97],[-116.22,77.04],[-116.25,77.2],[-115.93,77.21],[-115.4,77.32],[-116.41,77.56],[-116.91,77.47],[-116.86,77.32],[-117.23,77.29],[-117.85,77.39],[-118.82,77.36],[-119.29,77.29],[-119.39,77.19],[-120.09,77.01],[-120.37,76.82],[-121.09,76.67],[-121.41,76.55],[-121.55,76.44],[-122.38,76.41],[-122.83,76.24],[-122.48,76.1],[-122.73,75.98],[-122.37,75.94],[-121.85,76.05],[-121.44,75.94],[-120.97,76.02],[-120.99,76.16],[-120.69,76.16],[-120.72,76.03],[-120.39,75.97],[-120.49,75.85],[-119.86,75.86],[-119.65,75.99],[-119.68,76.09],[-119.32,76.2]]],[[[-89.66,77.36],[-89.78,77.49],[-90.3,77.63],[-90.88,77.66],[-91.17,77.62],[-91.2,77.41],[-90.92,77.31],[-90.09,77.2],[-89.66,77.36]]],[[[-104.39,77.19],[-104.42,77.31],[-104.79,77.42],[-105.5,77.72],[-105.84,77.62],[-105.76,77.47],[-105.54,77.3],[-104.75,77.11],[-104.39,77.19]]],[[[-93.25,77.64],[-93.21,77.72],[-93.61,77.78],[-94.95,77.79],[-95.51,77.81],[-96.23,77.71],[-96.3,77.59],[-95.99,77.48],[-94.33,77.48],[-93.81,77.44],[-93.48,77.49],[-93.25,77.64]]],[[[-102.45,77.74],[-101.79,77.68],[-101.56,77.73],[-100.96,77.76],[-101.64,77.89],[-102.4,77.89],[-102.45,77.74]]],[[[-113.69,77.87],[-114.11,78],[-114.68,78.03],[-115.12,77.96],[-114.3,77.71],[-113.72,77.77],[-113.69,77.87]]],[[[-109.6,78.07],[-110.71,78.1],[-112.27,78.02],[-113.24,77.91],[-113.32,77.81],[-113.2,77.53],[-112.6,77.45],[-112.47,77.37],[-112.11,77.33],[-111.28,77.43],[-110.88,77.41],[-110.23,77.5],[-110.06,77.63],[-110.13,77.78],[-110.72,77.77],[-110.84,77.87],[-110.22,77.9],[-109.69,77.97],[-109.6,78.07]]],[[[-109.26,78.46],[-109.35,78.54],[-110.43,78.77],[-111.28,78.67],[-111.82,78.55],[-112.35,78.54],[-113.21,78.41],[-113.06,78.27],[-112.18,78.38],[-111.78,78.27],[-111.43,78.28],[-111.15,78.39],[-110.84,78.32],[-109.82,78.3],[-109.34,78.36],[-109.26,78.46]]],[[[-96.91,77.8],[-96.63,77.88],[-95.81,77.9],[-95.06,77.97],[-94.89,78.11],[-95.37,78.25],[-94.83,78.36],[-95.12,78.46],[-95.7,78.53],[-96.27,78.54],[-96.16,78.62],[-97.45,78.8],[-98.15,78.82],[-98.36,78.77],[-98.32,78.65],[-98.08,78.54],[-98.41,78.49],[-97.77,78.25],[-96.87,78.14],[-96.94,78.08],[-97.66,78.1],[-97.67,78.03],[-96.99,77.93],[-96.91,77.8]]],[[[-105.61,79.1],[-105.4,79.01],[-104.95,79.05],[-104.46,78.96],[-104.08,78.99],[-103.86,78.88],[-103.99,78.76],[-103.38,78.78],[-103.5,78.51],[-104.04,78.52],[-104.64,78.58],[-105.02,78.52],[-104.82,78.36],[-104.47,78.28],[-103.95,78.24],[-103.66,78.32],[-102.74,78.38],[-102.76,78.27],[-102.16,78.29],[-101.09,78.21],[-100.8,78.1],[-100.61,77.86],[-99.94,77.78],[-99.18,77.84],[-99.02,77.89],[-99.04,78.08],[-99.8,78.31],[-99.56,78.6],[-100.06,78.64],[-99.99,78.74],[-100.52,78.82],[-101.21,78.82],[-100.99,78.93],[-101.65,79.08],[-102.66,78.99],[-102.61,79.08],[-102.88,79.23],[-103.72,79.36],[-105.45,79.27],[-105.61,79.1]]],[[[-100.15,80],[-100.07,79.88],[-99.58,79.9],[-99.3,79.76],[-98.65,79.79],[-98.87,80.08],[-99.78,80.15],[-100.15,80]]],[[[-96.62,80.04],[-96.54,79.85],[-95.85,79.65],[-95.78,79.42],[-94.96,79.29],[-94.39,79.37],[-93.79,79.28],[-93.49,79.36],[-92.58,79.39],[-92.63,79.25],[-91.88,79.16],[-93.43,79.16],[-93.59,79.06],[-94.27,78.97],[-93.35,78.61],[-92.66,78.61],[-91.74,78.56],[-92.88,78.51],[-92.95,78.44],[-92.5,78.31],[-91.6,78.19],[-90.88,78.15],[-90.35,78.15],[-89.6,78.29],[-89.98,78.44],[-89.8,78.5],[-89.05,78.18],[-88.77,78.19],[-88.55,78.43],[-87.91,78.55],[-88.16,78.68],[-87.55,78.66],[-87.31,78.81],[-86.61,78.97],[-86.5,79.07],[-85.51,79.17],[-84.92,79.3],[-85.39,79.45],[-85.56,79.58],[-86.04,79.57],[-86.31,79.65],[-87.19,79.63],[-86.97,79.88],[-87.24,80.07],[-87.93,80.07],[-87.59,80.18],[-87.7,80.41],[-88.47,80.44],[-88.71,80.29],[-89.26,80.3],[-89.06,80.47],[-89.32,80.54],[-89.83,80.53],[-90.77,80.58],[-90.71,80.7],[-91.09,80.75],[-91.53,80.95],[-91.83,81.16],[-92.24,81.26],[-93.26,81.37],[-94.19,81.37],[-94.4,81.26],[-93.78,81.21],[-93.22,81.22],[-93.31,81.09],[-94.16,81.1],[-95.23,81.02],[-95.5,80.81],[-94.69,80.73],[-94.37,80.62],[-96.03,80.58],[-96.32,80.26],[-95.4,80.13],[-94.55,80.16],[-94.85,80.05],[-96.02,80.07],[-96.62,80.04]]],[[[-61.08,82.33],[-61.58,82.49],[-63.06,82.54],[-62.96,82.59],[-63.65,82.72],[-63.45,82.83],[-64.75,82.83],[-65.13,82.9],[-65.85,82.84],[-67.6,82.97],[-69.48,83.05],[-69.69,83.12],[-72.27,83.11],[-72.97,83.07],[-73.65,82.93],[-74.2,83],[-76.14,83.05],[-77.39,82.99],[-76.67,82.88],[-76.11,82.69],[-76.56,82.68],[-77.14,82.87],[-77.85,82.93],[-78.99,82.88],[-79.34,82.98],[-80.16,82.94],[-80.35,82.86],[-81.58,82.79],[-80.6,82.56],[-82.07,82.67],[-82.71,82.38],[-80.93,82.1],[-79.86,82.03],[-80.02,81.97],[-81.59,82.12],[-82.4,82.25],[-83.67,82.35],[-85.76,82.47],[-85.35,82.29],[-85.67,82.25],[-86.85,82.22],[-86.73,82.14],[-86.16,82.05],[-87.79,82.08],[-88.68,82.06],[-89.64,81.86],[-90.24,81.9],[-91.01,81.84],[-91.71,81.73],[-91.95,81.63],[-90.96,81.56],[-90.68,81.68],[-89.91,81.6],[-90.83,81.46],[-90.35,81.38],[-89.51,81.49],[-89.24,81.41],[-89.92,81.34],[-90.35,81.17],[-89.83,81.01],[-87.86,81.08],[-87.39,81.07],[-86.52,81.13],[-85.87,81.24],[-85.53,81.19],[-86.02,81.08],[-86.7,81.01],[-87.62,80.98],[-88.41,81],[-89.27,80.95],[-89.39,80.88],[-88.1,80.68],[-87.28,80.63],[-87.06,80.73],[-86.11,80.99],[-85.39,81.06],[-86.55,80.72],[-86.75,80.6],[-86.12,80.54],[-85.12,80.5],[-84.4,80.51],[-83.8,80.56],[-83.83,80.71],[-83.3,80.7],[-82.91,80.54],[-81.22,80.63],[-79.61,80.83],[-79.15,81.1],[-78.19,81.31],[-77.62,81.32],[-78.89,81.01],[-78.85,80.86],[-78,80.91],[-77.51,80.83],[-78.53,80.78],[-79.96,80.61],[-80.35,80.47],[-83.16,80.33],[-82.17,80.02],[-81.66,79.91],[-81.63,79.77],[-80.88,79.65],[-81.59,79.6],[-82.17,79.87],[-83.11,80.07],[-83.79,80.25],[-85.32,80.27],[-85.89,80.34],[-86.44,80.32],[-86.64,80.15],[-86.45,79.94],[-86.45,79.75],[-85.32,79.68],[-85.02,79.62],[-84.88,79.49],[-84.49,79.41],[-84.33,79.19],[-84.75,79.04],[-84.28,78.96],[-82.97,78.94],[-83.16,78.72],[-83.75,78.84],[-84.71,78.87],[-85.25,78.92],[-85.76,78.83],[-86.61,78.81],[-86.94,78.71],[-87.16,78.55],[-87.48,78.45],[-87.49,78.13],[-86.77,78.12],[-86.24,78.21],[-86.23,78.06],[-85.49,78.12],[-85.06,78.06],[-85.66,77.95],[-85.19,77.8],[-85.28,77.66],[-84.83,77.59],[-84.76,77.52],[-84.08,77.51],[-83.8,77.43],[-84.62,77.38],[-85.4,77.4],[-85.8,77.51],[-85.97,77.71],[-86.22,77.79],[-87.19,77.91],[-88.18,77.8],[-88.22,77.66],[-87.65,77.49],[-87.68,77.35],[-87.25,77.31],[-87.08,77.19],[-87.47,77.11],[-88.29,77.14],[-88.72,77.01],[-89.54,76.86],[-89.42,76.69],[-89.66,76.57],[-89.17,76.42],[-88.91,76.41],[-88.49,76.51],[-88.4,76.39],[-87.63,76.34],[-87.09,76.38],[-86.72,76.35],[-86.41,76.41],[-85.2,76.28],[-84.41,76.31],[-84.94,76.42],[-84.23,76.45],[-84.05,76.55],[-83.69,76.43],[-82.8,76.39],[-82.28,76.4],[-81.93,76.5],[-80.97,76.48],[-80.78,76.39],[-81.06,76.21],[-80.67,76.16],[-79.55,76.32],[-79.15,76.42],[-78.5,76.46],[-78.14,76.53],[-77.77,76.66],[-77.72,76.82],[-78.09,77.02],[-78.87,76.92],[-79.38,76.93],[-79.03,77.09],[-79.03,77.16],[-79.43,77.24],[-80.14,77.21],[-81.1,77.29],[-81.86,77.17],[-81.85,77.29],[-81.2,77.32],[-81.74,77.44],[-81.58,77.52],[-80.78,77.34],[-79.97,77.28],[-79.65,77.32],[-79.13,77.29],[-78.82,77.38],[-78.29,77.38],[-77.74,77.6],[-78.05,77.73],[-77.98,77.82],[-78.43,77.91],[-77.15,77.95],[-76.88,77.91],[-76.23,78.02],[-75.9,77.97],[-75.58,78.11],[-76.82,78.19],[-76.6,78.26],[-75.63,78.2],[-75.11,78.38],[-76.08,78.47],[-75.03,78.54],[-74.77,78.83],[-75.83,78.93],[-75.78,78.98],[-77.16,79.07],[-76.13,79.12],[-78.06,79.18],[-76.09,79.21],[-75.76,79.08],[-75.09,79.03],[-74.45,79.08],[-74.47,79.23],[-75.95,79.24],[-77.36,79.28],[-76.83,79.36],[-75.91,79.35],[-76.01,79.44],[-75.03,79.37],[-74.7,79.45],[-73.17,79.54],[-73.39,79.76],[-74.84,79.85],[-74.23,79.9],[-73.06,79.81],[-72.92,79.71],[-72.23,79.66],[-71.14,79.79],[-70.49,80.06],[-70.75,80.21],[-70.21,80.19],[-69.37,80.4],[-69.13,80.54],[-68.28,80.76],[-66.67,81.04],[-65.99,81.23],[-65.4,81.27],[-64.69,81.39],[-64.55,81.55],[-65.74,81.49],[-67.79,81.32],[-68.04,81.37],[-66.65,81.5],[-67.67,81.59],[-65.86,81.63],[-65.36,81.73],[-64.37,81.72],[-62.26,82.02],[-61.31,82.2],[-61.08,82.33]]],[[[-79.98,56.2],[-79.72,56.31],[-79.86,56.39],[-80.1,56.24],[-79.98,56.2]]],[[[-73.5,45.71],[-73.8,45.47],[-73.6,45.44],[-73.54,45.49],[-73.5,45.71]]],[[[-70.84,47.03],[-71.08,46.91],[-71.03,46.86],[-70.86,46.95],[-70.84,47.03]]],[[[-60.08,45.79],[-59.8,45.96],[-59.91,46.04],[-59.88,46.18],[-60.06,46.24],[-60.17,46.23],[-60.35,46.31],[-60.47,46.23],[-60.4,46.16],[-60.62,46.02],[-60.78,45.95],[-60.62,45.86],[-60.73,45.71],[-60.95,45.75],[-60.96,45.92],[-60.81,45.94],[-60.7,46.09],[-60.43,46.28],[-60.51,46.37],[-60.35,46.62],[-60.31,46.8],[-60.34,46.88],[-60.49,46.91],[-60.46,47],[-60.6,47.03],[-60.77,46.84],[-60.87,46.8],[-61.09,46.45],[-61.29,46.24],[-61.46,46.15],[-61.54,46.04],[-61.45,45.71],[-61.33,45.57],[-61.13,45.56],[-60.91,45.61],[-60.67,45.57],[-60.39,45.64],[-60.08,45.79]]],[[[-62,46.46],[-62.1,46.48],[-62.52,46.48],[-62.95,46.42],[-63.19,46.43],[-63.32,46.49],[-63.64,46.57],[-63.73,46.44],[-63.88,46.52],[-63.85,46.6],[-64.09,46.78],[-63.97,46.89],[-64.05,47.02],[-64.23,46.9],[-64.42,46.68],[-64.23,46.64],[-64.11,46.54],[-64.13,46.42],[-63.93,46.42],[-63.63,46.22],[-63.23,46.15],[-63.11,46.21],[-63,46.18],[-62.85,45.98],[-62.74,45.95],[-62.49,45.99],[-62.53,46.06],[-62.38,46.31],[-62.17,46.36],[-62,46.46]]],[[[-64.32,49.79],[-63.92,49.68],[-63.64,49.51],[-63.59,49.39],[-63.28,49.32],[-63.09,49.23],[-62.68,49.15],[-62.51,49.14],[-62.25,49.07],[-61.71,49.1],[-61.66,49.15],[-61.88,49.35],[-62.2,49.41],[-62.39,49.49],[-62.53,49.61],[-62.89,49.7],[-62.96,49.74],[-63.37,49.83],[-63.94,49.9],[-64.13,49.95],[-64.45,49.91],[-64.42,49.81],[-64.32,49.79]]],[[[-79.39,52.08],[-79.66,51.99],[-79.41,51.94],[-79.32,52.03],[-79.39,52.08]]],[[[-80.76,52.92],[-81.12,53.2],[-81.42,53.23],[-81.88,53.18],[-82.06,53.02],[-81.95,52.97],[-81.47,52.86],[-81.29,52.84],[-81.03,52.75],[-80.78,52.72],[-80.67,52.74],[-80.76,52.92]]],[[[-78.76,56.17],[-78.65,56.24],[-78.66,56.42],[-78.82,56.36],[-78.84,56.25],[-78.76,56.17]]],[[[-79.55,56.04],[-79.64,55.9],[-79.47,55.88],[-79.35,55.98],[-79.19,56.21],[-79.1,56.23],[-79.04,56.37],[-79.13,56.54],[-79.23,56.55],[-79.43,56.21],[-79.55,56.27],[-79.74,56.16],[-80.03,55.9],[-79.87,55.84],[-79.58,56.11],[-79.55,56.04]]]]},"properties":{"iso_a2":"CA","name":"Canada"}},{"type":"Feature","geometry":{"type":"MultiPolygon","coordinates":[[[[-97.14,25.97],[-97.27,25.96],[-97.42,25.86],[-97.66,26.03],[-97.8,26.06],[-98.22,26.08],[-98.37,26.19],[-98.58,26.26],[-98.64,26.24],[-98.8,26.37],[-99.08,26.41],[-99.16,26.54],[-99.25,26.83],[-99.46,27.06],[-99.43,27.21],[-99.5,27.34],[-99.47,27.43],[-99.51,27.57],[-99.59,27.64],[-99.7,27.66],[-99.86,27.81],[-99.88,27.9],[-100,28.02],[-100.07,28.15],[-100.27,28.28],[-100.4,28.59],[-100.49,28.71],[-100.52,28.81],[-100.62,28.93],[-100.67,29.12],[-100.76,29.17],[-100.8,29.26],[-101.02,29.39],[-101.04,29.46],[-101.16,29.5],[-101.22,29.61],[-101.36,29.67],[-101.41,29.77],[-101.63,29.78],[-101.97,29.82],[-102.11,29.8],[-102.32,29.89],[-102.41,29.78],[-102.51,29.79],[-102.68,29.74],[-102.78,29.59],[-102.88,29.34],[-102.9,29.22],[-102.99,29.18],[-103.15,28.99],[-103.3,29],[-103.48,29.08],[-103.55,29.16],[-103.67,29.17],[-103.79,29.28],[-104.02,29.32],[-104.27,29.53],[-104.35,29.54],[-104.53,29.67],[-104.57,29.79],[-104.68,29.94],[-104.68,30.19],[-104.85,30.42],[-104.89,30.55],[-105.01,30.68],[-105.13,30.76],[-105.36,30.85],[-105.56,31],[-105.59,31.07],[-105.77,31.18],[-106,31.4],[-106.21,31.48],[-106.36,31.72],[-106.52,31.77],[-107.26,31.78],[-108.21,31.78],[-108.21,31.33],[-109.28,31.33],[-109.97,31.33],[-111.01,31.33],[-111.07,31.33],[-112.32,31.73],[-113.14,31.98],[-113.96,32.23],[-114.82,32.5],[-114.72,32.71],[-115.87,32.63],[-117.12,32.53],[-117.12,32.46],[-117.02,32.28],[-116.95,32.25],[-116.84,31.99],[-116.75,31.91],[-116.62,31.86],[-116.68,31.55],[-116.53,31.44],[-116.34,31.22],[-116.31,31.15],[-116.33,30.96],[-116.25,30.96],[-116.18,30.86],[-116.07,30.81],[-116.03,30.63],[-116.05,30.48],[-116,30.41],[-115.84,30.35],[-115.78,30.09],[-115.81,29.97],[-115.73,29.94],[-115.7,29.76],[-115.5,29.61],[-115.29,29.53],[-115.19,29.43],[-114.97,29.38],[-114.72,29.12],[-114.63,29.09],[-114.59,28.97],[-114.4,28.86],[-114.27,28.66],[-114.17,28.65],[-114.04,28.46],[-114.12,28.26],[-114.06,28.21],[-114.11,28.12],[-114.04,28.03],[-114.17,27.82],[-114.08,27.61],[-114.28,27.74],[-114.32,27.88],[-114.5,27.77],[-114.6,27.77],[-114.92,27.84],[-115.05,27.82],[-115,27.72],[-114.85,27.68],[-114.73,27.52],[-114.6,27.48],[-114.51,27.41],[-114.49,27.24],[-114.29,27.15],[-114.11,27.11],[-114,26.98],[-113.82,26.95],[-113.72,26.8],[-113.64,26.73],[-113.54,26.72],[-113.5,26.79],[-113.36,26.8],[-113.29,26.75],[-113.14,26.76],[-113.06,26.6],[-112.73,26.37],[-112.5,26.24],[-112.34,26.18],[-112.29,26.05],[-112.2,26],[-112.11,25.78],[-112.1,25.6],[-112.06,25.5],[-112.08,25.26],[-112.14,25.09],[-112.09,24.77],[-111.97,24.78],[-111.85,24.65],[-111.81,24.51],[-111.68,24.59],[-111.62,24.47],[-111.44,24.32],[-111.04,24.1],[-110.58,23.68],[-110.31,23.54],[-110.19,23.34],[-110.1,23.02],[-109.95,22.87],[-109.85,22.9],[-109.71,23.03],[-109.53,23.11],[-109.43,23.3],[-109.43,23.46],[-109.48,23.56],[-109.68,23.65],[-109.7,23.8],[-109.84,23.95],[-109.83,24.06],[-109.99,24.05],[-110.01,24.16],[-110.3,24.35],[-110.4,24.18],[-110.56,24.21],[-110.68,24.36],[-110.74,24.56],[-110.72,24.68],[-110.66,24.79],[-110.76,25.01],[-110.9,25.14],[-111.03,25.46],[-111.19,25.62],[-111.22,25.72],[-111.31,25.78],[-111.36,25.96],[-111.32,26.07],[-111.46,26.4],[-111.45,26.51],[-111.56,26.56],[-111.56,26.7],[-111.82,26.9],[-111.81,26.72],[-111.68,26.58],[-111.74,26.54],[-111.9,26.73],[-111.87,26.83],[-112.02,26.98],[-112.01,27.12],[-112.15,27.16],[-112.29,27.37],[-112.37,27.56],[-112.6,27.65],[-112.77,27.86],[-112.79,28.19],[-112.87,28.28],[-112.85,28.38],[-112.9,28.48],[-113,28.46],[-113.1,28.51],[-113.19,28.74],[-113.26,28.84],[-113.35,28.8],[-113.41,28.93],[-113.48,28.95],[-113.66,29.22],[-113.62,29.25],[-113.77,29.41],[-114.27,29.77],[-114.39,29.78],[-114.43,29.91],[-114.53,29.97],[-114.66,30.18],[-114.63,30.5],[-114.7,30.64],[-114.69,30.75],[-114.72,30.94],[-114.89,31.16],[-114.85,31.53],[-114.78,31.66],[-114.83,31.79],[-114.75,31.81],[-114.58,31.76],[-114.49,31.68],[-114.16,31.5],[-114.03,31.49],[-113.96,31.58],[-113.88,31.6],[-113.66,31.5],[-113.61,31.35],[-113.55,31.3],[-113.12,31.22],[-113.05,31.16],[-113.13,30.81],[-113.08,30.67],[-112.99,30.53],[-112.87,30.43],[-112.85,30.27],[-112.75,30.19],[-112.75,29.92],[-112.69,29.91],[-112.51,29.62],[-112.38,29.49],[-112.42,29.38],[-112.26,29.33],[-112.23,29.19],[-112.16,29.11],[-112.15,28.99],[-111.89,28.78],[-111.92,28.72],[-111.76,28.58],[-111.71,28.46],[-111.47,28.38],[-111.25,28.05],[-111.06,27.94],[-111,27.96],[-110.87,27.86],[-110.81,27.93],[-110.67,27.9],[-110.59,27.84],[-110.58,27.67],[-110.63,27.61],[-110.55,27.39],[-110.5,27.39],[-110.4,27.25],[-110.29,27.15],[-109.92,27.06],[-109.86,26.8],[-109.69,26.68],[-109.53,26.68],[-109.51,26.73],[-109.26,26.5],[-109.23,26.26],[-109.27,26.18],[-109.43,26.02],[-109.44,25.79],[-109.17,25.65],[-109.12,25.54],[-108.89,25.49],[-108.79,25.54],[-108.73,25.41],[-108.45,25.27],[-108.4,25.21],[-108.21,25.17],[-108.11,25.03],[-108.18,24.98],[-108.16,24.88],[-108.04,24.83],[-107.99,24.65],[-107.89,24.62],[-107.62,24.46],[-107.52,24.51],[-107.48,24.4],[-107.54,24.35],[-107.38,24.21],[-107.04,23.98],[-106.9,23.85],[-106.79,23.63],[-106.52,23.41],[-106.43,23.24],[-106.22,23.05],[-106.03,22.83],[-105.92,22.77],[-105.8,22.64],[-105.73,22.5],[-105.65,22.26],[-105.66,22.05],[-105.63,21.96],[-105.41,21.6],[-105.18,21.44],[-105.24,21.34],[-105.22,21.2],[-105.23,21.06],[-105.31,21.03],[-105.51,20.77],[-105.36,20.76],[-105.23,20.64],[-105.33,20.51],[-105.58,20.49],[-105.7,20.41],[-105.55,20.2],[-105.53,20.03],[-105.25,19.67],[-105.09,19.56],[-105.02,19.37],[-104.81,19.23],[-104.45,19.1],[-104.35,19.11],[-104.33,19.02],[-103.98,18.88],[-103.7,18.65],[-103.71,18.6],[-103.57,18.49],[-103.5,18.33],[-103.11,18.19],[-103.02,18.19],[-102.74,18.07],[-102.6,18.05],[-102.29,17.96],[-102.19,17.92],[-102.04,17.99],[-101.81,17.89],[-101.64,17.67],[-101.5,17.61],[-101.46,17.53],[-101.18,17.41],[-101.01,17.25],[-99.99,16.91],[-99.74,16.73],[-99.6,16.68],[-99.37,16.67],[-98.86,16.53],[-98.78,16.56],[-98.57,16.32],[-98.22,16.23],[-97.94,16.09],[-97.77,15.98],[-97.37,15.94],[-97.27,15.94],[-97.06,15.86],[-97.02,15.81],[-96.84,15.73],[-96.68,15.71],[-96.56,15.66],[-96.43,15.7],[-96.24,15.68],[-95.96,15.83],[-95.43,15.98],[-95.23,16.16],[-94.9,16.21],[-94.97,16.33],[-94.88,16.43],[-94.81,16.4],[-94.76,16.29],[-94.65,16.36],[-94.59,16.28],[-94.72,16.2],[-94.44,16.19],[-94.36,16.29],[-94.22,16.2],[-94.14,16.23],[-94.04,16.13],[-93.9,16.09],[-93.94,16.01],[-93.66,15.84],[-93.23,15.5],[-92.98,15.27],[-92.86,15.19],[-92.7,15],[-92.25,14.55],[-92.16,14.7],[-92.19,14.81],[-92.15,15],[-92.07,15.07],[-92.2,15.24],[-92.2,15.29],[-91.75,16.05],[-91.72,16.07],[-90.49,16.07],[-90.43,16.17],[-90.46,16.26],[-90.39,16.39],[-90.54,16.49],[-90.73,16.75],[-90.9,16.83],[-90.95,16.9],[-91.07,16.92],[-91.29,17.19],[-91.43,17.26],[-90.99,17.25],[-90.99,17.8],[-90.96,17.82],[-90.26,17.82],[-89.16,17.81],[-89.13,17.97],[-89.05,18],[-88.88,17.89],[-88.74,18.05],[-88.7,18.18],[-88.63,18.22],[-88.49,18.49],[-88.3,18.48],[-88.1,18.8],[-88.04,18.88],[-88,18.69],[-88.08,18.5],[-87.93,18.44],[-87.84,18.26],[-87.77,18.41],[-87.74,18.65],[-87.66,18.77],[-87.61,19.02],[-87.55,19.13],[-87.5,19.33],[-87.69,19.24],[-87.66,19.37],[-87.46,19.45],[-87.42,19.56],[-87.62,19.55],[-87.74,19.61],[-87.65,19.68],[-87.6,19.77],[-87.47,19.89],[-87.44,20.19],[-87.23,20.49],[-87.07,20.62],[-86.87,20.86],[-86.83,21.01],[-86.74,21.16],[-86.81,21.21],[-86.83,21.43],[-86.92,21.45],[-87,21.57],[-87.13,21.62],[-87.13,21.52],[-87.24,21.44],[-87.47,21.47],[-87.62,21.52],[-87.96,21.6],[-88.13,21.62],[-88.28,21.56],[-88.45,21.58],[-88.6,21.53],[-88.7,21.46],[-89.12,21.36],[-89.79,21.29],[-90.08,21.17],[-90.36,21],[-90.45,20.74],[-90.49,20.53],[-90.47,20.41],[-90.5,20.07],[-90.48,19.92],[-90.66,19.78],[-90.7,19.71],[-90.73,19.38],[-90.94,19.16],[-91.16,19.02],[-91.48,18.84],[-91.27,18.74],[-91.33,18.57],[-91.5,18.51],[-91.52,18.45],[-91.83,18.48],[-91.95,18.69],[-92.06,18.7],[-92.4,18.67],[-92.68,18.62],[-92.86,18.47],[-92.94,18.45],[-93.44,18.44],[-93.58,18.42],[-93.59,18.35],[-93.86,18.31],[-94.21,18.19],[-94.47,18.14],[-94.58,18.19],[-94.81,18.52],[-95,18.56],[-95.21,18.71],[-95.49,18.71],[-95.66,18.75],[-95.82,18.75],[-95.94,18.94],[-95.98,19.06],[-96.04,19.07],[-96.16,19.23],[-96.28,19.32],[-96.36,19.54],[-96.46,19.87],[-96.68,20.16],[-97.03,20.52],[-97.15,20.65],[-97.2,20.81],[-97.34,21.06],[-97.5,21.4],[-97.66,21.64],[-97.62,21.79],[-97.37,21.5],[-97.32,21.56],[-97.51,21.72],[-97.61,21.84],[-97.76,22.1],[-97.86,22.59],[-97.89,22.63],[-97.79,22.81],[-97.74,22.97],[-97.77,23.26],[-97.72,23.74],[-97.72,24.01],[-97.65,24.52],[-97.46,25.18],[-97.32,25.39],[-97.16,25.72],[-97.14,25.97]]],[[[-111.75,24.45],[-111.86,24.52],[-111.94,24.48],[-111.71,24.32],[-111.75,24.45]]],[[[-115.19,28.34],[-115.33,28.13],[-115.21,28.04],[-115.16,28.14],[-115.19,28.34]]],[[[-112.27,28.77],[-112.2,29.02],[-112.27,29.14],[-112.28,29.23],[-112.46,29.18],[-112.49,28.97],[-112.58,28.88],[-112.38,28.77],[-112.27,28.77]]],[[[-113.14,29.07],[-113.18,29.29],[-113.37,29.31],[-113.35,29.38],[-113.48,29.53],[-113.55,29.53],[-113.59,29.41],[-113.41,29.21],[-113.24,29.07],[-113.14,29.07]]],[[[-86.75,20.59],[-86.94,20.55],[-87.01,20.44],[-86.99,20.26],[-86.8,20.48],[-86.75,20.59]]]]},"properties":{"iso_a2":"MX","name":"Mexico"}},{"type":"Feature","geometry":{"type":"Polygon","coordinates":[[[-89.16,17.81],[-89.15,17.04],[-89.18,16.5],[-89.24,15.89],[-88.91,15.89],[-88.9,16.01],[-88.75,16.16],[-88.74,16.23],[-88.54,16.27],[-88.45,16.4],[-88.39,16.55],[-88.31,16.65],[-88.28,16.89],[-88.22,16.95],[-88.3,17.18],[-88.29,17.34],[-88.23,17.5],[-88.28,17.58],[-88.21,17.77],[-88.21,17.88],[-88.09,18.12],[-88.11,18.37],[-88.19,18.34],[-88.38,18.39],[-88.3,18.48],[-88.49,18.49],[-88.63,18.22],[-88.7,18.18],[-88.74,18.05],[-88.88,17.89],[-89.05,18],[-89.13,17.97],[-89.16,17.81]]]},"properties":{"iso_a2":"BZ","name":"Belize"}},{"type":"Feature","geometry":{"type":"MultiPolygon","coordinates":[[[[-82.57,9.58],[-82.62,9.49],[-82.83,9.6],[-82.86,9.48],[-82.94,9.44],[-82.94,9.07],[-82.75,8.97],[-82.72,8.92],[-82.87,8.84],[-82.92,8.74],[-82.86,8.66],[-82.84,8.53],[-82.87,8.44],[-83.05,8.33],[-82.94,8.25],[-82.89,8.1],[-82.9,8.04],[-82.85,8.07],[-82.88,8.22],[-82.81,8.3],[-82.66,8.32],[-82.51,8.28],[-82.28,8.34],[-82.14,8.16],[-82.09,8.22],[-81.71,8.13],[-81.62,7.92],[-81.57,7.76],[-81.53,7.71],[-81.2,7.63],[-81.17,7.76],[-81.08,7.79],[-81.04,7.67],[-80.95,7.56],[-80.87,7.21],[-80.71,7.22],[-80.47,7.25],[-80.38,7.31],[-80.36,7.38],[-80.25,7.43],[-80.14,7.43],[-80.01,7.47],[-79.99,7.52],[-80.14,7.75],[-80.3,7.88],[-80.35,7.99],[-80.46,8.04],[-80.47,8.22],[-80.38,8.31],[-80.22,8.3],[-79.97,8.44],[-79.86,8.55],[-79.77,8.58],[-79.75,8.82],[-79.6,8.89],[-79.48,9],[-79.39,9.02],[-79.18,9.01],[-79,8.96],[-78.76,8.83],[-78.53,8.58],[-78.39,8.34],[-78.32,8.47],[-78.16,8.39],[-78.24,8.15],[-78.29,8.08],[-78.43,8.08],[-78.39,7.92],[-78.33,7.84],[-78.27,7.68],[-78.14,7.5],[-77.95,7.27],[-77.9,7.24],[-77.82,7.48],[-77.73,7.53],[-77.77,7.67],[-77.68,7.67],[-77.58,7.53],[-77.34,7.71],[-77.38,7.79],[-77.32,7.88],[-77.2,7.98],[-77.23,8.1],[-77.32,8.25],[-77.36,8.27],[-77.42,8.46],[-77.48,8.53],[-77.37,8.66],[-77.54,8.72],[-77.72,8.89],[-77.74,8.96],[-77.89,9.08],[-78.04,9.24],[-78.21,9.29],[-78.44,9.4],[-78.6,9.42],[-78.73,9.46],[-78.9,9.42],[-79.06,9.46],[-79.06,9.53],[-79.19,9.54],[-79.55,9.63],[-79.68,9.57],[-79.73,9.46],[-79.84,9.4],[-79.91,9.31],[-80,9.32],[-80.1,9.22],[-80.29,9.15],[-80.41,9.14],[-80.64,9.05],[-80.82,8.89],[-81.09,8.81],[-81.3,8.78],[-81.54,8.81],[-81.72,9.03],[-81.79,8.93],[-81.9,8.97],[-82.1,8.93],[-82.25,9.01],[-82.27,9.19],[-82.35,9.21],[-82.39,9.29],[-82.35,9.4],[-82.57,9.58]]],[[[-81.66,7.4],[-81.72,7.45],[-81.74,7.64],[-81.83,7.58],[-81.84,7.43],[-81.75,7.35],[-81.66,7.4]]],[[[-78.89,8.46],[-78.97,8.44],[-78.92,8.28],[-78.84,8.39],[-78.89,8.46]]]]},"properties":{"iso_a2":"PA","name":"Panama"}},{"type":"Feature","geometry":{"type":"MultiPolygon","coordinates":[[[[-60.02,8.56],[-60.2,8.62],[-60.37,8.64],[-60.46,8.53],[-60.63,8.56],[-60.69,8.61],[-60.98,8.57],[-60.99,8.51],[-61.18,8.49],[-61.28,8.4],[-61.36,8.49],[-61.5,8.53],[-61.52,8.6],[-61.21,8.61],[-61.13,8.82],[-61.1,8.96],[-61.01,9.05],[-60.98,9.17],[-60.82,9.27],[-60.78,9.34],[-60.86,9.46],[-61.05,9.58],[-61.13,9.57],[-61.34,9.71],[-61.44,9.82],[-61.58,9.87],[-61.59,9.78],[-61.79,9.83],[-61.83,9.79],[-62.02,9.96],[-62.2,10.02],[-62.26,9.94],[-62.24,9.84],[-62.29,9.73],[-62.41,9.92],[-62.52,10.18],[-62.67,10.29],[-62.74,10.38],[-62.83,10.41],[-62.86,10.53],[-62.66,10.57],[-62.33,10.53],[-62.24,10.64],[-62.09,10.63],[-61.92,10.67],[-61.86,10.75],[-62.15,10.69],[-62.72,10.76],[-62.9,10.7],[-63.17,10.73],[-63.28,10.67],[-63.39,10.69],[-63.53,10.63],[-63.78,10.68],[-63.91,10.63],[-64.07,10.65],[-64.3,10.62],[-64.25,10.52],[-64.16,10.57],[-63.97,10.58],[-63.85,10.56],[-63.82,10.45],[-64.03,10.45],[-64.13,10.48],[-64.34,10.39],[-64.49,10.24],[-64.63,10.25],[-64.75,10.11],[-64.94,10.1],[-65.08,10.05],[-65.17,10.1],[-65.58,10.19],[-65.87,10.31],[-66.12,10.5],[-66.12,10.6],[-66.25,10.65],[-66.33,10.61],[-66.54,10.63],[-67.01,10.61],[-67.17,10.56],[-67.56,10.53],[-67.94,10.47],[-68.13,10.49],[-68.24,10.58],[-68.32,10.75],[-68.33,10.85],[-68.26,10.9],[-68.42,11.18],[-68.66,11.35],[-68.75,11.37],[-68.86,11.45],[-69.06,11.45],[-69.27,11.54],[-69.38,11.49],[-69.5,11.51],[-69.62,11.47],[-69.7,11.54],[-69.81,11.8],[-69.83,12.02],[-69.92,12.16],[-70.02,12.2],[-70.21,12.11],[-70.3,11.87],[-70.21,11.74],[-70.19,11.6],[-69.85,11.69],[-69.79,11.65],[-69.75,11.48],[-69.81,11.43],[-69.95,11.52],[-70.05,11.52],[-70.1,11.43],[-70.51,11.25],[-70.69,11.25],[-70.87,11.2],[-71.06,11.09],[-71.29,10.99],[-71.46,10.98],[-71.45,10.8],[-71.51,10.81],[-71.54,10.57],[-71.47,10.5],[-71.47,10.42],[-71.36,10.22],[-71.27,10.15],[-71.21,9.98],[-71.07,9.86],[-71.04,9.76],[-71.09,9.54],[-71.06,9.36],[-71.15,9.29],[-71.27,9.14],[-71.51,9.05],[-71.69,9.06],[-71.76,9.12],[-71.73,9.36],[-71.96,9.52],[-72,9.65],[-72.12,9.83],[-72.04,9.93],[-71.97,10.11],[-71.9,10.14],[-71.78,10.34],[-71.63,10.46],[-71.58,10.72],[-71.69,10.84],[-71.77,11.11],[-71.86,11.22],[-71.94,11.38],[-71.96,11.59],[-71.67,11.69],[-71.38,11.76],[-71.33,11.85],[-71.48,11.79],[-71.97,11.66],[-72.01,11.63],[-72.26,11.17],[-72.48,11.13],[-72.58,10.96],[-72.68,10.86],[-72.75,10.68],[-72.91,10.45],[-72.94,10.18],[-72.99,10],[-72.98,9.84],[-73.1,9.6],[-73.18,9.52],[-73.38,9.16],[-73.21,9.17],[-73.01,9.3],[-72.94,9.1],[-72.83,9.14],[-72.78,9.06],[-72.67,8.65],[-72.38,8.32],[-72.39,8.23],[-72.34,8.1],[-72.49,7.95],[-72.45,7.82],[-72.48,7.65],[-72.45,7.44],[-72.21,7.38],[-72.16,7.33],[-72.15,7.19],[-72.1,7.09],[-71.99,7.01],[-71.83,6.99],[-71.77,7.03],[-71.62,7.05],[-71.28,7.02],[-71.17,6.97],[-70.96,7.01],[-70.9,7.07],[-70.7,7.1],[-70.58,7.09],[-70.52,7.02],[-70.32,6.94],[-70.13,6.97],[-70.08,6.92],[-69.44,6.12],[-69.31,6.15],[-69.25,6.08],[-69.06,6.22],[-68.83,6.19],[-68.64,6.14],[-68.45,6.2],[-68.3,6.18],[-68.15,6.22],[-67.92,6.24],[-67.84,6.31],[-67.57,6.27],[-67.49,6.2],[-67.49,6.11],[-67.42,6.02],[-67.6,5.82],[-67.65,5.7],[-67.65,5.48],[-67.81,5.38],[-67.84,5.3],[-67.79,5.06],[-67.83,4.87],[-67.82,4.74],[-67.85,4.57],[-67.78,4.34],[-67.81,4.27],[-67.74,4.12],[-67.63,3.76],[-67.47,3.68],[-67.4,3.5],[-67.31,3.43],[-67.4,3.27],[-67.45,3.24],[-67.84,2.89],[-67.82,2.83],[-67.63,2.81],[-67.58,2.69],[-67.48,2.66],[-67.32,2.48],[-67.2,2.4],[-67.22,2.29],[-67.14,2],[-67.07,1.89],[-66.98,1.67],[-66.88,1.33],[-66.87,1.22],[-66.41,0.8],[-66.35,0.76],[-66.16,0.73],[-65.97,0.81],[-65.87,0.91],[-65.74,0.97],[-65.6,0.98],[-65.53,0.91],[-65.59,0.74],[-65.54,0.65],[-65.45,0.69],[-65.33,0.91],[-65.2,0.92],[-65.14,1.13],[-65.02,1.14],[-64.84,1.27],[-64.73,1.25],[-64.6,1.33],[-64.55,1.42],[-64.41,1.51],[-64.39,1.37],[-64.13,1.58],[-64.07,1.67],[-64.05,1.89],[-63.99,1.96],[-63.76,1.99],[-63.62,2.1],[-63.41,2.15],[-63.37,2.27],[-63.38,2.42],[-63.7,2.44],[-63.83,2.43],[-64.05,2.47],[-64,2.71],[-64.11,2.95],[-64.22,3.12],[-64.22,3.25],[-64.25,3.42],[-64.2,3.6],[-64.32,3.72],[-64.53,3.85],[-64.66,4],[-64.73,4.14],[-64.8,4.19],[-64.79,4.28],[-64.7,4.26],[-64.59,4.12],[-64.36,4.15],[-64.15,4.11],[-64.06,3.91],[-64,3.88],[-63.87,3.95],[-63.62,3.94],[-63.51,3.86],[-63.42,3.97],[-63.29,3.92],[-63,3.6],[-62.89,3.56],[-62.8,3.6],[-62.74,3.74],[-62.79,3.9],[-62.77,4.02],[-62.56,4.04],[-62.54,4.13],[-62.38,4.17],[-62.19,4.1],[-62.03,4.16],[-61.93,4.15],[-61.72,4.26],[-61.57,4.25],[-61.52,4.38],[-61.46,4.42],[-61.33,4.42],[-61.3,4.52],[-61.15,4.49],[-61.01,4.52],[-60.95,4.57],[-60.9,4.71],[-60.76,4.76],[-60.61,4.9],[-60.6,5],[-60.66,5.17],[-60.74,5.2],[-61.38,5.91],[-61.26,6.11],[-61.12,6.19],[-61.16,6.34],[-61.14,6.44],[-61.21,6.54],[-61.13,6.72],[-60.93,6.73],[-60.79,6.79],[-60.72,6.76],[-60.62,6.85],[-60.42,6.94],[-60.29,7.11],[-60.37,7.17],[-60.5,7.18],[-60.55,7.13],[-60.64,7.25],[-60.6,7.32],[-60.73,7.51],[-60.5,7.82],[-60.37,7.82],[-60.23,7.96],[-60.02,8.06],[-59.99,8.17],[-59.85,8.23],[-59.82,8.29],[-60.02,8.56]]],[[[-63.85,11.14],[-63.99,11.11],[-64.05,10.99],[-64.18,11.03],[-64.22,11.09],[-64.37,11.06],[-64.41,10.97],[-64.22,10.94],[-64.18,10.97],[-64.04,10.87],[-63.9,10.89],[-63.79,11],[-63.85,11.14]]],[[[-60.95,8.83],[-61.06,8.8],[-61.17,8.7],[-61.09,8.63],[-60.85,8.64],[-60.77,8.74],[-60.69,8.79],[-60.74,8.87],[-60.86,8.87],[-60.95,8.83]]]]},"properties":{"iso_a2":"VE","name":"Venezuela"}},{"type":"Feature","geometry":{"type":"MultiPolygon","coordinates":[[[[140.97,-2.6],[140.97,-3.8],[140.98,-4.6],[140.98,-5.62],[140.98,-6.33],[140.95,-6.48],[140.85,-6.7],[140.92,-6.86],[140.98,-6.9],[140.98,-7.96],[140.98,-9.11],[141.12,-9.22],[141.23,-9.21],[141.31,-9.15],[141.42,-9.15],[141.51,-9.21],[141.62,-9.23],[141.78,-9.2],[141.87,-9.22],[142.22,-9.16],[142.47,-9.24],[142.58,-9.32],[142.65,-9.33],[143.17,-9.04],[143.32,-9.02],[143.41,-8.96],[143.4,-8.78],[143.26,-8.59],[143.13,-8.49],[142.9,-8.41],[142.98,-8.34],[143.34,-8.25],[143.59,-8.24],[143.63,-8.19],[143.55,-8.03],[143.65,-7.98],[143.77,-8.04],[143.9,-8.03],[143.96,-7.97],[143.86,-7.81],[143.84,-7.72],[143.92,-7.69],[144.22,-7.8],[144.24,-7.73],[144.35,-7.69],[144.43,-7.61],[144.66,-7.63],[144.87,-7.71],[144.88,-7.78],[145.23,-7.86],[145.32,-7.86],[145.41,-7.93],[145.63,-7.94],[145.88,-8.04],[146,-8.05],[146.1,-8.1],[146.13,-8.21],[146.22,-8.26],[146.28,-8.43],[146.44,-8.61],[146.52,-8.76],[146.61,-8.82],[146.55,-8.89],[146.63,-9.02],[146.77,-9.05],[146.92,-9.12],[146.9,-9.18],[147.05,-9.46],[147.23,-9.54],[147.31,-9.54],[147.49,-9.77],[147.52,-9.88],[147.62,-9.99],[147.76,-10.06],[148.02,-10.12],[148.23,-10.11],[148.4,-10.2],[148.54,-10.17],[148.96,-10.28],[149.16,-10.24],[149.46,-10.35],[149.75,-10.34],[150.05,-10.47],[150.01,-10.56],[150.07,-10.64],[150.21,-10.7],[150.32,-10.66],[150.42,-10.68],[150.69,-10.56],[150.65,-10.48],[150.35,-10.36],[150.4,-10.3],[150.62,-10.34],[150.59,-10.24],[150.46,-10.2],[150.3,-10.18],[150.2,-10.1],[150,-10.08],[149.73,-9.85],[149.73,-9.81],[150.06,-9.71],[150.01,-9.64],[149.73,-9.6],[149.62,-9.62],[149.45,-9.58],[149.23,-9.49],[149.19,-9.39],[149.32,-9.02],[149.15,-9],[148.98,-9.05],[148.9,-9.04],[148.76,-9.1],[148.62,-9.08],[148.56,-9.03],[148.5,-8.88],[148.49,-8.75],[148.44,-8.67],[148.24,-8.57],[148.21,-8.31],[148.11,-8.05],[148.02,-8.06],[147.88,-7.94],[147.76,-7.94],[147.68,-7.81],[147.61,-7.82],[147.58,-7.7],[147.35,-7.51],[147.23,-7.49],[147.16,-7.39],[147.14,-7.21],[146.96,-6.95],[146.94,-6.84],[146.98,-6.74],[147.13,-6.71],[147.2,-6.74],[147.78,-6.72],[147.85,-6.69],[147.87,-6.48],[147.83,-6.33],[147.73,-6.27],[147.62,-6.11],[147.47,-5.97],[147.34,-5.93],[147.23,-5.97],[147.11,-5.96],[146.81,-5.84],[146.66,-5.75],[146.46,-5.6],[146.29,-5.58],[145.96,-5.47],[145.79,-5.49],[145.74,-5.45],[145.75,-5.29],[145.81,-5.07],[145.79,-4.97],[145.81,-4.86],[145.69,-4.77],[145.35,-4.39],[145.18,-4.39],[145.05,-4.34],[144.87,-4.1],[144.73,-4.03],[144.55,-3.97],[144.5,-3.81],[144,-3.79],[143.82,-3.62],[143.62,-3.54],[143.52,-3.44],[143.13,-3.35],[143.03,-3.36],[142.5,-3.2],[142.18,-3.08],[142,-2.96],[141.91,-2.97],[141.58,-2.79],[141.34,-2.7],[141.28,-2.64],[141.04,-2.59],[140.97,-2.6]]],[[[153.76,-11.59],[153.7,-11.52],[153.55,-11.48],[153.26,-11.35],[153.28,-11.46],[153.37,-11.56],[153.59,-11.62],[153.76,-11.59]]],[[[154.28,-11.35],[154.22,-11.31],[154.09,-11.32],[154.1,-11.43],[154.28,-11.35]]],[[[151.18,-9.95],[151.13,-10.04],[151.04,-9.98],[150.92,-9.83],[150.88,-9.9],[150.96,-10.1],[151.16,-10.15],[151.21,-10.19],[151.3,-9.97],[151.18,-9.95]]],[[[150.8,-9.65],[150.93,-9.66],[150.89,-9.52],[150.76,-9.4],[150.67,-9.44],[150.51,-9.34],[150.43,-9.42],[150.55,-9.62],[150.66,-9.66],[150.8,-9.65]]],[[[150.37,-9.37],[150.33,-9.28],[150.22,-9.21],[150.14,-9.25],[150.11,-9.36],[150.17,-9.44],[150.34,-9.47],[150.37,-9.37]]],[[[153,-9.14],[152.79,-9],[152.6,-8.99],[152.6,-9.07],[152.81,-9.26],[152.89,-9.25],[153,-9.14]]],[[[151.11,-8.77],[151.14,-8.59],[151.04,-8.44],[151,-8.52],[151.12,-8.58],[151.04,-8.73],[151.11,-8.77]]],[[[143.61,-8.64],[143.48,-8.52],[143.41,-8.6],[143.59,-8.68],[143.61,-8.64]]],[[[143.38,-8.43],[143.53,-8.49],[143.57,-8.37],[143.39,-8.37],[143.38,-8.43]]],[[[148.05,-5.61],[147.78,-5.49],[147.76,-5.59],[147.9,-5.77],[148.03,-5.84],[148.07,-5.75],[148.05,-5.61]]],[[[155.93,-6.64],[155.92,-6.52],[155.81,-6.36],[155.71,-6.28],[155.45,-6.14],[155.4,-6.01],[155.28,-5.88],[155.2,-5.85],[155.19,-5.77],[155.07,-5.55],[154.77,-5.56],[154.7,-5.77],[154.75,-5.83],[154.76,-5.95],[154.96,-6.13],[154.98,-6.19],[155.18,-6.29],[155.24,-6.36],[155.19,-6.55],[155.36,-6.75],[155.52,-6.84],[155.72,-6.87],[155.82,-6.78],[155.97,-6.73],[155.93,-6.64]]],[[[147.21,-5.27],[147.13,-5.19],[147.02,-5.24],[147.01,-5.33],[147.13,-5.44],[147.23,-5.41],[147.21,-5.27]]],[[[154.73,-5.21],[154.69,-5.08],[154.57,-5.07],[154.57,-5.29],[154.63,-5.46],[154.69,-5.43],[154.73,-5.21]]],[[[146,-4.53],[145.88,-4.67],[145.94,-4.76],[146.04,-4.7],[146.05,-4.58],[146,-4.53]]],[[[152.42,-4.34],[152.18,-4.3],[152.14,-4.2],[151.97,-4.33],[151.88,-4.3],[151.82,-4.21],[151.54,-4.18],[151.51,-4.23],[151.57,-4.41],[151.61,-4.45],[151.67,-4.65],[151.69,-4.88],[151.61,-4.97],[151.39,-4.91],[151.25,-4.99],[151.11,-5.13],[151.03,-5.26],[151.01,-5.41],[150.91,-5.49],[150.78,-5.46],[150.63,-5.56],[150.59,-5.49],[150.42,-5.46],[150.31,-5.56],[150.14,-5.53],[150.03,-5.29],[150.06,-5.18],[150.18,-5.1],[150.16,-5.02],[150.04,-5.03],[150.01,-5.25],[149.92,-5.35],[149.98,-5.44],[149.94,-5.49],[149.72,-5.57],[149.62,-5.51],[149.39,-5.59],[149.22,-5.6],[149.2,-5.56],[148.98,-5.46],[148.83,-5.53],[148.65,-5.48],[148.59,-5.53],[148.43,-5.44],[148.34,-5.53],[148.32,-5.65],[148.39,-5.77],[148.55,-5.84],[148.62,-5.81],[148.77,-5.87],[148.85,-5.98],[149.01,-6.03],[149.07,-6.09],[149.3,-6.06],[149.46,-6.1],[149.59,-6.27],[150.1,-6.3],[150.16,-6.26],[150.27,-6.29],[150.47,-6.27],[150.59,-6.18],[150.8,-6.12],[150.88,-6.05],[151.21,-5.94],[151.4,-5.79],[151.42,-5.72],[151.53,-5.66],[151.48,-5.53],[151.74,-5.53],[151.79,-5.58],[151.97,-5.53],[152.1,-5.46],[152.15,-5.37],[152.08,-5.24],[151.99,-5.16],[151.99,-4.97],[152.14,-5],[152.29,-4.93],[152.39,-4.79],[152.41,-4.68],[152.37,-4.47],[152.42,-4.34]]],[[[153.14,-4.27],[152.96,-4],[152.87,-3.99],[152.78,-3.9],[152.57,-3.82],[152.49,-3.64],[152.43,-3.66],[152.36,-3.54],[152.22,-3.46],[152.05,-3.25],[151.83,-3.19],[151.69,-3.07],[151.42,-2.9],[151.22,-2.87],[151.17,-2.78],[151.06,-2.74],[150.94,-2.65],[150.79,-2.73],[151.09,-2.83],[151.22,-2.94],[151.43,-3.05],[151.47,-3.12],[151.61,-3.17],[151.81,-3.36],[151.98,-3.46],[152.17,-3.49],[152.29,-3.57],[152.36,-3.69],[152.52,-3.85],[152.69,-4.16],[152.7,-4.29],[152.67,-4.45],[152.73,-4.65],[152.87,-4.79],[152.98,-4.76],[153.07,-4.6],[153.05,-4.45],[153.14,-4.38],[153.14,-4.27]]],[[[150.47,-2.53],[150.45,-2.48],[150.23,-2.38],[150.07,-2.42],[150,-2.47],[150.11,-2.62],[150.19,-2.68],[150.45,-2.66],[150.47,-2.53]]],[[[147.43,-1.98],[147.42,-2.05],[147.11,-1.96],[146.87,-1.95],[146.78,-1.98],[146.65,-1.96],[146.58,-2.03],[146.65,-2.17],[146.96,-2.19],[147.13,-2.16],[147.22,-2.18],[147.28,-2.08],[147.43,-2.06],[147.43,-1.98]]],[[[149.74,-1.47],[149.63,-1.36],[149.54,-1.46],[149.67,-1.58],[149.78,-1.56],[149.74,-1.47]]]]},"properties":{"iso_a2":"PG","name":"Papua New Guinea"}},{"type":"Feature","geometry":{"type":"Polygon","coordinates":[[[34.25,31.21],[34.2,31.31],[34.05,31.23],[33.65,31.12],[33.5,31.13],[33.19,31.06],[33.1,31.18],[32.97,31.09],[32.88,31.09],[32.73,31.04],[32.6,31.06],[32.33,31.27],[32.25,31.11],[32.08,31.07],[32.03,31.19],[31.92,31.2],[31.83,31.27],[31.84,31.53],[31.6,31.44],[31.52,31.45],[31.22,31.58],[31.04,31.52],[31,31.45],[30.8,31.45],[30.73,31.39],[30.36,31.51],[30.26,31.25],[30.07,31.31],[29.84,31.15],[29.5,30.96],[29.22,30.84],[29.03,30.83],[28.82,30.95],[28.42,31.08],[28.32,31.06],[27.9,31.11],[27.86,31.23],[27.66,31.18],[27.48,31.21],[27.38,31.27],[27.32,31.38],[27.12,31.39],[26.97,31.45],[26.36,31.52],[25.97,31.62],[25.82,31.62],[25.4,31.5],[25.19,31.53],[25.15,31.66],[25.02,31.49],[24.86,31.38],[24.86,31.15],[24.88,31.04],[25,30.79],[24.91,30.5],[24.77,30.33],[24.69,30.14],[24.81,29.89],[24.81,29.76],[24.87,29.64],[24.87,29.47],[24.98,29.18],[24.98,28.49],[24.98,27.67],[24.98,26.67],[24.98,25.5],[24.98,24.62],[24.98,24.04],[24.98,23.16],[24.98,22],[25.66,22],[26.93,22],[27.71,22],[28.87,22],[29.75,22],[30.43,21.99],[31.25,21.99],[31.36,22.19],[31.49,22.15],[31.44,22],[32.55,22],[33.18,22],[34.08,22],[34.79,22],[35.72,22],[36.88,22],[36.9,22.07],[36.77,22.18],[36.71,22.17],[36.56,22.3],[36.44,22.36],[36.43,22.43],[36.31,22.49],[36.28,22.59],[36.2,22.65],[35.89,22.74],[35.7,22.93],[35.62,23.14],[35.58,23.21],[35.54,23.41],[35.49,23.5],[35.51,23.76],[35.48,23.8],[35.51,23.98],[35.69,23.91],[35.72,23.99],[35.6,24.02],[35.49,24.11],[35.39,24.28],[35.24,24.4],[34.99,24.91],[34.68,25.43],[34.55,25.73],[34.34,26],[34,26.63],[33.93,26.68],[33.95,26.83],[34,26.85],[33.84,27.12],[33.83,27.26],[33.69,27.34],[33.63,27.5],[33.56,27.54],[33.52,27.75],[33.58,27.85],[33.51,27.96],[33.34,28.09],[33.13,28.29],[33,28.49],[32.87,28.58],[32.82,28.75],[32.68,28.88],[32.63,28.97],[32.66,29.09],[32.59,29.35],[32.39,29.53],[32.34,29.6],[32.39,29.73],[32.56,29.98],[32.6,29.82],[32.69,29.73],[32.68,29.6],[32.74,29.46],[32.89,29.24],[33.15,29.03],[33.2,28.68],[33.23,28.57],[33.43,28.37],[33.57,28.3],[33.76,28.02],[33.99,27.89],[34.08,27.8],[34.24,27.79],[34.43,27.98],[34.46,28.18],[34.41,28.32],[34.63,28.74],[34.62,28.85],[34.74,29.31],[34.89,29.49],[34.82,29.74],[34.6,30.35],[34.53,30.4],[34.48,30.65],[34.25,31.21]]]},"properties":{"iso_a2":"EG","name":"Egypt"}},{"type":"Feature","geometry":{"type":"MultiPolygon","coordinates":[[[[51.98,19],[51.18,18.89],[50.38,18.78],[49.13,18.61],[49.04,18.58],[48.16,18.15],[47.59,17.46],[47.43,17.09],[47.19,16.96],[46.97,16.96],[46.75,17.26],[46.71,17.27],[46.32,17.22],[45.43,17.31],[45.17,17.43],[44.65,17.43],[44.56,17.4],[44.4,17.42],[44.1,17.35],[43.75,17.35],[43.62,17.46],[43.5,17.51],[43.39,17.51],[43.17,17.33],[43.12,17.09],[43.11,16.91],[43.21,16.77],[43.16,16.66],[43.09,16.67],[43.04,16.54],[42.92,16.48],[42.79,16.37],[42.84,16.1],[42.84,15.92],[42.7,15.72],[42.72,15.57],[42.78,15.47],[42.81,15.27],[42.71,15.21],[42.86,15.14],[42.94,14.95],[42.94,14.79],[43.03,14.54],[42.99,14.45],[43.1,14.08],[43.23,13.88],[43.3,13.59],[43.25,13.53],[43.25,13.21],[43.47,12.85],[43.46,12.69],[43.59,12.75],[43.68,12.74],[44.03,12.6],[44.19,12.62],[44.43,12.69],[44.61,12.82],[44.88,12.73],[44.95,12.83],[45.06,12.82],[45.12,12.96],[45.19,13.01],[45.4,13.07],[45.49,13.2],[45.67,13.34],[45.94,13.4],[46.24,13.44],[46.31,13.41],[46.7,13.43],[46.91,13.53],[47.17,13.59],[47.4,13.66],[47.67,13.89],[47.87,13.96],[48.02,14.06],[48.14,14.03],[48.19,13.97],[48.34,14.02],[48.47,13.99],[48.57,14.05],[48.74,14.07],[48.85,14.17],[48.89,14.25],[49,14.33],[49.08,14.51],[49.58,14.74],[49.94,14.84],[50.04,14.82],[50.18,14.84],[50.55,15.05],[50.66,15.06],[51.07,15.15],[51.37,15.23],[51.55,15.32],[51.66,15.33],[51.68,15.4],[52.05,15.57],[52.23,15.62],[52.22,15.85],[52.16,15.98],[52.22,16.16],[52.32,16.29],[52.53,16.45],[52.74,16.51],[52.99,16.63],[53.09,16.64],[52.8,17.27],[52.74,17.29],[52.31,18.24],[51.98,19]]],[[[54.47,12.54],[54.12,12.7],[54.01,12.65],[53.76,12.62],[53.66,12.71],[53.5,12.71],[53.4,12.66],[53.33,12.52],[53.51,12.42],[53.57,12.34],[53.78,12.31],[54.14,12.35],[54.25,12.43],[54.45,12.49],[54.47,12.54]]]]},"properties":{"iso_a2":"YE","name":"Yemen"}},{"type":"Feature","geometry":{"type":"Polygon","coordinates":[[[-8.68,27.29],[-8.68,26.01],[-8.71,26],[-9.7,26],[-10.91,26],[-12.01,26],[-12.01,25.47],[-12.01,24.63],[-12.01,23.5],[-12.35,23.32],[-12.62,23.27],[-13.01,23.02],[-13.12,22.88],[-13.16,22.75],[-13.09,22.5],[-13.01,21.33],[-13.74,21.33],[-15,21.33],[-16.27,21.33],[-16.96,21.33],[-17.08,20.88],[-17.06,20.77],[-17,20.93],[-17.02,21.03],[-16.93,21.15],[-16.74,20.87],[-16.66,20.67],[-16.55,20.58],[-16.48,20.68],[-16.39,20.57],[-16.3,20.33],[-16.2,20.23],[-16.23,20.14],[-16.21,20.03],[-16.3,19.92],[-16.23,19.79],[-16.39,19.57],[-16.28,19.53],[-16.36,19.42],[-16.46,19.38],[-16.48,19.27],[-16.34,19.2],[-16.2,18.98],[-16.13,18.63],[-16.07,18.48],[-16.02,17.96],[-16.05,17.67],[-16.17,17.26],[-16.34,16.94],[-16.46,16.64],[-16.47,16.49],[-16.54,16.27],[-16.53,15.98],[-16.54,15.81],[-16.47,16.17],[-16.38,16.25],[-16.31,16.49],[-16.13,16.56],[-16.05,16.5],[-15.81,16.51],[-15.7,16.48],[-15.52,16.52],[-15.46,16.58],[-15.12,16.58],[-14.97,16.69],[-14.88,16.65],[-14.6,16.63],[-14.41,16.66],[-14.34,16.64],[-13.97,16.33],[-13.96,16.23],[-13.82,16.12],[-13.75,16.18],[-13.68,16.11],[-13.48,16.16],[-13.32,15.94],[-13.29,15.78],[-13.18,15.63],[-13.1,15.59],[-13.09,15.5],[-12.96,15.51],[-12.91,15.35],[-12.85,15.31],[-12.78,15.15],[-12.62,15.1],[-12.48,15.01],[-12.4,14.86],[-12.26,14.78],[-11.97,14.78],[-11.84,14.89],[-11.81,15.03],[-11.85,15.18],[-11.73,15.54],[-11.64,15.53],[-11.52,15.6],[-11.41,15.6],[-11.3,15.45],[-11.04,15.27],[-10.91,15.1],[-10.83,15.29],[-10.75,15.34],[-10.74,15.42],[-10.53,15.44],[-10.31,15.44],[-10.13,15.37],[-9.84,15.37],[-9.67,15.43],[-9.42,15.44],[-9.45,15.56],[-9.33,15.69],[-9.35,15.5],[-8.33,15.5],[-7.69,15.5],[-6.84,15.5],[-6.09,15.49],[-5.51,15.5],[-5.35,16.31],[-5.62,16.53],[-5.76,17.74],[-5.85,18.57],[-5.91,19.13],[-6.01,20],[-6.08,20.66],[-6.16,21.34],[-6.25,22.06],[-6.32,22.67],[-6.42,23.51],[-6.48,24.07],[-6.59,24.99],[-6.15,24.99],[-4.82,25],[-5.52,25.42],[-6.14,25.79],[-7.1,26.35],[-7.69,26.7],[-8.68,27.29]]]},"properties":{"iso_a2":"MR","name":"Mauritania"}},{"type":"Feature","geometry":{"type":"MultiPolygon","coordinates":[[[[9.8,2.34],[9.77,2.09],[9.8,1.9],[9.62,1.67],[9.56,1.5],[9.47,1.42],[9.36,1.15],[9.51,1.14],[9.58,1.04],[9.7,1.13],[9.79,1.09],[9.8,1],[9.91,0.94],[10.03,1],[10.74,1],[11.34,1],[11.33,2.13],[11.32,2.17],[10.72,2.17],[9.99,2.17],[9.81,2.27],[9.8,2.34]]],[[[8.92,3.75],[8.7,3.76],[8.63,3.65],[8.56,3.46],[8.47,3.46],[8.42,3.34],[8.45,3.27],[8.69,3.2],[8.78,3.32],[8.86,3.51],[8.96,3.64],[8.92,3.75]]]]},"properties":{"iso_a2":"GQ","name":"Equatorial Guinea"}},{"type":"Feature","geometry":{"type":"Polygon","coordinates":[[[-16.75,13.07],[-16.67,13.16],[-15.83,13.16],[-15.82,13.32],[-15.52,13.39],[-15.31,13.37],[-15.23,13.43],[-15.22,13.52],[-15.14,13.59],[-14.95,13.46],[-14.78,13.41],[-14.73,13.36],[-14.59,13.35],[-14.34,13.23],[-14.23,13.23],[-14.06,13.3],[-13.85,13.34],[-13.82,13.43],[-13.97,13.58],[-14.09,13.56],[-14.35,13.45],[-14.48,13.53],[-14.59,13.66],[-14.73,13.62],[-14.8,13.65],[-14.88,13.78],[-15.1,13.82],[-15.27,13.74],[-15.39,13.77],[-15.47,13.71],[-15.52,13.58],[-16.56,13.59],[-16.52,13.36],[-16.32,13.34],[-16.42,13.26],[-16.55,13.29],[-16.61,13.44],[-16.7,13.48],[-16.83,13.34],[-16.75,13.07]]]},"properties":{"iso_a2":"GM","name":"Gambia"}},{"type":"Feature","geometry":{"type":"Polygon","coordinates":[[[114.23,22.56],[114.08,22.53],[114,22.49],[113.91,22.38],[114.11,22.37],[114.18,22.29],[114.28,22.28],[114.28,22.39],[114.32,22.48],[114.23,22.56]]]},"properties":{"iso_a2":"HK","name":"Hong Kong"}},{"type":"Feature","geometry":{"type":"Polygon","coordinates":[[[12.453,41.903],[12.453,41.903],[12.453,41.903],[12.453,41.904],[12.454,41.904],[12.454,41.903],[12.453,41.903]]]},"properties":{"iso_a2":"VA","name":"Vatican City"}},{"type":"Feature","geometry":{"type":"MultiPolygon","coordinates":[[[[-51.73,-82.06],[-52.64,-82.16],[-53.31,-82.15],[-54.76,-82.3],[-55.68,-82.46],[-56.34,-82.64],[-57.7,-82.91],[-57.9,-83.01],[-59.47,-83.46],[-60.45,-83.47],[-61.62,-83.31],[-61.04,-83.12],[-60.98,-82.97],[-61.93,-82.97],[-62.79,-82.52],[-61.12,-82.34],[-60.51,-82.21],[-60.71,-82.16],[-62.07,-82.29],[-62.47,-82.26],[-63.84,-82.3],[-65.07,-82.41],[-66.06,-82.19],[-65.7,-81.97],[-65.8,-81.89],[-63.58,-81.87],[-63.48,-81.78],[-65.62,-81.78],[-65.69,-81.71],[-63.74,-81.69],[-63.38,-81.72],[-62.21,-81.69],[-62.41,-81.56],[-65.17,-81.51],[-68.37,-81.11],[-68.09,-81.05],[-68.68,-80.96],[-69.17,-81.03],[-69.98,-80.98],[-70.4,-80.82],[-70.43,-80.66],[-71.28,-80.66],[-72.28,-80.77],[-72.77,-80.97],[-74.05,-80.8],[-74.84,-80.92],[-75.58,-80.88],[-75.19,-80.77],[-75.71,-80.64],[-75.42,-80.54],[-75.58,-80.4],[-76.11,-80.28],[-76.27,-80.08],[-77.67,-80.18],[-78.37,-80.15],[-79.64,-80.02],[-79.69,-79.98],[-77.42,-80.01],[-76.63,-79.94],[-76.1,-79.73],[-75.92,-79.52],[-76.53,-79.31],[-80.43,-79.26],[-80.54,-79.41],[-80.49,-79.58],[-81.12,-79.47],[-81.32,-79.3],[-81.11,-79.2],[-81.74,-79.06],[-82.58,-78.94],[-83.25,-78.77],[-83.72,-78.56],[-83.89,-78.42],[-83.59,-78.23],[-83.68,-78.01],[-82.49,-78.47],[-80.29,-78.85],[-77.75,-78.74],[-77.36,-78.62],[-77.41,-78.42],[-79.28,-78.17],[-81.62,-77.86],[-81.16,-77.85],[-80.76,-77.79],[-80.23,-77.8],[-79.42,-77.88],[-79.15,-77.84],[-77.78,-77.95],[-77.68,-77.93],[-74.89,-78.17],[-74.27,-78.13],[-73.63,-78.03],[-73.13,-77.86],[-72.81,-77.7],[-72.72,-77.58],[-75.08,-77.44],[-75.53,-77.54],[-75.92,-77.34],[-76.32,-77.26],[-77.19,-76.83],[-77.52,-76.73],[-77.51,-76.56],[-76.93,-76.6],[-76.5,-76.53],[-75.89,-76.62],[-75.21,-76.56],[-74.08,-76.69],[-73.94,-76.65],[-73.06,-76.69],[-72.41,-76.69],[-71.71,-76.76],[-70.78,-76.73],[-70.33,-76.68],[-70.01,-76.69],[-69.98,-76.53],[-70.18,-76.45],[-69.47,-76.34],[-68.02,-76.22],[-68.1,-76.15],[-66.22,-76.01],[-63.16,-75.41],[-63.08,-75.35],[-63.76,-75.32],[-64.33,-75.37],[-64.27,-75.24],[-63.51,-75.16],[-63.04,-75.15],[-63.34,-75.01],[-63.9,-75.03],[-63.57,-74.87],[-63.06,-74.89],[-63.29,-74.72],[-63.12,-74.65],[-62.67,-74.7],[-62.59,-74.95],[-62.13,-74.95],[-61.79,-74.78],[-62.01,-74.6],[-62.33,-74.46],[-61.54,-74.54],[-61.07,-74.52],[-60.98,-74.42],[-60.68,-74.32],[-60.86,-74.24],[-61.28,-74.33],[-61.89,-74.28],[-61.66,-74.19],[-61.4,-74.25],[-61.05,-74.1],[-61.35,-74.07],[-61.79,-73.91],[-61.39,-73.88],[-61.23,-73.96],[-60.91,-73.9],[-60.73,-73.72],[-60.8,-73.58],[-61.3,-73.49],[-61.71,-73.46],[-61.57,-73.35],[-62.06,-73.13],[-61.37,-73.2],[-61.17,-73.32],[-60.7,-73.39],[-60.45,-73.3],[-60.09,-73.3],[-59.9,-72.99],[-60.11,-72.89],[-60.36,-73.05],[-60.66,-72.92],[-60.49,-72.79],[-60.6,-72.65],[-61,-72.69],[-61.21,-72.64],[-61.28,-72.53],[-61.14,-72.45],[-60.68,-72.45],[-60.69,-72.12],[-60.87,-72.05],[-61.73,-72.05],[-62.11,-72.01],[-62.44,-71.92],[-61.5,-71.85],[-61.09,-71.87],[-61.06,-71.8],[-60.77,-71.76],[-60.95,-71.62],[-61.18,-71.53],[-61.56,-71.69],[-61.73,-71.53],[-61.13,-71.42],[-60.93,-71.18],[-61.33,-71.04],[-61.3,-70.86],[-62.05,-70.87],[-62.01,-70.79],[-61.43,-70.59],[-61.42,-70.5],[-61.93,-70.5],[-62.38,-70.41],[-62.44,-70.31],[-62.26,-70.22],[-61.88,-70.23],[-62.01,-70.08],[-62.33,-69.98],[-62.53,-69.86],[-62.38,-69.68],[-62.4,-69.51],[-62.65,-69.39],[-62.96,-69.38],[-63.12,-69.19],[-63.44,-69.16],[-63.32,-69.05],[-63.87,-69.01],[-63.81,-68.94],[-63.21,-68.84],[-63.37,-68.77],[-63.81,-68.72],[-63.78,-68.59],[-63.46,-68.55],[-63.33,-68.42],[-63.91,-68.49],[-64.13,-68.54],[-64.08,-68.71],[-64.36,-68.78],[-65.17,-68.63],[-65.33,-68.57],[-64.98,-68.41],[-65.39,-68.39],[-65.48,-68.31],[-64.8,-68.16],[-64.99,-68.09],[-65.76,-68.17],[-65.78,-68.09],[-65.38,-68.01],[-65.67,-67.89],[-65.55,-67.72],[-65.34,-67.66],[-65.59,-67.55],[-65.33,-67.4],[-64.75,-67.31],[-65.01,-67.24],[-64.85,-67.17],[-64.97,-67.03],[-64.7,-66.98],[-64.77,-66.85],[-64.37,-66.91],[-63.83,-66.92],[-63.75,-66.79],[-63.94,-66.7],[-63.91,-66.5],[-63.74,-66.32],[-63.76,-66.21],[-63.23,-66.24],[-63.16,-66.35],[-62.9,-66.48],[-62.79,-66.66],[-62.53,-66.72],[-62.52,-66.59],[-62.7,-66.58],[-62.55,-66.41],[-62.76,-66.32],[-62.67,-66.23],[-62.22,-66.17],[-61.96,-66.21],[-61.83,-66.44],[-61.68,-66.44],[-61.73,-66.2],[-61.49,-66.26],[-61.49,-66.13],[-61.14,-66.22],[-60.84,-66.04],[-60.7,-66.12],[-60.58,-65.94],[-60.87,-65.91],[-61.24,-65.91],[-61.34,-66.09],[-61.58,-66.02],[-61.71,-66.14],[-62.02,-66.11],[-62.37,-65.92],[-62.34,-65.79],[-62.07,-65.69],[-62.09,-65.46],[-62.2,-65.3],[-61.93,-65.19],[-61.63,-65.24],[-61.56,-65.16],[-61.74,-65.09],[-61.73,-64.97],[-61.54,-64.97],[-61.38,-65.05],[-61.05,-65.01],[-60.73,-64.81],[-60.64,-64.7],[-60.36,-64.63],[-60.22,-64.52],[-60.04,-64.48],[-59.96,-64.39],[-59.75,-64.44],[-59.77,-64.57],[-59.55,-64.56],[-59.66,-64.39],[-59.42,-64.33],[-59.27,-64.45],[-58.99,-64.44],[-58.77,-64.28],[-58.82,-64.22],[-58.73,-64.03],[-58.5,-63.91],[-58.29,-63.75],[-58.08,-63.66],[-57.75,-63.66],[-57.72,-63.55],[-57.48,-63.57],[-57.44,-63.44],[-57.13,-63.5],[-57.1,-63.65],[-56.77,-63.58],[-56.99,-63.46],[-56.93,-63.42],[-57.11,-63.24],[-57.29,-63.21],[-57.88,-63.31],[-58.03,-63.41],[-58.9,-63.54],[-58.92,-63.65],[-59.34,-63.79],[-59.49,-63.88],[-59.91,-63.85],[-59.96,-63.95],[-60.31,-63.91],[-60.53,-63.99],[-60.88,-64.05],[-60.87,-64.17],[-60.97,-64.3],[-61.15,-64.39],[-61.47,-64.4],[-61.58,-64.44],[-61.6,-64.56],[-61.92,-64.57],[-61.92,-64.64],[-62.14,-64.78],[-62.52,-64.73],[-62.67,-64.78],[-63.03,-65.03],[-63.08,-65.17],[-63.87,-65.05],[-64.11,-65.27],[-63.68,-65.52],[-64.14,-65.62],[-64.33,-65.72],[-64.4,-65.81],[-64.69,-65.84],[-64.5,-65.94],[-64.69,-66.04],[-64.92,-65.93],[-65.26,-65.96],[-65.33,-66.02],[-65.19,-66.17],[-65.49,-66.12],[-65.64,-66.21],[-65.64,-66.38],[-65.78,-66.72],[-66.09,-66.59],[-66.51,-66.63],[-66.55,-66.81],[-66.44,-66.85],[-66.61,-67.04],[-66.45,-67.22],[-66.69,-67.19],[-66.82,-67.31],[-66.98,-67.28],[-66.92,-66.96],[-67.3,-67.1],[-67.54,-67.14],[-67.54,-67.36],[-67.66,-67.48],[-67.47,-67.55],[-66.99,-67.47],[-66.63,-67.54],[-66.82,-67.6],[-67.02,-67.74],[-66.8,-67.8],[-66.87,-67.92],[-67.27,-67.97],[-66.95,-68.22],[-66.62,-68.25],[-66.96,-68.37],[-67.02,-68.79],[-67.38,-68.79],[-67.46,-68.87],[-67.27,-68.94],[-66.88,-68.96],[-66.76,-69.07],[-67.01,-69.26],[-67.27,-69.29],[-67.53,-69.43],[-67.95,-69.37],[-68.65,-69.38],[-68.82,-69.43],[-68.36,-69.68],[-68.48,-70.05],[-68.19,-70.23],[-67.95,-70.31],[-67.86,-70.5],[-67.68,-70.63],[-67.64,-70.85],[-67.41,-70.99],[-67.46,-71.19],[-67.62,-71.43],[-67.42,-71.62],[-66.8,-71.95],[-66.75,-72.11],[-66.98,-72.35],[-67.15,-72.43],[-67.22,-72.59],[-67.5,-72.74],[-67.51,-72.83],[-68.47,-73.02],[-68.78,-73.11],[-69.34,-73.18],[-69.92,-73.22],[-70.29,-73.29],[-70.88,-73.26],[-71.42,-73.35],[-72.24,-73.39],[-72.51,-73.46],[-73.07,-73.44],[-73.21,-73.55],[-73.45,-73.56],[-74.1,-73.72],[-74.41,-73.67],[-74.66,-73.73],[-74.91,-73.64],[-75.27,-73.62],[-75.53,-73.71],[-75.9,-73.73],[-76.28,-73.82],[-76.78,-73.79],[-77.02,-73.87],[-77.24,-73.81],[-76.7,-73.55],[-76.88,-73.46],[-77.24,-73.51],[-77.53,-73.47],[-78.2,-73.56],[-78.87,-73.58],[-78.74,-73.36],[-79.65,-73.04],[-80.38,-72.95],[-80.61,-72.97],[-80.65,-73.08],[-80.44,-73.19],[-80.35,-73.34],[-80.81,-73.26],[-81.31,-73.27],[-81.31,-73.5],[-81.11,-73.57],[-81.23,-73.73],[-82.14,-73.89],[-82.93,-73.71],[-83.82,-73.73],[-83.75,-73.56],[-84.47,-73.57],[-85.1,-73.49],[-85.54,-73.37],[-85.68,-73.18],[-86.37,-73.26],[-86.46,-73.34],[-86.95,-73.38],[-87.13,-73.29],[-87.65,-73.19],[-87.92,-73.25],[-88.19,-73.21],[-88.44,-73.26],[-88.71,-73.12],[-88.45,-73.04],[-88.41,-72.92],[-88.11,-72.84],[-88.22,-72.71],[-89.35,-72.64],[-89.11,-72.76],[-89.09,-72.96],[-89.28,-73.11],[-90.21,-73.15],[-90.53,-73.28],[-91.11,-73.3],[-91.95,-73.18],[-92.8,-73.14],[-93.02,-73.19],[-93.57,-73.17],[-93.94,-73.28],[-94.34,-73.32],[-94.58,-73.24],[-95.19,-73.21],[-95.69,-73.24],[-95.84,-73.33],[-96.47,-73.3],[-97.42,-73.12],[-97.76,-73.19],[-97.98,-73.17],[-97.72,-73.03],[-99.68,-73.02],[-99.85,-73],[-100.38,-73.07],[-100.77,-72.98],[-101.31,-72.99],[-101.96,-73.06],[-102.19,-72.89],[-102.09,-72.77],[-102.33,-72.74],[-103.04,-72.71],[-103.3,-72.76],[-103.43,-72.85],[-103.26,-73.01],[-103.29,-73.16],[-102.87,-73.31],[-102.6,-73.33],[-101.86,-73.3],[-101.69,-73.34],[-101.12,-73.33],[-99.77,-73.36],[-99.48,-73.55],[-98.89,-73.59],[-99.87,-73.73],[-100.46,-73.73],[-100.63,-73.78],[-101.16,-73.77],[-101.38,-73.67],[-102.89,-73.59],[-102.99,-73.67],[-102.79,-73.75],[-102.85,-73.92],[-102.06,-73.96],[-101.59,-74],[-101.31,-74.31],[-101.4,-74.5],[-100.93,-74.55],[-100.6,-74.48],[-100.13,-74.47],[-99.82,-74.54],[-100.05,-74.6],[-100.08,-74.85],[-99.88,-74.92],[-99.33,-74.95],[-99.38,-75.11],[-98.9,-75.17],[-98.64,-75.31],[-99.01,-75.34],[-99.43,-75.3],[-100.14,-75.38],[-100.44,-75.35],[-101.11,-75.43],[-101.15,-75.37],[-101.66,-75.31],[-101.56,-75.15],[-101.76,-75.08],[-102.08,-75.13],[-102.6,-75.13],[-103.3,-75.08],[-103.81,-75.15],[-104.1,-75.12],[-104.55,-75.16],[-104.84,-75.11],[-105.14,-75.18],[-106.45,-75.32],[-107.87,-75.32],[-108.1,-75.26],[-109.69,-75.15],[-109.87,-75.23],[-110.45,-75.19],[-111.13,-75.2],[-111.6,-75.15],[-111.26,-75.02],[-111.02,-74.99],[-110.67,-74.83],[-110.29,-74.78],[-110.32,-74.67],[-110.1,-74.55],[-110.25,-74.37],[-110.45,-74.27],[-110.74,-74.32],[-111.23,-74.2],[-111.65,-74.17],[-111.89,-74.23],[-111.7,-74.42],[-111.92,-74.62],[-111.54,-74.8],[-112.57,-74.85],[-113.79,-74.98],[-113.97,-74.89],[-113.86,-74.69],[-113.31,-74.48],[-113.8,-74.45],[-113.88,-74.24],[-113.42,-74.17],[-113.61,-74.03],[-113.89,-74.02],[-113.95,-73.92],[-114.21,-73.86],[-114.73,-73.93],[-115.12,-74.09],[-115.07,-74.26],[-114.87,-74.48],[-115.65,-74.53],[-116.05,-74.5],[-116.69,-74.56],[-117.34,-74.55],[-117.66,-74.5],[-118.12,-74.31],[-118.97,-74.4],[-119.14,-74.5],[-118.65,-74.51],[-118.87,-74.6],[-119.13,-74.6],[-119.9,-74.68],[-120.15,-74.66],[-120.83,-74.74],[-122.84,-74.77],[-124.05,-74.81],[-124.37,-74.71],[-125.74,-74.7],[-126.11,-74.76],[-126.59,-74.74],[-126.94,-74.68],[-128.47,-74.76],[-128.71,-74.82],[-129.19,-74.83],[-129.97,-74.91],[-131.01,-74.82],[-131.55,-74.85],[-132.09,-74.76],[-132.58,-74.83],[-132.79,-74.77],[-133.87,-74.93],[-134.59,-74.74],[-134.52,-74.64],[-135.34,-74.56],[-135.7,-74.68],[-136.22,-74.7],[-136.88,-74.83],[-136.88,-75.04],[-136.37,-75.11],[-136.35,-75.18],[-137.09,-75.18],[-137.48,-75.09],[-139.57,-75.15],[-140.16,-75.34],[-140.28,-75.43],[-140.82,-75.53],[-141.23,-75.49],[-141.24,-75.6],[-140.84,-75.68],[-140.91,-75.76],[-141.53,-75.77],[-141.86,-75.52],[-142.47,-75.43],[-142.68,-75.56],[-143.39,-75.54],[-144.31,-75.64],[-144.16,-75.8],[-144.89,-75.84],[-145.18,-75.91],[-145.95,-75.88],[-146.21,-75.92],[-146.5,-76.09],[-145.91,-76.26],[-145.54,-76.32],[-145.35,-76.43],[-145.72,-76.46],[-146.25,-76.42],[-147.16,-76.23],[-148.2,-76.09],[-148.59,-76.12],[-148.54,-76.23],[-149.03,-76.3],[-149.48,-76.29],[-149.64,-76.43],[-148.45,-76.51],[-148.04,-76.45],[-147.08,-76.43],[-146.62,-76.53],[-146.11,-76.71],[-145.53,-76.74],[-145.94,-76.83],[-145.59,-76.92],[-145.54,-77.06],[-145.94,-77.07],[-145.27,-77.22],[-145.96,-77.25],[-145.41,-77.48],[-146.03,-77.52],[-146.4,-77.49],[-146.89,-77.26],[-147.7,-77.41],[-147.85,-77.26],[-148.51,-77.11],[-148.87,-77.14],[-149.02,-77.34],[-147.76,-77.46],[-148.8,-77.58],[-148.67,-77.67],[-149.24,-77.76],[-149.97,-77.82],[-151,-77.56],[-151.42,-77.51],[-151.51,-77.42],[-152.49,-77.32],[-152.57,-77.5],[-153.25,-77.45],[-153.53,-77.25],[-154.1,-77.21],[-154.89,-77.1],[-155.29,-77.13],[-155.87,-77.06],[-156.32,-77.07],[-156.83,-77.19],[-156.47,-77.26],[-157.08,-77.35],[-157.93,-77.06],[-158.31,-77.13],[-158.32,-77.3],[-158.14,-77.43],[-158.64,-77.86],[-158.4,-77.95],[-157.35,-78.2],[-156.97,-78.25],[-156.65,-78.17],[-156.35,-78.2],[-155.25,-78.2],[-154.77,-78.23],[-154.4,-78.14],[-154.14,-78.25],[-154.29,-78.39],[-154.73,-78.45],[-156.05,-78.49],[-156.5,-78.59],[-156.53,-78.66],[-155.05,-78.99],[-154.97,-79.03],[-153.08,-79.14],[-152.23,-79.11],[-151.97,-79.17],[-152.41,-79.26],[-152,-79.34],[-150.45,-79.56],[-149.09,-79.63],[-149,-79.69],[-147.77,-79.78],[-148.52,-79.89],[-148.58,-79.95],[-147.93,-79.98],[-148.83,-80.13],[-150.37,-80.07],[-150.13,-80.19],[-150.61,-80.27],[-149.97,-80.39],[-150.42,-80.43],[-150.24,-80.53],[-149.66,-80.53],[-149.02,-80.59],[-149.46,-80.72],[-148.41,-80.75],[-147.63,-80.85],[-147.63,-80.92],[-150.57,-81],[-154,-81.08],[-156.45,-81.15],[-157.06,-81.26],[-157.06,-81.35],[-155,-81.49],[-154.41,-81.56],[-153.79,-81.69],[-153.83,-81.79],[-154.35,-81.82],[-154.8,-81.97],[-154.11,-82.07],[-154.21,-82.13],[-152.9,-82.37],[-152.54,-82.55],[-155.06,-82.8],[-155.59,-83.05],[-158.5,-83.12],[-158.46,-83.17],[-156.92,-83.23],[-157.55,-83.39],[-159,-83.46],[-159.48,-83.55],[-160.07,-83.48],[-162.17,-83.52],[-162.87,-83.32],[-164.17,-83.4],[-164.98,-83.34],[-165.09,-83.2],[-167.33,-83.2],[-168.09,-83.26],[-169.73,-83.24],[-170.72,-83.2],[-170.95,-83.05],[-171.41,-82.95],[-172.51,-82.87],[-174.03,-82.91],[-169.43,-83.41],[-168.58,-83.53],[-168.63,-83.6],[-168.05,-83.75],[-167.25,-83.81],[-166.07,-83.82],[-165.42,-83.77],[-163.99,-83.94],[-163.7,-84.05],[-165.01,-84.06],[-165.15,-84.14],[-164.19,-84.23],[-164.16,-84.29],[-165.41,-84.36],[-164.1,-84.48],[-163.86,-84.55],[-158.25,-84.77],[-155.64,-84.83],[-155.79,-84.9],[-157.58,-84.88],[-156.94,-85.01],[-155.5,-85.13],[-156.01,-85.22],[-158.16,-85.16],[-158.87,-85.08],[-162.85,-84.88],[-166.91,-84.82],[-168.02,-84.78],[-168.25,-84.65],[-171.22,-84.55],[-175.18,-84.41],[-176,-84.49],[-177.11,-84.38],[-177.7,-84.42],[-178.3,-84.31],[-179.97,-84.35],[-180,-84.35],[-180,-84.51],[-180,-85.01],[-180,-85.51],[-180,-86.01],[-180,-86.51],[-180,-87.01],[-180,-87.51],[-180,-88.01],[-180,-88.5],[-180,-89],[-180,-89.5],[-180,-90],[-179.5,-90],[-179,-90],[-178.5,-90],[-178,-90],[-177.5,-90],[-177,-90],[-176.5,-90],[-176.01,-90],[-175.51,-90],[-175.01,-90],[-174.51,-90],[-174.01,-90],[-173.51,-90],[-173.01,-90],[-172.51,-90],[-172.01,-90],[-171.51,-90],[-171.01,-90],[-170.51,-90],[-170.01,-90],[-169.51,-90],[-169.01,-90],[-168.52,-90],[-168.02,-90],[-167.52,-90],[-167.02,-90],[-166.52,-90],[-166.02,-90],[-165.52,-90],[-165.02,-90],[-164.52,-90],[-164.02,-90],[-163.52,-90],[-163.02,-90],[-162.52,-90],[-162.02,-90],[-161.53,-90],[-161.03,-90],[-160.53,-90],[-160.03,-90],[-159.53,-90],[-159.03,-90],[-158.53,-90],[-158.03,-90],[-157.53,-90],[-157.03,-90],[-156.53,-90],[-156.03,-90],[-155.53,-90],[-155.03,-90],[-154.53,-90],[-154.04,-90],[-153.54,-90],[-153.04,-90],[-152.54,-90],[-152.04,-90],[-151.54,-90],[-151.04,-90],[-150.54,-90],[-150.04,-90],[-149.54,-90],[-149.04,-90],[-148.54,-90],[-148.04,-90],[-147.54,-90],[-147.05,-90],[-146.55,-90],[-146.05,-90],[-145.55,-90],[-145.05,-90],[-144.55,-90],[-144.05,-90],[-143.55,-90],[-143.05,-90],[-142.55,-90],[-142.05,-90],[-141.55,-90],[-141.05,-90],[-140.55,-90],[-140.05,-90],[-139.56,-90],[-139.06,-90],[-138.56,-90],[-138.06,-90],[-137.56,-90],[-137.06,-90],[-136.56,-90],[-136.06,-90],[-135.56,-90],[-135.06,-90],[-134.56,-90],[-134.06,-90],[-133.56,-90],[-133.06,-90],[-132.57,-90],[-132.07,-90],[-131.57,-90],[-131.07,-90],[-130.57,-90],[-130.07,-90],[-129.57,-90],[-129.07,-90],[-128.57,-90],[-128.07,-90],[-127.57,-90],[-127.07,-90],[-126.57,-90],[-126.07,-90],[-125.58,-90],[-125.08,-90],[-124.58,-90],[-124.08,-90],[-123.58,-90],[-123.08,-90],[-122.58,-90],[-122.08,-90],[-121.58,-90],[-121.08,-90],[-120.58,-90],[-120.08,-90],[-119.58,-90],[-119.08,-90],[-118.58,-90],[-118.09,-90],[-117.59,-90],[-117.09,-90],[-116.59,-90],[-116.09,-90],[-115.59,-90],[-115.09,-90],[-114.59,-90],[-114.09,-90],[-113.59,-90],[-113.09,-90],[-112.59,-90],[-112.09,-90],[-111.59,-90],[-111.1,-90],[-110.6,-90],[-110.1,-90],[-109.6,-90],[-109.1,-90],[-108.6,-90],[-108.1,-90],[-107.6,-90],[-107.1,-90],[-106.6,-90],[-106.1,-90],[-105.6,-90],[-105.1,-90],[-104.6,-90],[-104.1,-90],[-103.61,-90],[-103.11,-90],[-102.61,-90],[-102.11,-90],[-101.61,-90],[-101.11,-90],[-100.61,-90],[-100.11,-90],[-99.61,-90],[-99.11,-90],[-98.61,-90],[-98.11,-90],[-97.61,-90],[-97.11,-90],[-96.62,-90],[-96.12,-90],[-95.62,-90],[-95.12,-90],[-94.62,-90],[-94.12,-90],[-93.62,-90],[-93.12,-90],[-92.62,-90],[-92.12,-90],[-91.62,-90],[-91.12,-90],[-90.62,-90],[-90.12,-90],[-89.63,-90],[-89.13,-90],[-88.63,-90],[-88.13,-90],[-87.63,-90],[-87.13,-90],[-86.63,-90],[-86.13,-90],[-85.63,-90],[-85.13,-90],[-84.63,-90],[-84.13,-90],[-83.63,-90],[-83.13,-90],[-82.63,-90],[-82.14,-90],[-81.64,-90],[-81.14,-90],[-80.64,-90],[-80.14,-90],[-79.64,-90],[-79.14,-90],[-78.64,-90],[-78.14,-90],[-77.64,-90],[-77.14,-90],[-76.64,-90],[-76.14,-90],[-75.64,-90],[-75.15,-90],[-74.65,-90],[-74.15,-90],[-73.65,-90],[-73.15,-90],[-72.65,-90],[-72.15,-90],[-71.65,-90],[-71.15,-90],[-70.65,-90],[-70.15,-90],[-69.65,-90],[-69.15,-90],[-68.65,-90],[-68.15,-90],[-67.66,-90],[-67.16,-90],[-66.66,-90],[-66.16,-90],[-65.66,-90],[-65.16,-90],[-64.66,-90],[-64.16,-90],[-63.66,-90],[-63.16,-90],[-62.66,-90],[-62.16,-90],[-61.66,-90],[-61.16,-90],[-60.67,-90],[-60.17,-90],[-59.67,-90],[-59.17,-90],[-58.67,-90],[-58.17,-90],[-57.67,-90],[-57.17,-90],[-56.67,-90],[-56.17,-90],[-55.67,-90],[-55.17,-90],[-54.67,-90],[-54.17,-90],[-53.67,-90],[-53.18,-90],[-52.68,-90],[-52.18,-90],[-52.12,-90],[-51.68,-90],[-51.18,-90],[-50.68,-90],[-50.18,-90],[-49.68,-90],[-49.18,-90],[-48.68,-90],[-48.18,-90],[-47.68,-90],[-47.18,-90],[-46.68,-90],[-46.19,-90],[-45.69,-90],[-45.19,-90],[-44.69,-90],[-44.19,-90],[-43.69,-90],[-43.19,-90],[-42.69,-90],[-42.19,-90],[-41.69,-90],[-41.19,-90],[-40.69,-90],[-40.19,-90],[-39.69,-90],[-39.2,-90],[-38.7,-90],[-38.2,-90],[-37.7,-90],[-37.2,-90],[-36.7,-90],[-36.2,-90],[-35.7,-90],[-35.2,-90],[-34.7,-90],[-34.2,-90],[-33.7,-90],[-33.2,-90],[-32.7,-90],[-32.2,-90],[-31.71,-90],[-31.21,-90],[-30.71,-90],[-30.21,-90],[-29.71,-90],[-29.21,-90],[-28.71,-90],[-28.21,-90],[-27.71,-90],[-27.21,-90],[-26.71,-90],[-26.21,-90],[-25.71,-90],[-25.21,-90],[-24.72,-90],[-24.22,-90],[-23.72,-90],[-23.22,-90],[-22.72,-90],[-22.22,-90],[-21.72,-90],[-21.22,-90],[-20.72,-90],[-20.22,-90],[-19.72,-90],[-19.22,-90],[-18.72,-90],[-18.23,-90],[-17.73,-90],[-17.23,-90],[-16.73,-90],[-16.23,-90],[-15.73,-90],[-15.23,-90],[-14.73,-90],[-14.23,-90],[-13.73,-90],[-13.23,-90],[-12.73,-90],[-12.23,-90],[-11.73,-90],[-11.23,-90],[-10.73,-90],[-10.24,-90],[-9.74,-90],[-9.24,-90],[-8.74,-90],[-8.24,-90],[-7.74,-90],[-7.24,-90],[-6.74,-90],[-6.24,-90],[-5.74,-90],[-5.24,-90],[-4.74,-90],[-4.24,-90],[-3.74,-90],[-3.24,-90],[-2.75,-90],[-2.25,-90],[-1.75,-90],[-1.25,-90],[-0.75,-90],[-0.25,-90],[0.25,-90],[0.75,-90],[1.25,-90],[1.75,-90],[2.25,-90],[2.75,-90],[3.25,-90],[3.75,-90],[4.24,-90],[4.74,-90],[5.24,-90],[5.74,-90],[6.24,-90],[6.74,-90],[7.24,-90],[7.74,-90],[8.24,-90],[8.74,-90],[9.24,-90],[9.74,-90],[10.24,-90],[10.74,-90],[11.23,-90],[11.73,-90],[12.23,-90],[12.73,-90],[13.23,-90],[13.73,-90],[14.23,-90],[14.73,-90],[15.23,-90],[15.73,-90],[16.23,-90],[16.73,-90],[17.23,-90],[17.73,-90],[18.23,-90],[18.72,-90],[19.22,-90],[19.72,-90],[20.22,-90],[20.72,-90],[21.22,-90],[21.72,-90],[22.22,-90],[22.72,-90],[23.22,-90],[23.72,-90],[24.22,-90],[24.72,-90],[25.22,-90],[25.71,-90],[26.21,-90],[26.71,-90],[27.21,-90],[27.71,-90],[28.21,-90],[28.71,-90],[29.21,-90],[29.71,-90],[30.21,-90],[30.71,-90],[31.21,-90],[31.71,-90],[32.21,-90],[32.71,-90],[33.2,-90],[33.7,-90],[34.2,-90],[34.7,-90],[35.2,-90],[35.7,-90],[36.2,-90],[36.7,-90],[37.2,-90],[37.7,-90],[38.2,-90],[38.7,-90],[39.2,-90],[39.7,-90],[40.19,-90],[40.69,-90],[41.19,-90],[41.69,-90],[42.19,-90],[42.69,-90],[43.19,-90],[43.69,-90],[44.19,-90],[44.69,-90],[45.19,-90],[45.69,-90],[46.19,-90],[46.69,-90],[47.18,-90],[47.68,-90],[48.18,-90],[48.68,-90],[49.18,-90],[49.68,-90],[50.18,-90],[50.68,-90],[51.18,-90],[51.68,-90],[52.18,-90],[52.68,-90],[53.18,-90],[53.68,-90],[54.18,-90],[54.67,-90],[55.17,-90],[55.67,-90],[56.17,-90],[56.67,-90],[57.17,-90],[57.67,-90],[58.17,-90],[58.67,-90],[59.17,-90],[59.67,-90],[60.17,-90],[60.67,-90],[61.17,-90],[61.65,-90],[61.66,-90],[62.16,-90],[62.66,-90],[63.16,-90],[63.66,-90],[64.16,-90],[64.66,-90],[65.16,-90],[65.66,-90],[66.16,-90],[66.66,-90],[67.16,-90],[67.66,-90],[68.16,-90],[68.66,-90],[69.15,-90],[69.65,-90],[70.15,-90],[70.65,-90],[71.15,-90],[71.65,-90],[72.15,-90],[72.65,-90],[73.15,-90],[73.65,-90],[74.15,-90],[74.65,-90],[75.15,-90],[75.65,-90],[76.14,-90],[76.64,-90],[77.14,-90],[77.64,-90],[78.14,-90],[78.64,-90],[79.14,-90],[79.64,-90],[80.14,-90],[80.64,-90],[81.14,-90],[81.64,-90],[82.14,-90],[82.64,-90],[83.14,-90],[83.63,-90],[84.13,-90],[84.63,-90],[85.13,-90],[85.63,-90],[86.13,-90],[86.63,-90],[87.13,-90],[87.63,-90],[88.13,-90],[88.63,-90],[89.13,-90],[89.63,-90],[90.13,-90],[90.62,-90],[91.12,-90],[91.62,-90],[92.12,-90],[92.62,-90],[93.12,-90],[93.62,-90],[94.12,-90],[94.62,-90],[95.12,-90],[95.62,-90],[96.12,-90],[96.62,-90],[97.12,-90],[97.61,-90],[98.11,-90],[98.61,-90],[99.11,-90],[99.61,-90],[100.11,-90],[100.61,-90],[101.11,-90],[101.61,-90],[102.11,-90],[102.61,-90],[103.11,-90],[103.61,-90],[104.11,-90],[104.61,-90],[105.1,-90],[105.6,-90],[106.1,-90],[106.6,-90],[107.1,-90],[107.6,-90],[108.1,-90],[108.6,-90],[109.1,-90],[109.6,-90],[110.1,-90],[110.6,-90],[111.1,-90],[111.6,-90],[112.09,-90],[112.59,-90],[113.09,-90],[113.59,-90],[114.09,-90],[114.59,-90],[115.09,-90],[115.59,-90],[116.09,-90],[116.59,-90],[117.09,-90],[117.59,-90],[118.09,-90],[118.59,-90],[119.09,-90],[119.58,-90],[120.08,-90],[120.58,-90],[121.08,-90],[121.58,-90],[122.08,-90],[122.58,-90],[123.08,-90],[123.58,-90],[124.08,-90],[124.58,-90],[125.08,-90],[125.58,-90],[126.08,-90],[126.57,-90],[127.07,-90],[127.57,-90],[128.07,-90],[128.57,-90],[129.07,-90],[129.57,-90],[130.07,-90],[130.57,-90],[131.07,-90],[131.57,-90],[132.07,-90],[132.57,-90],[133.07,-90],[133.56,-90],[134.06,-90],[134.56,-90],[135.06,-90],[135.56,-90],[136.06,-90],[136.56,-90],[137.06,-90],[137.56,-90],[138.06,-90],[138.56,-90],[139.06,-90],[139.56,-90],[140.06,-90],[140.56,-90],[141.05,-90],[141.55,-90],[142.05,-90],[142.55,-90],[143.05,-90],[143.55,-90],[144.05,-90],[144.55,-90],[145.05,-90],[145.55,-90],[146.05,-90],[146.55,-90],[147.05,-90],[147.54,-90],[148.04,-90],[148.54,-90],[149.04,-90],[149.54,-90],[150.04,-90],[150.54,-90],[151.04,-90],[151.54,-90],[152.04,-90],[152.54,-90],[153.04,-90],[153.54,-90],[154.04,-90],[154.54,-90],[155.04,-90],[155.53,-90],[156.03,-90],[156.53,-90],[157.03,-90],[157.53,-90],[158.03,-90],[158.53,-90],[159.03,-90],[159.53,-90],[160.03,-90],[160.53,-90],[161.03,-90],[161.53,-90],[162.03,-90],[162.52,-90],[163.02,-90],[163.52,-90],[164.02,-90],[164.52,-90],[165.02,-90],[165.52,-90],[166.02,-90],[166.52,-90],[167.02,-90],[167.52,-90],[168.02,-90],[168.52,-90],[169.02,-90],[169.52,-90],[170.01,-90],[170.51,-90],[171.01,-90],[171.51,-90],[172.01,-90],[172.51,-90],[173.01,-90],[173.51,-90],[174.01,-90],[174.51,-90],[175.01,-90],[175.51,-90],[176.01,-90],[176.51,-90],[177,-90],[177.5,-90],[178,-90],[178.5,-90],[179,-90],[179.5,-90],[180,-90],[180,-89.5],[180,-89],[180,-88.5],[180,-88.01],[180,-87.51],[180,-87.01],[180,-86.51],[180,-86.01],[180,-85.51],[180,-85.01],[180,-84.51],[180,-84.35],[179.36,-84.2],[178.57,-84.18],[177.54,-84.06],[175.68,-83.96],[174.97,-83.83],[173.96,-83.88],[173.68,-83.79],[172.82,-83.67],[171.33,-83.55],[171.19,-83.45],[170.22,-83.48],[170.1,-83.4],[169.38,-83.34],[168.66,-83.4],[167.75,-83.25],[168.76,-83.19],[168.59,-83],[168.12,-82.96],[167.42,-83.03],[167.31,-82.82],[166.11,-82.65],[165.37,-82.61],[165.56,-82.49],[165.23,-82.39],[164.67,-82.34],[163.28,-82.43],[162.77,-82.49],[160.86,-82.5],[160.64,-82.42],[163.84,-82.23],[163.6,-82.09],[163.21,-82.04],[162.39,-81.8],[162.48,-81.69],[161.01,-81.55],[161.45,-81.42],[160.4,-81.33],[160.92,-81.27],[160.91,-80.99],[160.16,-80.78],[161.01,-80.76],[161.2,-80.65],[160.86,-80.61],[160.26,-80.68],[160.1,-80.59],[160.61,-80.55],[160.75,-80.38],[158.59,-80.48],[158.21,-80.41],[158.78,-80.26],[161.38,-79.95],[160.85,-79.96],[160.33,-79.86],[159.82,-79.93],[159.52,-79.87],[160.76,-79.65],[159.88,-79.66],[160.71,-79.42],[160.39,-79.17],[161.13,-79.05],[162.07,-79.07],[161.76,-78.84],[161.52,-78.79],[161.36,-78.58],[161.51,-78.52],[162.13,-78.76],[162.91,-78.88],[163.04,-78.74],[163.9,-78.74],[164.41,-78.6],[165.31,-78.6],[166.09,-78.57],[166.55,-78.71],[167.07,-78.71],[167.22,-78.6],[167,-78.5],[166.57,-78.51],[165.79,-78.42],[165.71,-78.27],[165.1,-78.25],[164.53,-78.32],[164.21,-78.23],[164.53,-77.99],[164.5,-77.85],[163.91,-77.7],[163.56,-77.72],[163.8,-77.53],[163.72,-77.4],[163.38,-77.18],[163.02,-77.01],[162.47,-77.01],[162.63,-76.82],[162.93,-76.71],[162.72,-76.54],[162.88,-76.44],[162.77,-76.24],[162.12,-76.17],[162.74,-76.07],[162.71,-75.98],[162.9,-75.82],[162.32,-75.69],[162.19,-75.39],[161.09,-75.38],[160.98,-75.29],[161.48,-75.29],[161.78,-75.19],[162.03,-75.26],[162.54,-75.24],[162.79,-74.99],[162.54,-74.95],[162.59,-74.75],[163.01,-74.7],[163.27,-74.54],[163.18,-74.45],[163.47,-74.34],[163.79,-74.62],[164.32,-74.5],[164.59,-74.57],[165.24,-74.55],[165.29,-74.46],[164.89,-74.12],[164.59,-73.93],[164.95,-73.89],[164.72,-73.78],[164.91,-73.66],[164.89,-73.48],[164.54,-73.42],[164.56,-73.32],[165.03,-73.41],[165.23,-73.59],[165.26,-73.89],[165.65,-73.91],[165.67,-73.8],[166.14,-73.81],[166.29,-73.73],[165.87,-73.57],[167.01,-73.57],[167.31,-73.48],[167.36,-73.39],[167.93,-73.36],[166.87,-73.22],[166.71,-73.12],[166.95,-73.02],[167.17,-73.15],[167.78,-73.15],[168.04,-73.12],[168.36,-73.16],[168.54,-73.01],[168.76,-73.1],[168.98,-73.26],[169.25,-73.25],[169.22,-73.13],[169.56,-73.09],[169.58,-72.96],[169.93,-72.74],[169.4,-72.65],[169.3,-72.58],[168.87,-72.58],[168.32,-72.37],[168.71,-72.36],[169.13,-72.48],[169.39,-72.47],[169.73,-72.55],[170.26,-72.6],[170.34,-72.44],[170.28,-72.33],[169.78,-72.24],[170.02,-72.17],[170.26,-71.95],[170.33,-71.8],[170.64,-71.97],[170.95,-71.86],[170.54,-71.54],[170.36,-71.54],[170.18,-71.67],[169.72,-71.51],[169.52,-71.51],[169.27,-71.38],[168.76,-71.28],[168.5,-71.16],[167.76,-71.23],[167.87,-71.13],[167.83,-70.86],[167.7,-70.79],[167.42,-70.76],[166.63,-70.78],[166.46,-70.71],[166.72,-70.62],[166.37,-70.58],[165.93,-70.68],[165.31,-70.56],[164.88,-70.57],[164.24,-70.49],[164.04,-70.55],[164.2,-70.64],[163.42,-70.65],[162.92,-70.5],[162.71,-70.3],[162.6,-70.27],[162.09,-70.31],[162,-70.46],[162.09,-70.66],[162.04,-70.83],[162.22,-70.85],[162.43,-71.03],[162.2,-71.08],[161.99,-70.92],[161.42,-70.9],[161.19,-70.41],[160.99,-70.24],[160.64,-70.05],[160.12,-69.97],[159.88,-69.99],[159.76,-69.89],[160.3,-69.86],[160.33,-69.8],[159.75,-69.5],[159.51,-69.5],[159.29,-69.43],[159.04,-69.49],[158.82,-69.32],[158.45,-69.33],[158.27,-69.22],[157.99,-69.17],[157.63,-69.19],[157.37,-69.35],[157.14,-69.16],[156.35,-69.2],[155.89,-68.98],[155.31,-68.89],[155.01,-68.9],[154.85,-68.73],[154.59,-68.73],[154.45,-68.63],[154.77,-68.62],[154.72,-68.53],[153.84,-68.27],[153.71,-68.3],[153.7,-68.55],[153.85,-68.76],[153.33,-68.85],[153.04,-68.88],[152.76,-68.76],[152.4,-68.7],[152.16,-68.74],[151.92,-68.67],[151.62,-68.7],[151.57,-68.92],[151.24,-68.83],[150.97,-68.72],[151.11,-68.47],[151.06,-68.37],[150.85,-68.35],[150.38,-68.44],[149.91,-68.42],[149.79,-68.49],[149.39,-68.38],[148.86,-68.45],[148.72,-68.4],[148.44,-68.47],[147.63,-68.36],[147.03,-68.42],[147.11,-68.29],[146.72,-68.29],[147.07,-68.12],[146.56,-68.14],[146.8,-68],[146.39,-67.92],[146.11,-67.75],[146.23,-67.69],[146.05,-67.59],[145.73,-67.59],[145.58,-67.73],[145.42,-67.51],[145.24,-67.53],[144.86,-67.75],[144.47,-67.79],[144.25,-67.95],[143.88,-67.93],[143.88,-67.78],[144.18,-67.61],[144.17,-67.48],[144.46,-67.32],[144.66,-67.12],[144.51,-67.02],[144.32,-67],[144.04,-67.09],[143.89,-67.05],[143.88,-66.94],[143.47,-66.85],[142.82,-67.02],[142.48,-67.03],[141.98,-66.8],[141.58,-66.78],[141.26,-66.86],[141,-66.77],[140.52,-66.72],[140.08,-66.73],[139.68,-66.63],[139.25,-66.57],[138.73,-66.57],[138.14,-66.5],[137.85,-66.42],[137.42,-66.35],[136.95,-66.33],[136.74,-66.35],[136.64,-66.46],[136.39,-66.38],[136.16,-66.24],[135.65,-66.28],[135.49,-66.11],[135.34,-66.1],[135.18,-66.33],[134.74,-66.37],[134.42,-66.5],[134.11,-66.5],[134.35,-66.37],[134.26,-66.28],[133.91,-66.18],[133.79,-66.1],[133.5,-66.08],[133.12,-66.1],[132.83,-66.19],[132.48,-66.15],[131.76,-66.24],[130.87,-66.18],[130.73,-66.15],[130.34,-66.29],[130.1,-66.28],[129.72,-66.44],[129.53,-66.61],[129.58,-66.75],[129.39,-66.88],[129.43,-66.97],[129.2,-67.1],[129.01,-67.11],[128.76,-67.03],[128.52,-67.15],[127.84,-67.02],[127.43,-67.07],[127.33,-66.98],[127,-66.93],[126.97,-66.81],[126.7,-66.85],[126.68,-66.76],[126.82,-66.69],[126.72,-66.59],[126.85,-66.45],[126.55,-66.44],[126.39,-66.55],[126.12,-66.44],[126.09,-66.36],[125.9,-66.31],[125.71,-66.39],[125.41,-66.42],[125.15,-66.66],[124.72,-66.76],[124.41,-66.71],[124.26,-66.59],[124.02,-66.59],[123.73,-66.65],[123.52,-66.75],[123.15,-66.73],[122.24,-66.84],[121.94,-66.92],[121.85,-67.02],[121.52,-67.09],[120.92,-67.13],[120.5,-67.23],[119.93,-67.29],[119.02,-67.41],[118.73,-67.28],[120.34,-67.01],[120.35,-66.93],[119.67,-67.05],[119.33,-67.13],[119.15,-67.12],[118.67,-67.18],[118.25,-67.15],[118.37,-67.05],[117.91,-67.08],[117.73,-67.17],[117.55,-67.08],[116.99,-67.15],[116.85,-67.12],[116.8,-66.99],[116.5,-67.12],[115.97,-67.2],[115.8,-67.18],[115.34,-67.22],[115.21,-67.33],[114.81,-67.37],[114.67,-67.34],[114.03,-67.48],[113.7,-67.5],[114.03,-67.19],[114.77,-67.07],[115.16,-67.05],[115.6,-66.92],[115.78,-66.79],[115.6,-66.59],[115.19,-66.53],[115.11,-66.48],[114.68,-66.48],[114.32,-66.33],[114.41,-66.24],[113.78,-65.95],[113.31,-65.84],[113.2,-65.76],[111.85,-65.93],[111.62,-65.93],[110.93,-66.06],[110.49,-66.31],[110.73,-66.4],[110.65,-66.53],[110.66,-66.73],[110.45,-66.66],[109.85,-66.85],[109.39,-66.93],[109.15,-66.89],[108.83,-66.97],[108.58,-66.81],[108.3,-66.76],[108.14,-66.62],[107.88,-66.63],[107.78,-66.55],[107.43,-66.53],[107.12,-66.46],[106.77,-66.46],[105.5,-66.26],[104.86,-66.14],[104.57,-66.13],[104.42,-66.06],[103.91,-65.98],[103.56,-66],[103.31,-65.93],[102.71,-65.86],[102.34,-65.95],[101.68,-65.97],[101.34,-65.94],[101.17,-66.03],[101.33,-66.08],[101.07,-66.27],[100.82,-66.39],[100.47,-66.4],[100.1,-66.49],[99.92,-66.5],[99.68,-66.59],[98.91,-66.78],[98.72,-66.64],[99.01,-66.55],[98.91,-66.5],[98.62,-66.61],[98.53,-66.45],[98.25,-66.45],[97.84,-66.57],[97.74,-66.66],[97.47,-66.63],[97.24,-66.51],[96.97,-66.51],[96.61,-66.61],[96.41,-66.58],[95.95,-66.66],[95.64,-66.68],[95.36,-66.64],[95.28,-66.53],[94.92,-66.47],[94.52,-66.55],[94.43,-66.62],[94,-66.73],[93.75,-66.74],[93.57,-66.58],[92.97,-66.57],[92.76,-66.63],[92.37,-66.59],[92.22,-66.52],[91.96,-66.5],[91.38,-66.6],[91.15,-66.57],[90.49,-66.74],[90.4,-66.82],[90.09,-66.77],[89.65,-66.84],[89.31,-66.81],[88.75,-66.78],[88.23,-66.85],[87.97,-66.77],[87.11,-66.93],[86.7,-67.06],[86.56,-67.03],[86.07,-67.04],[85.88,-67.14],[85.62,-67.19],[85.17,-67.16],[84.96,-67.08],[84.41,-67.12],[84.25,-67.22],[83.72,-67.31],[83.42,-67.43],[83.3,-67.6],[82.88,-67.64],[82.59,-67.6],[82.36,-67.7],[82.06,-67.67],[80.88,-67.89],[80.74,-67.89],[79.13,-68.15],[78.75,-68.26],[78.56,-68.36],[78.46,-68.5],[78.67,-68.7],[78.14,-68.76],[77.99,-68.82],[77.98,-68.94],[77.82,-69.1],[77.53,-69.18],[77.06,-69.2],[76.83,-69.35],[76.22,-69.42],[75.82,-69.53],[75.75,-69.62],[75.88,-69.78],[75.44,-69.94],[75.22,-69.87],[74.47,-69.92],[74.28,-69.91],[74.22,-69.73],[73.88,-69.75],[73.71,-69.86],[73.47,-69.78],[73.25,-69.86],[73.23,-69.98],[72.77,-70.07],[72.63,-70.19],[72.87,-70.43],[72.48,-70.55],[72.35,-70.67],[71.98,-70.67],[71.73,-70.77],[71.85,-70.84],[71.54,-70.96],[71.34,-71.18],[71.56,-71.22],[71.2,-71.33],[71.22,-71.61],[70.97,-71.75],[70.69,-71.83],[70.73,-71.95],[70.53,-72.05],[69.95,-72.08],[69.52,-72.43],[69.04,-72.42],[68.75,-72.49],[68.49,-72.47],[68.04,-72.62],[67.92,-72.71],[68.12,-72.95],[67.96,-73.15],[67.34,-73.3],[66.39,-73.2],[66.35,-73.13],[67,-72.9],[67.21,-72.44],[67.29,-72.37],[67.33,-72.13],[67.5,-72],[67.45,-71.9],[67.88,-71.67],[67.83,-71.54],[68.08,-71.36],[68.34,-71.26],[68.67,-71.2],[69.01,-70.94],[69.21,-70.67],[69.25,-70.41],[69.15,-70.31],[68.75,-70.33],[68.59,-70.47],[68.39,-70.4],[68.08,-70.45],[67.66,-70.32],[67.23,-70.3],[67.47,-70.21],[67.61,-70.01],[67.86,-70],[67.91,-69.92],[68.27,-69.83],[68.61,-70.03],[68.89,-69.99],[69.16,-69.88],[69.36,-69.62],[69.05,-69.56],[68.74,-69.39],[68.97,-69.31],[69.71,-69.33],[69.73,-69.17],[69.3,-69.05],[69.66,-68.98],[69.86,-68.87],[69.39,-68.89],[69.28,-68.83],[69.62,-68.74],[69.66,-68.58],[69.89,-68.58],[70.11,-68.49],[69.81,-68.28],[69.6,-68.04],[69.68,-67.86],[69.64,-67.76],[69.35,-67.73],[69.11,-67.85],[68.78,-67.89],[68.38,-67.89],[68.07,-67.85],[67.34,-67.81],[67.13,-67.76],[66.72,-67.79],[64.72,-67.65],[64.43,-67.59],[63.65,-67.5],[63.11,-67.53],[62.62,-67.66],[62.12,-67.56],[61.61,-67.54],[61.27,-67.59],[61.14,-67.5],[60.62,-67.4],[60.23,-67.38],[59.68,-67.39],[59.66,-67.51],[59.27,-67.48],[58.79,-67.34],[59.09,-67.24],[58.87,-67.17],[58.14,-67.15],[57.83,-67.03],[57.56,-66.99],[57.28,-67.08],[56.97,-67.05],[56.56,-67.11],[56.21,-67.34],[56.15,-67.2],[56.21,-67.08],[56.6,-66.94],[56.62,-66.85],[56.39,-66.83],[56.36,-66.72],[56.01,-66.66],[56.21,-66.59],[56.5,-66.69],[57.02,-66.73],[57.24,-66.72],[57.21,-66.53],[56.81,-66.4],[56.33,-66.41],[55.61,-66.03],[55.18,-65.93],[54.24,-65.88],[54.01,-65.89],[53.74,-65.85],[52.85,-65.96],[52.22,-65.97],[51.77,-66.04],[51.48,-66.12],[51.35,-66.22],[50.54,-66.3],[50.32,-66.39],[50.19,-66.59],[50.24,-66.74],[50.5,-66.79],[50.43,-66.96],[50.48,-67.05],[50.93,-67.12],[50.59,-67.22],[50.2,-67.12],[49.89,-67.11],[49.79,-67.03],[49.31,-67.05],[49.33,-66.88],[49.06,-66.89],[48.59,-66.94],[48.36,-67.02],[48.45,-67.18],[48.73,-67.22],[49.05,-67.15],[49.35,-67.18],[49.33,-67.29],[49.18,-67.38],[48.63,-67.45],[48.6,-67.6],[48.72,-67.68],[48.57,-67.91],[48.38,-68.02],[48.23,-68],[48.17,-67.89],[48.39,-67.76],[48.17,-67.66],[47.27,-67.65],[47.33,-67.57],[46.92,-67.51],[47.44,-67.41],[47.02,-67.35],[46.89,-67.26],[46.48,-67.28],[46.28,-67.33],[46.24,-67.45],[46.43,-67.61],[46.22,-67.65],[45.85,-67.66],[45.59,-67.74],[45.4,-67.69],[44.72,-67.78],[44.62,-67.86],[44.83,-67.97],[44,-67.97],[43.78,-68.05],[43.41,-68.03],[42.86,-68.1],[42.55,-68.25],[42.54,-68.38],[41.98,-68.41],[41.54,-68.47],[41.02,-68.6],[40.78,-68.73],[40.52,-68.72],[40.26,-68.8],[39.85,-68.83],[39.71,-69.07],[39.81,-69.18],[39.85,-69.39],[39.71,-69.59],[39.49,-69.69],[39.21,-69.71],[39.19,-69.89],[38.8,-69.99],[38.82,-70.06],[39.07,-70.15],[38.71,-70.19],[38.02,-69.85],[38.24,-69.8],[38.04,-69.72],[37.54,-69.68],[37.28,-69.73],[37.24,-69.83],[36.97,-69.79],[36.76,-69.64],[35.71,-69.67],[35.24,-69.74],[35.08,-69.67],[35.2,-69.58],[35.1,-69.46],[35.2,-69.29],[34.59,-69.07],[34.36,-69.13],[33.92,-69.12],[33.77,-69.05],[34.09,-68.85],[34.37,-68.81],[34.21,-68.68],[33.22,-68.67],[32.84,-68.75],[32.56,-68.86],[32.5,-68.93],[32.53,-69.12],[32.93,-69.34],[32.99,-69.66],[32.84,-69.78],[32.88,-69.9],[32.74,-70.01],[31.28,-70.24],[30.94,-70.21],[30.74,-70.27],[30.44,-70.27],[29.84,-70.31],[29.49,-70.39],[29.02,-70.57],[28.77,-70.59],[28.45,-70.69],[27.63,-70.74],[27.2,-70.9],[26.64,-71],[26.1,-71.04],[25.73,-70.99],[24.97,-70.94],[24.56,-70.85],[24.32,-70.74],[24.46,-70.61],[24.41,-70.53],[24.11,-70.41],[23.75,-70.4],[23.64,-70.55],[23.32,-70.81],[22.94,-70.83],[22.73,-70.77],[22.33,-70.76],[22.58,-70.54],[21.8,-70.24],[21.61,-70.27],[21.16,-70.65],[21.2,-70.81],[20.42,-70.92],[19.73,-70.89],[19.57,-70.95],[19.29,-70.91],[18.93,-70.74],[19.02,-70.6],[19.3,-70.37],[19.15,-70.2],[18.78,-70.24],[18.32,-70.32],[18.5,-70.5],[18.09,-70.54],[17.75,-70.49],[16.87,-70.44],[16.6,-70.37],[16.65,-70.17],[16.52,-70.13],[15.96,-70.19],[15.83,-70.38],[15.04,-70.29],[14.78,-70.33],[14.51,-70.28],[13.85,-70.35],[13.29,-70.25],[12.97,-70.05],[12.45,-70.07],[12.48,-70.13],[12.94,-70.17],[13.03,-70.22],[12.74,-70.32],[12.32,-70.37],[12.09,-70.54],[12.08,-70.67],[11.85,-70.78],[11.21,-70.75],[9.98,-70.45],[9.4,-70.1],[9.08,-70.09],[8.89,-70.22],[9.17,-70.31],[8.84,-70.35],[8.79,-70.42],[8.44,-70.48],[7.93,-70.47],[7.84,-70.34],[7.84,-70.16],[7.42,-70.2],[7.44,-70.34],[7.66,-70.47],[7.57,-70.52],[6.97,-70.53],[6.78,-70.6],[6.54,-70.57],[5.59,-70.65],[5.01,-70.64],[4.22,-70.78],[3.83,-70.8],[3.58,-70.85],[3.07,-70.89],[2.71,-70.89],[1.95,-70.99],[1.45,-71.12],[0.93,-71.18],[0.23,-71.35],[-0.47,-71.75],[-0.95,-71.62],[-0.81,-71.38],[-1.14,-71.25],[-1.31,-71.4],[-1.49,-71.46],[-1.74,-71.42],[-2.13,-71.48],[-2.24,-71.39],[-2.48,-71.37],[-2.89,-71.27],[-2.99,-71.36],[-3.33,-71.32],[-3.34,-71.42],[-3.71,-71.46],[-3.73,-71.37],[-5.19,-71.33],[-6.18,-71.36],[-6.02,-71.11],[-5.74,-71.04],[-5.57,-70.8],[-5.67,-70.73],[-6.01,-70.68],[-6.32,-70.71],[-6.55,-70.81],[-6.62,-70.92],[-7.28,-70.79],[-7.86,-70.83],[-7.89,-70.97],[-7.56,-71.15],[-7.57,-71.33],[-7.76,-71.43],[-7.78,-71.52],[-7.59,-71.61],[-7.82,-71.67],[-8.29,-71.63],[-8.43,-71.73],[-8.69,-71.67],[-8.82,-71.43],[-9.11,-71.42],[-8.99,-71.28],[-9.1,-71.18],[-9.45,-71.1],[-9.94,-71.06],[-10.07,-70.91],[-10.39,-70.96],[-10.09,-71.06],[-10.1,-71.18],[-10.6,-71.3],[-10.73,-71.39],[-10.6,-71.53],[-10.84,-71.58],[-11.07,-71.55],[-11.37,-71.42],[-11.61,-71.42],[-11.88,-71.26],[-12.21,-71.3],[-12.38,-71.39],[-12.17,-71.62],[-11.53,-71.75],[-10.95,-71.74],[-11.03,-72.05],[-11.25,-72.1],[-11.37,-72.41],[-12.46,-72.56],[-12.86,-72.65],[-13.18,-72.8],[-13.52,-72.84],[-13.65,-72.79],[-14.22,-72.71],[-14.22,-72.83],[-13.89,-72.99],[-14.02,-73.13],[-14.51,-73.12],[-14.88,-73.04],[-15.54,-73.08],[-15.98,-73.19],[-15.98,-73.3],[-16.54,-73.47],[-16.56,-73.7],[-15.93,-73.75],[-16.2,-73.83],[-16.18,-73.94],[-15.69,-73.95],[-14.7,-73.79],[-14.36,-73.86],[-14.83,-74.08],[-15.3,-74.22],[-15.2,-74.36],[-15.75,-74.43],[-15.93,-74.38],[-16.6,-74.31],[-17.46,-74.34],[-17.61,-74.4],[-17.62,-74.58],[-17.97,-74.64],[-17.8,-74.78],[-18.13,-74.94],[-18.54,-75.05],[-18.85,-75.26],[-18.51,-75.42],[-18.65,-75.48],[-19.24,-75.55],[-19.77,-75.55],[-20.4,-75.47],[-21.17,-75.7],[-21.68,-75.67],[-22.07,-75.71],[-22.3,-75.64],[-23.27,-75.74],[-24.21,-75.76],[-24.33,-75.78],[-25.95,-75.93],[-26.98,-76.17],[-27.34,-76.17],[-28.86,-76.35],[-29.53,-76.49],[-29.66,-76.58],[-30.15,-76.64],[-30.69,-76.85],[-31.7,-76.98],[-31.91,-77.15],[-32.5,-77.13],[-33.12,-77.25],[-33.72,-77.31],[-33.97,-77.42],[-34.32,-77.47],[-34.71,-77.63],[-34.76,-77.75],[-35.31,-77.84],[-35.49,-78.05],[-36.01,-78.21],[-36.44,-78.61],[-36.25,-78.85],[-34.26,-79.08],[-34.22,-79.14],[-32.82,-79.24],[-30.61,-79.07],[-29.94,-79.11],[-30.45,-79.22],[-29.54,-79.28],[-30.67,-79.59],[-28.2,-79.67],[-24.73,-79.78],[-23.74,-79.83],[-22.77,-79.93],[-22.91,-79.98],[-24.07,-80.01],[-24.25,-80.08],[-26.19,-80.09],[-26.33,-80.12],[-29.76,-80.18],[-29.92,-80.28],[-31.28,-80.3],[-30.51,-80.48],[-32.03,-80.43],[-33.48,-80.61],[-35.36,-80.61],[-35.22,-80.69],[-35.72,-80.79],[-36.03,-80.92],[-37.62,-81],[-38.76,-80.87],[-39.84,-81.04],[-40.4,-81.17],[-41.12,-81.23],[-41.76,-81.41],[-41.99,-81.62],[-43.19,-81.9],[-43.15,-82.11],[-44.01,-82.39],[-44.54,-82.38],[-45.52,-82.53],[-46.52,-82.5],[-46.69,-82.4],[-46.09,-82.22],[-46.01,-82.09],[-46.28,-81.91],[-47.05,-81.99],[-47.43,-81.92],[-48.38,-81.89],[-50.56,-81.99],[-51.73,-82.06]]],[[[167.66,-78.13],[167.35,-78.06],[166.8,-78.21],[166.31,-78.11],[165.99,-78.11],[166.1,-78.27],[166.32,-78.31],[166.95,-78.22],[167.5,-78.23],[167.66,-78.13]]],[[[164.84,-67.34],[164.63,-67.49],[164.88,-67.51],[164.84,-67.34]]],[[[-59.29,-80.21],[-59.78,-80.04],[-59.82,-79.77],[-60.4,-79.76],[-61.47,-79.88],[-61.24,-79.98],[-61.8,-80.07],[-61.52,-80.24],[-61.75,-80.37],[-65.92,-80.39],[-66.58,-80.23],[-66.7,-80.41],[-64.28,-80.75],[-63.79,-80.61],[-63.14,-80.59],[-62.96,-80.78],[-62.52,-80.86],[-60.65,-80.96],[-59.82,-80.74],[-59.76,-80.34],[-59.29,-80.21]]],[[[-66.15,-79.63],[-66.92,-79.57],[-67.83,-79.58],[-66.93,-79.79],[-66.97,-79.92],[-66.42,-79.96],[-66.22,-80.09],[-65.51,-79.96],[-65.57,-79.81],[-66.27,-79.72],[-66.15,-79.63]]],[[[-68.23,-79.29],[-67.51,-79.32],[-68.5,-79.4],[-68.39,-79.47],[-67.47,-79.51],[-67.51,-79.4],[-67.06,-79.26],[-67.61,-79.21],[-68.23,-79.29]]],[[[-33.92,-79.31],[-34.02,-79.27],[-35.5,-79.09],[-35.84,-79.17],[-36.66,-79.22],[-36.73,-79.3],[-34.07,-79.36],[-33.92,-79.31]]],[[[-66.73,-78.44],[-66.61,-78.36],[-66.99,-78.31],[-69.44,-78.69],[-69.83,-78.8],[-70.59,-78.89],[-71.39,-79.1],[-71.75,-79.32],[-71.82,-79.48],[-71.44,-79.65],[-70.34,-79.7],[-69.65,-79.6],[-69.8,-79.47],[-69.3,-79.22],[-68.95,-79.1],[-67.4,-78.66],[-67.06,-78.49],[-66.73,-78.44]]],[[[-52.52,-80.2],[-53.46,-80.16],[-54.16,-80.53],[-54.38,-80.58],[-54.4,-80.75],[-54.16,-80.88],[-49.8,-80.79],[-49.72,-80.69],[-47.81,-80.54],[-45.43,-80.35],[-43.53,-80.2],[-43.48,-80.09],[-43.86,-80],[-43.14,-79.95],[-43.02,-79.85],[-42.97,-79.43],[-43.35,-79.24],[-43.15,-79.18],[-43.43,-79.08],[-43.46,-78.95],[-43.74,-78.8],[-45.22,-78.82],[-45.16,-78.66],[-43.96,-78.6],[-43.72,-78.37],[-43.82,-78.25],[-44.51,-78.04],[-45.93,-77.82],[-47.22,-77.77],[-49.07,-78.04],[-49.28,-78.2],[-50.2,-78.59],[-50.21,-78.83],[-50.71,-79.28],[-50.46,-79.31],[-50.26,-79.54],[-52.4,-80.18],[-52.52,-80.2]]],[[[-20.37,-74.42],[-20.43,-74.31],[-20.69,-74.1],[-20.5,-73.79],[-20.52,-73.66],[-20.92,-73.7],[-21.01,-73.87],[-21.34,-74],[-21.3,-74.11],[-20.96,-74.24],[-20.81,-74.47],[-20.37,-74.42]]],[[[-73.89,-73.12],[-74.15,-73.32],[-73.91,-73.37],[-73.52,-73.13],[-73.89,-73.12]]],[[[-104.69,-73.1],[-104.94,-72.95],[-105.15,-73],[-105.04,-73.14],[-104.69,-73.1]]],[[[-89.89,-72.89],[-90.13,-73.09],[-89.58,-73.07],[-89.33,-72.93],[-89.57,-72.86],[-89.89,-72.89]]],[[[-74.85,-72.87],[-75.3,-72.82],[-75.76,-72.9],[-75.5,-72.99],[-75.53,-73.11],[-75.86,-73.05],[-76.13,-73.16],[-75.87,-73.35],[-74.59,-73.61],[-74.36,-73.46],[-74.55,-73.39],[-74.39,-73.1],[-74.22,-72.99],[-74.5,-72.88],[-74.85,-72.87]]],[[[-90.9,-72.82],[-90.76,-72.7],[-90.82,-72.6],[-91.04,-72.54],[-91.39,-72.55],[-91.69,-72.61],[-91.33,-72.9],[-91.45,-72.95],[-91.52,-73.19],[-91.21,-73.19],[-90.92,-73.1],[-90.74,-72.86],[-90.9,-72.82]]],[[[-94.49,-72.52],[-95.17,-72.58],[-95.2,-72.68],[-94.5,-72.63],[-94.49,-72.52]]],[[[-95.5,-72.32],[-95.75,-72.33],[-96.04,-72.26],[-95.64,-72.21],[-95.72,-72.1],[-96.44,-72.19],[-96.72,-72.26],[-97,-72.21],[-96.2,-72.02],[-96.06,-71.91],[-96.36,-71.83],[-97.05,-71.88],[-97.31,-72.18],[-97.59,-72.08],[-97.41,-71.99],[-97.83,-71.93],[-97.85,-72.12],[-98.23,-72.04],[-97.98,-71.86],[-98.53,-71.76],[-98.83,-71.76],[-99.15,-71.92],[-98.78,-72],[-99,-72.08],[-99.4,-71.94],[-99.69,-72.01],[-100.02,-71.97],[-99.94,-71.89],[-100.24,-71.83],[-100.44,-71.88],[-102.09,-71.97],[-102.27,-72.02],[-102.29,-72.13],[-101.97,-72.19],[-101.61,-72.19],[-100.2,-72.27],[-99.76,-72.37],[-99.19,-72.37],[-99.4,-72.5],[-98.53,-72.46],[-98.58,-72.57],[-97.6,-72.56],[-97.26,-72.51],[-96.94,-72.58],[-96.6,-72.56],[-96.05,-72.58],[-96.02,-72.44],[-95.51,-72.4],[-95.5,-72.32]]],[[[-60.53,-71.05],[-60.59,-70.92],[-60.96,-70.98],[-60.53,-71.05]]],[[[-74.91,-71.02],[-74.4,-70.97],[-73.62,-70.78],[-73.55,-70.72],[-73.88,-70.57],[-74.25,-70.61],[-74.82,-70.61],[-75.2,-70.78],[-76.11,-70.84],[-76.54,-70.97],[-76.35,-71.12],[-76.13,-71.14],[-74.91,-71.02]]],[[[-60.43,-70.6],[-60.57,-70.51],[-60.96,-70.54],[-60.91,-70.69],[-60.72,-70.71],[-60.43,-70.6]]],[[[-3.43,-70.54],[-2.83,-70.52],[-2.68,-70.47],[-2.7,-70.34],[-2.83,-70.28],[-3.26,-70.33],[-3.49,-70.48],[-3.43,-70.54]]],[[[-71.71,-70.43],[-71.41,-70.38],[-71.32,-70.3],[-71.82,-70.3],[-71.71,-70.43]]],[[[-75.48,-70.13],[-74.87,-70.18],[-74.6,-70.1],[-74.65,-70],[-74.41,-69.93],[-74.96,-69.72],[-75.78,-69.92],[-75.83,-70.02],[-75.69,-70.11],[-75.48,-70.13]]],[[[-72.85,-69.59],[-72.77,-69.65],[-72.2,-69.73],[-72.14,-69.62],[-72.4,-69.46],[-72.83,-69.43],[-72.98,-69.51],[-72.85,-69.59]]],[[[-61.75,-69.45],[-62.19,-69.19],[-62.58,-69.19],[-62.47,-69.32],[-62.2,-69.51],[-62.12,-69.69],[-61.96,-69.71],[-61.92,-69.54],[-61.75,-69.45]]],[[[-71.46,-72.63],[-70.52,-72.67],[-69.22,-72.54],[-69.14,-72.37],[-68.67,-72.22],[-68.41,-72.22],[-68.34,-72.06],[-68.48,-71.9],[-68.25,-71.88],[-68.16,-71.61],[-68.27,-71.44],[-68.23,-71.34],[-68.3,-70.87],[-68.47,-70.61],[-68.72,-70.37],[-69.03,-70.16],[-69.28,-69.92],[-69.32,-69.63],[-69.48,-69.56],[-69.7,-69.32],[-70.08,-69.29],[-70.11,-68.89],[-70.4,-68.79],[-70.87,-68.81],[-71.01,-68.86],[-71.4,-68.86],[-72.01,-68.95],[-72.2,-69.1],[-72.04,-69.3],[-71.62,-69.45],[-71.74,-69.65],[-71.91,-69.71],[-71.85,-69.85],[-71.93,-69.95],[-71.7,-70.07],[-71.32,-70.18],[-70.94,-70.22],[-70.78,-70.13],[-70.47,-70.17],[-70.23,-70.14],[-70.12,-70.33],[-71,-70.47],[-71.27,-70.68],[-71.17,-70.76],[-70.7,-70.83],[-70.4,-70.82],[-69.95,-70.88],[-69.8,-71.04],[-70.01,-71.14],[-70.21,-70.99],[-70.41,-70.94],[-70.72,-71],[-71.03,-70.96],[-71.31,-71.02],[-71.69,-71.16],[-72.39,-71.06],[-72.79,-71.06],[-73.12,-71.14],[-72.9,-71.23],[-72.31,-71.29],[-72.76,-71.4],[-73.41,-71.31],[-73.67,-71.37],[-73.34,-71.54],[-73.46,-71.59],[-74.12,-71.38],[-74.42,-71.43],[-74.39,-71.67],[-74.89,-71.53],[-75.12,-71.54],[-75.38,-71.64],[-75.18,-71.75],[-75.4,-71.8],[-75.36,-71.92],[-74.82,-72.06],[-74.4,-72.04],[-74.22,-72.14],[-74,-72.17],[-73.5,-72.01],[-73.88,-71.86],[-73.5,-71.84],[-73.03,-71.93],[-72.71,-71.86],[-72.67,-71.73],[-72.26,-71.64],[-71.83,-71.8],[-70.72,-71.91],[-70.77,-71.99],[-71.09,-72.05],[-72.01,-72.12],[-71.55,-72.28],[-71.04,-72.26],[-70.46,-72.14],[-70.18,-72.27],[-70.71,-72.4],[-71.87,-72.35],[-72.68,-72.27],[-73.09,-72.38],[-73.11,-72.47],[-72.8,-72.59],[-72.49,-72.59],[-72.41,-72.67],[-71.46,-72.63]]],[[[-67.29,-67.73],[-67.18,-67.6],[-67.5,-67.59],[-67.77,-67.67],[-67.65,-67.78],[-67.29,-67.73]]],[[[-67.38,-66.9],[-67.24,-66.83],[-67.41,-66.74],[-67.56,-66.87],[-67.38,-66.9]]],[[[-69.11,-67.63],[-68.89,-67.76],[-68.14,-67.57],[-67.96,-67.39],[-68.25,-67.37],[-67.68,-67.15],[-68.03,-66.94],[-67.91,-66.81],[-67.64,-66.68],[-67.86,-66.63],[-68.38,-66.82],[-68.71,-67.11],[-68.84,-67.27],[-69.07,-67.39],[-69.17,-67.57],[-69.11,-67.63]]],[[[-66.19,-65.82],[-65.88,-65.84],[-65.86,-65.69],[-65.67,-65.66],[-65.64,-65.54],[-65.96,-65.55],[-66.04,-65.74],[-66.19,-65.82]]],[[[-57.31,-64.44],[-57.45,-64.53],[-57.3,-64.57],[-56.97,-64.45],[-56.94,-64.33],[-57.31,-64.44]]],[[[-62.91,-64.52],[-63.13,-64.49],[-63.32,-64.38],[-63.18,-64.28],[-63.57,-64.26],[-63.72,-64.44],[-63.94,-64.47],[-64.28,-64.71],[-63.74,-64.84],[-63.46,-64.72],[-63.34,-64.76],[-63.15,-64.64],[-62.83,-64.57],[-62.91,-64.52]]],[[[-62.66,-64.5],[-62.33,-64.43],[-62.06,-64.23],[-62.37,-64.01],[-62.56,-64.05],[-62.62,-64.13],[-62.47,-64.25],[-62.67,-64.4],[-62.66,-64.5]]],[[[-57.51,-64.34],[-57.15,-64.08],[-57.52,-64.02],[-57.74,-64.03],[-57.89,-63.98],[-57.75,-63.9],[-57.93,-63.8],[-58.33,-63.95],[-58.46,-64.09],[-58.36,-64.14],[-58.13,-64.1],[-58.31,-64.32],[-57.79,-64.32],[-57.51,-64.34]]],[[[-55.72,-63.47],[-55.81,-63.41],[-56.21,-63.44],[-56.23,-63.48],[-55.96,-63.58],[-55.72,-63.47]]],[[[-61.95,-63.31],[-62.19,-63.24],[-62.28,-63.35],[-61.95,-63.31]]],[[[-55.16,-63.2],[-55.53,-63.18],[-55.58,-63.13],[-55.97,-63.15],[-56.37,-63.23],[-56.55,-63.35],[-56.45,-63.43],[-56.09,-63.39],[-55.91,-63.3],[-55.17,-63.36],[-55.05,-63.24],[-55.16,-63.2]]],[[[-56.55,-63.1],[-56.27,-63.18],[-56.07,-63.09],[-56.05,-63.02],[-56.47,-62.98],[-56.55,-63.1]]],[[[-61.16,-62.66],[-60.81,-62.67],[-60.38,-62.61],[-60.25,-62.75],[-59.99,-62.63],[-60.01,-62.53],[-60.49,-62.58],[-60.67,-62.55],[-61.16,-62.66]]],[[[-58.47,-62.16],[-58.16,-62.17],[-57.81,-62.01],[-57.7,-61.92],[-58.01,-61.9],[-58.22,-61.96],[-58.41,-61.93],[-58.68,-62],[-58.82,-62.17],[-58.58,-62.25],[-58.47,-62.16]]],[[[-55.08,-61.09],[-55.38,-61.07],[-55.45,-61.11],[-55.34,-61.23],[-55.21,-61.27],[-55.03,-61.16],[-55.08,-61.09]]],[[[-46.01,-60.61],[-45.79,-60.58],[-45.72,-60.65],[-45.41,-60.65],[-45.39,-60.58],[-45.67,-60.52],[-45.95,-60.53],[-46.01,-60.61]]],[[[-162.34,-82.92],[-162.48,-82.88],[-163.75,-82.83],[-163.26,-83.08],[-162.4,-83.15],[-161.58,-83.02],[-162.34,-82.92]]],[[[-160.57,-81.6],[-160.68,-81.46],[-162.98,-81.27],[-163.85,-81.32],[-163.73,-81.48],[-160.57,-81.6]]],[[[-29.62,-79.91],[-29.91,-79.81],[-30.65,-79.85],[-31.09,-79.81],[-31.59,-79.65],[-32.02,-79.65],[-31.84,-79.83],[-31.54,-79.9],[-29.99,-79.97],[-29.62,-79.91]]],[[[-159.84,-79.35],[-161.36,-79],[-161.38,-78.96],[-162.35,-78.75],[-163.24,-78.71],[-164.25,-79.04],[-164.3,-79.3],[-163.48,-79.49],[-160.71,-79.85],[-159.07,-79.82],[-158.97,-79.72],[-159.33,-79.53],[-159.84,-79.35]]],[[[-150.48,-77.34],[-150.99,-77.22],[-151.49,-77.29],[-150.48,-77.34]]],[[[169.27,-77.45],[168.22,-77.37],[167.57,-77.41],[167.14,-77.34],[167.09,-77.24],[166.83,-77.16],[166.4,-77.27],[166.65,-77.36],[166.18,-77.54],[166.39,-77.61],[167.26,-77.72],[167.41,-77.64],[168.09,-77.65],[168.4,-77.7],[168.87,-77.64],[169.32,-77.54],[169.27,-77.45]]],[[[-148.53,-76.95],[-149.22,-76.9],[-149.24,-77],[-148.94,-77.03],[-148.53,-76.95]]],[[[-149.73,-77.13],[-149.44,-77.03],[-149.96,-76.87],[-150.78,-76.97],[-150.42,-77.09],[-149.73,-77.13]]],[[[-146.16,-76.93],[-146.25,-76.88],[-147.07,-76.82],[-146.96,-77.01],[-146.16,-76.93]]],[[[-148.53,-76.8],[-148.41,-76.74],[-149.31,-76.71],[-149.49,-76.77],[-148.93,-76.85],[-148.53,-76.8]]],[[[-150.23,-76.78],[-150.21,-76.69],[-150.83,-76.71],[-150.6,-76.8],[-150.23,-76.78]]],[[[-146.81,-76.6],[-147.24,-76.5],[-147.27,-76.66],[-146.81,-76.6]]],[[[-147.46,-76.1],[-147.07,-76.21],[-146.91,-76.11],[-147.46,-76.1]]],[[[-145.44,-75.58],[-145.97,-75.51],[-146.02,-75.62],[-145.38,-75.72],[-145.44,-75.58]]],[[[-130.92,-74.44],[-131.81,-74.32],[-132.18,-74.42],[-132.08,-74.49],[-131.21,-74.61],[-130.92,-74.44]]],[[[-127.13,-74.47],[-127.76,-74.34],[-128.19,-74.32],[-127.91,-74.55],[-127.55,-74.64],[-127.22,-74.59],[-127.13,-74.47]]],[[[-116.14,-73.9],[-116.4,-73.87],[-117.37,-74.08],[-117.2,-74.2],[-116.6,-74.14],[-116.49,-74.03],[-116.14,-73.9]]],[[[-119.82,-74.12],[-119.5,-74.11],[-119,-73.98],[-118.87,-73.89],[-118.97,-73.81],[-119.49,-73.77],[-119.86,-73.88],[-119.66,-74.01],[-119.82,-74.12]]],[[[-120.26,-73.93],[-120.65,-73.9],[-120.38,-73.8],[-120.69,-73.77],[-122.06,-73.72],[-122.27,-73.68],[-123.07,-73.67],[-123.29,-73.78],[-122.93,-73.88],[-122.35,-73.92],[-122.73,-74],[-123.03,-74.25],[-122.9,-74.34],[-122.24,-74.41],[-121.1,-74.35],[-121,-74.15],[-120.28,-74],[-120.26,-73.93]]],[[[169.96,-73.51],[169.68,-73.42],[169.46,-73.56],[169.84,-73.61],[169.96,-73.51]]],[[[-127.47,-73.55],[-126.55,-73.67],[-126.47,-73.84],[-125.81,-73.97],[-125.72,-74.04],[-125.11,-74.12],[-124.78,-74.23],[-124.24,-74.21],[-124.01,-74.26],[-123.78,-74.11],[-124.21,-73.93],[-124.11,-73.83],[-124.63,-73.73],[-124.95,-73.81],[-125.59,-73.82],[-125.73,-73.72],[-125.27,-73.7],[-125.6,-73.43],[-125.94,-73.38],[-126.1,-73.3],[-126.53,-73.27],[-127.3,-73.32],[-127.49,-73.44],[-127.47,-73.55]]],[[[-3.23,-71.05],[-3.41,-71.13],[-3.13,-71.24],[-2.99,-71.18],[-3.23,-71.05]]],[[[-2.72,-70.82],[-2.62,-70.7],[-3.18,-70.67],[-3.57,-70.69],[-3.19,-70.82],[-2.98,-70.94],[-2.69,-70.99],[-2.84,-71.06],[-2.56,-71.13],[-2.3,-71.02],[-2.08,-70.83],[-2.3,-70.79],[-2.72,-70.82]]],[[[-5.94,-70.42],[-6.42,-70.47],[-6.12,-70.61],[-5.88,-70.55],[-5.94,-70.42]]],[[[3.22,-70.39],[3.05,-70.39],[2.58,-70.52],[2.63,-70.6],[2.96,-70.61],[3.25,-70.49],[3.22,-70.39]]],[[[72.2,-70.61],[72.19,-70.54],[71.86,-70.39],[71.66,-70.5],[71.83,-70.62],[72.2,-70.61]]],[[[4.05,-70.3],[4.21,-70.47],[4.47,-70.5],[4.61,-70.42],[4.57,-70.28],[4.3,-70.24],[4.05,-70.3]]],[[[26.77,-70.22],[26.59,-70.07],[26.33,-70.07],[25.99,-70.19],[25.91,-70.28],[26.06,-70.39],[26.46,-70.45],[26.84,-70.41],[26.77,-70.22]]],[[[1.41,-70.04],[1.04,-70.05],[0.96,-70.19],[1.28,-70.27],[1.47,-70.15],[1.41,-70.04]]],[[[16.25,-69.71],[15.72,-69.76],[15.59,-69.93],[16.17,-70.07],[16.33,-69.83],[16.55,-69.72],[16.25,-69.71]]],[[[85.66,-66.74],[85.28,-66.74],[85.38,-66.88],[85.79,-66.97],[85.94,-66.89],[85.66,-66.74]]],[[[48.77,-66.72],[48.38,-66.7],[48.31,-66.81],[48.77,-66.72]]],[[[96.92,-66.05],[96.42,-66.07],[96.3,-66.18],[96.41,-66.23],[96.91,-66.21],[97.03,-66.14],[96.92,-66.05]]],[[[92.5,-65.7],[92.3,-65.8],[92.58,-65.82],[92.5,-65.7]]],[[[100.57,-65.4],[100.39,-65.48],[100.3,-65.66],[100.56,-65.7],[100.97,-65.68],[101.23,-65.57],[101.13,-65.41],[100.94,-65.38],[100.57,-65.4]]],[[[103.29,-65.39],[103.19,-65.23],[102.91,-65.13],[102.83,-65.25],[103.04,-65.28],[103.29,-65.39]]]]},"properties":{"iso_a2":"AQ","name":"Antarctica"}},{"type":"Feature","geometry":{"type":"MultiPolygon","coordinates":[[[[131.54,-31.61],[131.78,-31.73],[132.08,-31.91],[132.23,-32.03],[132.48,-32.03],[132.59,-31.93],[132.8,-31.96],[132.93,-32.06],[133.06,-32.11],[133.15,-32.2],[133.41,-32.21],[133.59,-32.1],[133.7,-32.2],[133.83,-32.24],[133.95,-32.39],[133.86,-32.46],[133.86,-32.55],[134.03,-32.47],[134.15,-32.46],[134.23,-32.52],[134.3,-32.68],[134.26,-32.74],[134.07,-32.71],[134.28,-33.16],[134.45,-33.15],[134.54,-33.19],[134.71,-33.17],[134.73,-33.27],[134.81,-33.35],[134.87,-33.54],[134.85,-33.64],[135.19,-33.89],[135.26,-34],[135.27,-34.12],[135.35,-34.28],[135.4,-34.47],[135.39,-34.64],[135.43,-34.71],[135.6,-34.88],[135.74,-34.86],[136.01,-34.98],[135.97,-34.88],[136.02,-34.8],[135.89,-34.75],[135.88,-34.64],[135.95,-34.52],[136.13,-34.45],[136.12,-34.38],[136.23,-34.31],[136.37,-34.07],[136.58,-33.95],[136.61,-33.9],[136.81,-33.81],[136.95,-33.68],[137.02,-33.73],[137.23,-33.65],[137.38,-33.39],[137.45,-33.14],[137.6,-32.99],[137.75,-32.92],[137.9,-32.79],[137.96,-33.01],[138.04,-33.12],[137.85,-33.19],[137.81,-33.26],[137.94,-33.53],[137.93,-33.62],[137.78,-33.69],[137.6,-33.88],[137.53,-34.01],[137.55,-34.09],[137.45,-34.16],[137.49,-34.26],[137.46,-34.45],[137.51,-34.62],[137.45,-34.92],[137.03,-34.9],[136.94,-35.04],[136.96,-35.1],[136.84,-35.25],[136.95,-35.28],[137.04,-35.23],[137.17,-35.24],[137.24,-35.17],[137.4,-35.12],[137.56,-35.13],[137.69,-35.18],[137.75,-35.06],[137.91,-34.62],[137.93,-34.41],[138.04,-34.31],[138.02,-34.23],[138.1,-34.14],[138.23,-34.32],[138.26,-34.44],[138.44,-34.68],[138.54,-34.74],[138.49,-34.87],[138.51,-35.06],[138.43,-35.35],[138.29,-35.47],[138.12,-35.55],[138.2,-35.67],[138.53,-35.65],[138.64,-35.57],[138.85,-35.56],[139.01,-35.52],[138.96,-35.41],[139.1,-35.39],[139.22,-35.32],[139.38,-35.46],[139.23,-35.5],[139.36,-35.59],[139.34,-35.69],[139.24,-35.69],[139.23,-35.55],[139.14,-35.5],[139.04,-35.6],[139.48,-35.9],[139.46,-35.96],[139.57,-36.08],[139.85,-36.62],[139.86,-36.77],[139.79,-36.9],[139.67,-36.95],[139.79,-37.13],[139.74,-37.18],[139.99,-37.49],[140.11,-37.52],[140.24,-37.67],[140.4,-37.92],[140.6,-38.04],[140.71,-38.07],[140.95,-38.05],[141.13,-38.13],[141.38,-38.29],[141.43,-38.37],[141.56,-38.44],[141.67,-38.28],[141.95,-38.28],[142.23,-38.41],[142.4,-38.37],[142.65,-38.47],[142.81,-38.58],[143.06,-38.64],[143.24,-38.76],[143.33,-38.76],[143.54,-38.86],[143.71,-38.73],[143.85,-38.69],[144.07,-38.47],[144.25,-38.4],[144.4,-38.3],[144.61,-38.29],[144.71,-38.22],[144.65,-38.12],[144.52,-38.08],[144.8,-37.94],[144.98,-37.9],[145.11,-38.05],[145.12,-38.16],[144.89,-38.37],[144.92,-38.5],[145.03,-38.49],[145.3,-38.23],[145.45,-38.23],[145.56,-38.38],[145.45,-38.41],[145.42,-38.51],[145.64,-38.68],[145.81,-38.65],[145.92,-38.91],[146.09,-38.82],[146.18,-38.87],[146.26,-39],[146.43,-39.09],[146.48,-38.81],[146.29,-38.91],[146.26,-38.7],[146.41,-38.74],[146.88,-38.64],[147.4,-38.22],[147.59,-38.08],[147.92,-37.92],[148.31,-37.82],[148.72,-37.82],[148.94,-37.79],[149.3,-37.8],[149.48,-37.79],[149.67,-37.7],[149.79,-37.55],[149.99,-37.5],[149.95,-37.28],[150.02,-37.22],[149.91,-36.91],[150.07,-36.57],[150.08,-36.39],[150.14,-36.32],[150.12,-36.15],[150.16,-35.96],[150.23,-35.84],[150.22,-35.75],[150.31,-35.7],[150.41,-35.55],[150.41,-35.47],[150.49,-35.37],[150.55,-35.21],[150.76,-35.18],[150.7,-35.03],[150.78,-34.99],[150.75,-34.86],[150.85,-34.75],[150.92,-34.49],[150.93,-34.33],[151.03,-34.2],[151.17,-34.11],[151.25,-34],[151.32,-33.75],[151.31,-33.55],[151.42,-33.53],[151.49,-33.39],[151.45,-33.3],[151.56,-33.26],[151.67,-33.06],[151.83,-32.86],[151.94,-32.82],[152.19,-32.76],[152.19,-32.65],[152.4,-32.49],[152.54,-32.44],[152.51,-32.16],[152.61,-31.95],[152.69,-31.88],[152.85,-31.57],[152.94,-31.48],[152.98,-31.32],[152.98,-31.17],[153.06,-31.08],[152.99,-30.73],[153.04,-30.49],[153.2,-30.13],[153.2,-30.04],[153.26,-29.94],[153.32,-29.7],[153.37,-29.4],[153.34,-29.32],[153.45,-29.04],[153.61,-28.87],[153.63,-28.66],[153.58,-28.59],[153.56,-28.46],[153.59,-28.32],[153.56,-28.17],[153.45,-28.07],[153.42,-27.91],[153.45,-27.81],[153.32,-27.65],[153.31,-27.58],[153.21,-27.46],[153.11,-27.24],[153.04,-27.17],[153.21,-27.05],[153.15,-26.92],[153.15,-26.68],[153.11,-26.65],[153.11,-26.46],[153.08,-26.28],[153.14,-26.06],[153.12,-25.93],[152.91,-25.7],[152.94,-25.48],[152.92,-25.3],[152.7,-25.25],[152.51,-25],[152.47,-24.81],[152.15,-24.62],[152.06,-24.51],[151.93,-24.21],[151.81,-24.14],[151.78,-24.02],[151.58,-24.06],[151.4,-23.95],[151.27,-23.82],[151.19,-23.8],[151.13,-23.67],[151.03,-23.58],[150.86,-23.52],[150.79,-23.31],[150.76,-23.16],[150.77,-22.97],[150.83,-22.71],[150.72,-22.62],[150.71,-22.44],[150.57,-22.32],[150.54,-22.43],[150.58,-22.56],[150.44,-22.51],[150.22,-22.39],[150.15,-22.27],[150.05,-22.14],[149.99,-22.16],[149.92,-22.3],[150.02,-22.55],[149.88,-22.47],[149.83,-22.39],[149.71,-22.38],[149.61,-22.24],[149.44,-21.79],[149.48,-21.72],[149.4,-21.5],[149.2,-21.18],[149.23,-21.09],[149.15,-21],[148.88,-20.84],[148.74,-20.72],[148.66,-20.57],[148.72,-20.5],[148.83,-20.49],[148.85,-20.35],[148.76,-20.23],[148.61,-20.21],[148.57,-20.11],[148.45,-20.19],[148.26,-20.08],[148.28,-19.97],[148.13,-19.94],[148.07,-19.88],[147.93,-19.9],[147.86,-19.82],[147.68,-19.83],[147.59,-19.72],[147.55,-19.52],[147.42,-19.41],[147.17,-19.4],[147.06,-19.32],[146.91,-19.3],[146.75,-19.17],[146.56,-19.14],[146.33,-18.96],[146.27,-18.86],[146.34,-18.53],[146.21,-18.49],[146.18,-18.37],[146.02,-18.26],[146,-18.16],[146.11,-17.86],[146.1,-17.71],[146.15,-17.63],[146.07,-17.52],[146.07,-17.39],[145.97,-17.24],[145.88,-17.06],[145.94,-16.93],[145.78,-16.89],[145.66,-16.73],[145.58,-16.67],[145.46,-16.48],[145.4,-16.44],[145.46,-16.27],[145.43,-16.2],[145.46,-16.06],[145.36,-15.9],[145.37,-15.75],[145.26,-15.39],[145.3,-15.28],[145.24,-15.17],[145.28,-14.95],[145.16,-14.84],[144.94,-14.73],[144.89,-14.61],[144.68,-14.56],[144.58,-14.36],[144.59,-14.26],[144.51,-14.17],[144.45,-14.24],[144.3,-14.31],[144.19,-14.26],[144.16,-14.37],[143.95,-14.5],[143.81,-14.43],[143.71,-14.21],[143.69,-14.01],[143.62,-13.96],[143.53,-13.77],[143.6,-13.44],[143.53,-13.33],[143.5,-12.86],[143.37,-12.8],[143.43,-12.61],[143.32,-12.56],[143.25,-12.39],[143.08,-12.33],[143.09,-12.15],[143.2,-11.98],[143.12,-11.91],[142.99,-11.93],[142.87,-11.85],[142.86,-11.6],[142.82,-11.48],[142.87,-11.38],[142.8,-11.28],[142.81,-11.17],[142.74,-10.97],[142.63,-10.93],[142.55,-10.84],[142.55,-10.71],[142.43,-10.73],[142.32,-10.9],[142.18,-10.93],[142.15,-10.98],[142.16,-11.15],[142.13,-11.34],[141.95,-11.9],[141.8,-12.05],[141.67,-12.44],[141.81,-12.58],[141.76,-12.82],[141.59,-12.98],[141.62,-13.12],[141.69,-13.25],[141.53,-13.57],[141.47,-13.78],[141.49,-13.95],[141.58,-14.08],[141.59,-14.24],[141.52,-14.48],[141.6,-14.88],[141.67,-15.01],[141.64,-15.14],[141.49,-15.48],[141.38,-15.94],[141.43,-16.08],[141.35,-16.22],[141.3,-16.44],[141.2,-16.7],[140.95,-17.02],[140.96,-17.07],[140.88,-17.35],[140.83,-17.45],[140.76,-17.48],[140.51,-17.64],[140.24,-17.7],[140,-17.71],[139.93,-17.62],[139.64,-17.53],[139.44,-17.38],[139.27,-17.35],[139.21,-17.29],[139.14,-17.12],[139.16,-17.03],[139.04,-16.92],[138.75,-16.84],[138.65,-16.78],[138.49,-16.79],[138.18,-16.7],[138.06,-16.61],[137.87,-16.44],[137.75,-16.25],[137.55,-16.17],[137.36,-16.12],[137.2,-15.98],[137.09,-15.95],[136.99,-15.86],[136.87,-15.91],[136.77,-15.9],[136.61,-15.75],[136.27,-15.54],[136.24,-15.42],[135.86,-15.18],[135.72,-15.11],[135.65,-15.04],[135.55,-15.02],[135.47,-14.95],[135.39,-14.74],[135.52,-14.65],[135.53,-14.58],[135.63,-14.43],[135.67,-14.43],[135.76,-14.26],[135.9,-14.14],[135.92,-13.96],[135.99,-13.9],[136.01,-13.8],[135.94,-13.75],[135.85,-13.6],[135.88,-13.33],[136.1,-13.16],[136.18,-13.24],[136.31,-13.16],[136.45,-13.22],[136.57,-13.06],[136.47,-12.79],[136.68,-12.67],[136.75,-12.55],[136.74,-12.48],[136.91,-12.39],[136.93,-12.29],[136.88,-12.22],[136.69,-12.28],[136.59,-12.17],[136.53,-11.99],[136.45,-11.94],[136.23,-12.13],[136.24,-12.21],[136.37,-12.24],[136.25,-12.44],[136.02,-12.46],[136.03,-12.31],[135.89,-12.15],[135.76,-12.26],[135.67,-12.24],[135.65,-12.16],[135.85,-11.99],[135.74,-11.94],[135.57,-11.99],[135.54,-12.08],[135.3,-12.13],[135.26,-12.22],[135.08,-12.26],[134.97,-12.15],[134.86,-12.13],[134.77,-11.95],[134.6,-12.05],[134.38,-12.04],[134.29,-11.97],[134.19,-12.02],[134.13,-11.89],[134.06,-11.84],[133.94,-11.91],[133.83,-11.83],[133.8,-11.71],[133.62,-11.83],[133.48,-11.79],[133.41,-11.72],[133.19,-11.72],[133.14,-11.67],[133.01,-11.43],[132.89,-11.36],[132.76,-11.49],[132.67,-11.51],[132.48,-11.23],[132.35,-11.15],[132.24,-11.2],[132.19,-11.35],[132.01,-11.14],[131.93,-11.32],[132.09,-11.52],[132.23,-11.46],[132.37,-11.43],[132.5,-11.48],[132.55,-11.58],[132.7,-11.65],[132.59,-11.78],[132.65,-11.87],[132.63,-12.04],[132.38,-12.22],[132.17,-12.22],[132.06,-12.31],[131.86,-12.23],[131.78,-12.27],[131.49,-12.3],[131.33,-12.18],[131.22,-12.21],[131.11,-12.15],[131.03,-12.15],[131.03,-12.36],[130.9,-12.33],[130.78,-12.43],[130.64,-12.38],[130.57,-12.64],[130.52,-12.6],[130.35,-12.69],[130.35,-12.84],[130.25,-12.94],[130.13,-12.94],[130.12,-13.16],[130.27,-13.32],[130.16,-13.43],[129.97,-13.53],[129.87,-13.49],[129.79,-13.68],[129.82,-13.76],[129.72,-13.88],[129.72,-14.02],[129.5,-14.09],[129.49,-14.16],[129.37,-14.33],[129.36,-14.41],[129.45,-14.49],[129.65,-14.6],[129.61,-14.67],[129.79,-14.86],[129.65,-14.84],[129.61,-14.94],[129.66,-15.09],[129.6,-15.12],[129.48,-14.93],[129.22,-14.84],[129.26,-15.11],[129.18,-15.06],[129.18,-14.98],[129.05,-14.88],[128.83,-14.84],[128.53,-14.75],[128.4,-14.82],[128.42,-15.04],[128.31,-14.9],[128.2,-15.06],[128.22,-15.26],[128.07,-15.12],[128.18,-14.7],[127.89,-14.47],[127.79,-14.37],[127.67,-14.18],[127.49,-14.06],[127.44,-13.97],[127.25,-13.9],[127.11,-13.95],[127.07,-13.84],[126.95,-13.72],[126.75,-13.79],[126.82,-13.94],[126.7,-14.01],[126.65,-14.16],[126.57,-14.19],[126.5,-14],[126.39,-14],[126.25,-14.22],[126.14,-14.19],[126.07,-14.23],[126.06,-14.35],[125.99,-14.38],[126.04,-14.51],[125.93,-14.52],[125.74,-14.44],[125.66,-14.36],[125.71,-14.28],[125.61,-14.23],[125.62,-14.4],[125.59,-14.51],[125.5,-14.49],[125.36,-14.59],[125.29,-14.57],[125.14,-14.76],[125.29,-14.89],[125.28,-14.99],[125.38,-15.01],[125.39,-15.12],[125.31,-15.15],[125.22,-15.06],[125.13,-15.05],[124.9,-15.1],[124.83,-15.16],[124.93,-15.34],[125.04,-15.28],[125.09,-15.35],[125.05,-15.5],[124.92,-15.36],[124.8,-15.29],[124.71,-15.35],[124.63,-15.5],[124.5,-15.47],[124.4,-15.56],[124.38,-15.69],[124.52,-15.97],[124.61,-15.81],[124.59,-16.09],[124.52,-16.18],[124.43,-16.14],[124.38,-16.21],[124.41,-16.34],[124.57,-16.33],[124.59,-16.4],[124.22,-16.4],[124.13,-16.27],[123.97,-16.24],[123.91,-16.34],[123.8,-16.31],[123.77,-16.16],[123.6,-16.16],[123.55,-16.28],[123.71,-16.33],[123.65,-16.48],[123.57,-16.62],[123.72,-16.76],[123.77,-16.88],[123.9,-16.86],[123.8,-17],[123.84,-17.13],[123.64,-16.99],[123.58,-17.09],[123.64,-17.17],[123.57,-17.36],[123.5,-17.43],[123.4,-17.33],[123.26,-17.01],[123.14,-16.91],[123.15,-16.81],[122.96,-16.58],[123.01,-16.37],[122.92,-16.42],[122.89,-16.51],[122.76,-16.6],[122.74,-16.76],[122.57,-16.79],[122.53,-16.87],[122.58,-16.96],[122.41,-16.97],[122.28,-17.09],[122.28,-17.14],[122.17,-17.26],[122.14,-17.56],[122.2,-17.7],[122.21,-17.91],[122.36,-18],[122.32,-18.15],[122.22,-18.2],[122.02,-18.39],[121.91,-18.46],[121.82,-18.45],[121.77,-18.66],[121.64,-18.72],[121.64,-18.81],[121.52,-19.07],[121.31,-19.35],[121.19,-19.47],[120.95,-19.63],[120.65,-19.76],[120.24,-19.91],[119.72,-19.97],[119.57,-20.07],[119.38,-20],[119.21,-19.96],[119.07,-19.98],[118.81,-20.28],[118.23,-20.37],[118.14,-20.36],[117.94,-20.49],[117.84,-20.62],[117.68,-20.67],[117.35,-20.73],[117.06,-20.62],[116.86,-20.71],[116.74,-20.62],[116.44,-20.82],[116.27,-20.86],[116.15,-20.97],[115.94,-21.06],[115.81,-21.23],[115.6,-21.34],[115.46,-21.51],[115.22,-21.6],[115.11,-21.66],[114.93,-21.69],[114.64,-21.86],[114.39,-22.36],[114.37,-22.48],[114.29,-22.44],[114.18,-22.52],[114.11,-22.48],[114.17,-22.32],[114.08,-22.17],[114.16,-21.79],[114.01,-21.86],[113.9,-22.05],[113.8,-22.33],[113.65,-22.58],[113.67,-22.69],[113.76,-22.79],[113.8,-22.9],[113.81,-23.05],[113.75,-23.16],[113.78,-23.33],[113.75,-23.51],[113.6,-23.63],[113.46,-23.91],[113.42,-24.05],[113.43,-24.15],[113.39,-24.25],[113.39,-24.41],[113.44,-24.53],[113.6,-24.73],[113.61,-24.89],[113.68,-25.08],[113.79,-25.16],[113.93,-25.45],[114.16,-25.79],[114.26,-25.84],[114.26,-25.99],[114.19,-26.2],[114.23,-26.32],[114.1,-26.45],[113.97,-26.33],[113.91,-26.12],[113.8,-26.21],[113.7,-26.15],[113.76,-25.9],[113.53,-25.62],[113.42,-25.65],[113.42,-25.73],[113.56,-25.94],[113.58,-26.09],[113.68,-26.22],[113.78,-26.24],[113.89,-26.34],[113.89,-26.49],[113.81,-26.6],[113.7,-26.61],[113.57,-26.56],[113.54,-26.29],[113.36,-26.23],[113.25,-26.24],[113.31,-26.42],[113.59,-26.68],[113.76,-26.92],[114.01,-27.31],[114.07,-27.45],[114.14,-27.69],[114.1,-27.82],[114.17,-28.11],[114.31,-28.23],[114.53,-28.52],[114.59,-28.66],[114.58,-28.78],[114.65,-28.91],[114.83,-29.09],[114.98,-29.48],[114.95,-29.66],[114.97,-29.9],[114.94,-30.03],[114.98,-30.21],[115.1,-30.63],[115.18,-30.83],[115.31,-30.99],[115.46,-31.3],[115.68,-31.65],[115.74,-31.93],[115.73,-32.05],[115.76,-32.19],[115.73,-32.31],[115.77,-32.6],[115.6,-32.66],[115.68,-33.02],[115.67,-33.29],[115.52,-33.51],[115.41,-33.61],[115.28,-33.65],[115.12,-33.62],[115.05,-33.54],[114.96,-33.68],[114.97,-34.09],[115.02,-34.26],[115.11,-34.34],[115.18,-34.3],[115.34,-34.31],[115.61,-34.45],[115.75,-34.54],[116.02,-34.83],[116.38,-34.92],[116.47,-35],[116.66,-35.03],[116.95,-35.01],[117.11,-35.04],[117.19,-35.01],[117.36,-35.02],[117.47,-35.08],[118.03,-35.01],[118.26,-34.91],[118.39,-34.91],[118.39,-34.83],[118.48,-34.72],[118.71,-34.65],[118.73,-34.56],[118.93,-34.45],[119.12,-34.47],[119.38,-34.44],[119.48,-34.36],[119.5,-34.24],[119.64,-34.08],[119.81,-33.98],[120.02,-33.92],[120.42,-33.97],[120.57,-33.89],[121.17,-33.87],[121.33,-33.81],[121.53,-33.82],[121.81,-33.9],[122.02,-33.83],[122.11,-33.96],[122.26,-34.02],[122.31,-33.92],[122.49,-33.94],[122.65,-33.89],[122.82,-33.9],[123.02,-33.86],[123.09,-33.88],[123.15,-34],[123.27,-33.99],[123.34,-33.9],[123.57,-33.88],[123.74,-33.79],[123.76,-33.71],[123.95,-33.57],[124.01,-33.35],[124.12,-33.12],[124.2,-33.04],[124.36,-32.95],[124.71,-32.9],[124.9,-32.83],[125,-32.74],[125.34,-32.6],[125.54,-32.55],[125.87,-32.33],[126.19,-32.23],[126.37,-32.28],[126.68,-32.32],[127.05,-32.3],[127.29,-32.27],[127.53,-32.21],[127.77,-32.12],[128.02,-32.08],[128.22,-32.02],[128.66,-31.85],[129,-31.69],[129.2,-31.66],[129.47,-31.64],[130.16,-31.57],[130.83,-31.6],[131.18,-31.48],[131.54,-31.61]]],[[[148,-43.23],[147.96,-43.01],[148.01,-42.91],[147.89,-42.82],[147.95,-42.72],[147.94,-42.59],[148.01,-42.51],[147.98,-42.32],[148.08,-42.19],[148.15,-42],[148.3,-42.05],[148.33,-41.92],[148.26,-41.8],[148.32,-41.61],[148.28,-41.45],[148.33,-41.32],[148.27,-41.15],[148.33,-41],[148.21,-40.84],[147.98,-40.74],[147.92,-40.85],[147.82,-40.89],[147.67,-40.83],[147.6,-40.85],[147.45,-41.01],[147.29,-40.94],[147.17,-41.01],[147.02,-40.98],[146.78,-41.07],[146.42,-41.17],[146.21,-41.15],[145.92,-41.04],[145.79,-41.02],[145.71,-40.93],[145.13,-40.79],[144.99,-40.74],[144.69,-40.7],[144.7,-40.89],[144.61,-41],[144.68,-41.08],[144.68,-41.22],[144.77,-41.34],[144.93,-41.71],[145.21,-41.97],[145.28,-42.18],[145.53,-42.39],[145.48,-42.41],[145.31,-42.29],[145.2,-42.25],[145.26,-42.59],[145.35,-42.65],[145.51,-42.96],[145.6,-42.97],[145.76,-43.18],[146.03,-43.32],[145.99,-43.38],[146.02,-43.55],[146.25,-43.49],[146.29,-43.53],[146.51,-43.53],[146.71,-43.63],[146.86,-43.64],[147.1,-43.3],[147.26,-43.25],[147.25,-43.14],[147.36,-42.92],[147.48,-42.91],[147.59,-42.82],[147.69,-42.89],[147.84,-42.9],[147.82,-43.05],[147.68,-42.98],[147.65,-43.07],[147.79,-43.24],[147.91,-43.18],[148,-43.23]]],[[[147.34,-43.34],[147.17,-43.37],[147.16,-43.45],[147.32,-43.5],[147.34,-43.34]]],[[[148.43,-40.37],[148.35,-40.31],[148.07,-40.35],[148.08,-40.45],[148.3,-40.43],[148.43,-40.37]]],[[[148.01,-40.15],[148.12,-40.27],[148.29,-40.11],[148.3,-39.96],[148.17,-39.94],[147.95,-39.71],[147.85,-39.83],[147.94,-40.04],[148.01,-40.15]]],[[[144.1,-39.89],[144.12,-39.79],[144.08,-39.63],[143.86,-39.7],[143.84,-39.93],[143.92,-40.13],[144.11,-40.03],[144.1,-39.89]]],[[[138.13,-35.82],[138.07,-35.76],[137.91,-35.73],[137.69,-35.76],[137.58,-35.73],[137.62,-35.58],[137.44,-35.61],[137.35,-35.59],[137.07,-35.67],[136.62,-35.75],[136.53,-35.91],[136.66,-35.97],[136.72,-36.06],[136.86,-36.03],[137.14,-36.04],[137.21,-35.98],[137.37,-36.01],[137.46,-36.08],[137.62,-35.99],[137.61,-35.92],[137.76,-35.87],[137.93,-35.87],[138.05,-35.92],[138.13,-35.82]]],[[[153.41,-27.34],[153.47,-27.06],[153.36,-27.05],[153.37,-27.23],[153.41,-27.34]]],[[[113.22,-26.07],[113.05,-25.72],[113.01,-25.5],[112.92,-25.52],[112.97,-25.79],[113.05,-25.94],[113.22,-26.07]]],[[[153.37,-24.99],[153.28,-24.86],[153.28,-24.69],[153.16,-24.81],[153.24,-24.91],[153.23,-25.03],[153.04,-25.18],[153.07,-25.33],[152.95,-25.55],[153,-25.73],[153.08,-25.67],[153.16,-25.46],[153.27,-25.26],[153.37,-24.99]]],[[[151.27,-23.67],[151.21,-23.52],[151.02,-23.45],[150.98,-23.49],[151.21,-23.78],[151.27,-23.67]]],[[[115.47,-20.73],[115.4,-20.69],[115.31,-20.8],[115.4,-20.86],[115.47,-20.73]]],[[[146.32,-18.38],[146.28,-18.29],[146.12,-18.25],[146.22,-18.47],[146.32,-18.38]]],[[[139.56,-17.04],[139.51,-16.99],[139.41,-17.09],[139.51,-17.12],[139.56,-17.04]]],[[[139.73,-16.44],[139.6,-16.4],[139.31,-16.46],[139.22,-16.53],[139.14,-16.7],[139.3,-16.73],[139.45,-16.66],[139.47,-16.57],[139.55,-16.48],[139.61,-16.55],[139.73,-16.44]]],[[[137.08,-15.75],[137.08,-15.65],[136.94,-15.67],[137,-15.79],[137.08,-15.75]]],[[[125.2,-14.47],[125.12,-14.48],[125.1,-14.62],[125.19,-14.6],[125.2,-14.47]]],[[[136.95,-14.18],[136.81,-14.16],[136.72,-14.18],[136.72,-14.06],[136.81,-13.85],[136.61,-13.79],[136.46,-13.84],[136.41,-13.96],[136.41,-14.17],[136.46,-14.22],[136.64,-14.28],[136.73,-14.26],[136.9,-14.3],[136.95,-14.18]]],[[[130.54,-11.7],[130.46,-11.68],[130.4,-11.43],[130.33,-11.33],[130.18,-11.43],[130.2,-11.65],[130.06,-11.69],[130.05,-11.82],[130.15,-11.82],[130.32,-11.77],[130.5,-11.84],[130.63,-11.8],[130.54,-11.7]]],[[[131.54,-11.41],[131.48,-11.39],[131.43,-11.25],[131.23,-11.21],[131.01,-11.35],[130.89,-11.31],[130.69,-11.42],[130.57,-11.27],[130.51,-11.28],[130.37,-11.2],[130.43,-11.48],[130.5,-11.65],[130.68,-11.78],[130.98,-11.93],[131.1,-11.83],[131.29,-11.72],[131.38,-11.58],[131.43,-11.61],[131.54,-11.41]]],[[[132.49,-11.16],[132.57,-11.31],[132.63,-11.25],[132.57,-10.98],[132.49,-11.16]]],[[[142.26,-10.67],[142.21,-10.6],[142.12,-10.65],[142.15,-10.76],[142.26,-10.67]]]]},"properties":{"iso_a2":"AU","name":"Australia"}},{"type":"Feature","geometry":{"type":"MultiPolygon","coordinates":[[[[-40.88,65.1],[-40.65,65.14],[-40.43,65.04],[-40.18,65.04],[-40.12,65.17],[-39.77,65.27],[-39.94,65.35],[-39.97,65.44],[-40.19,65.48],[-40.05,65.58],[-39.87,65.51],[-39.73,65.57],[-38.67,65.59],[-38.6,65.65],[-38.22,65.65],[-38.11,65.77],[-38.27,65.91],[-37.98,65.95],[-37.99,66.11],[-37.76,66.3],[-38.14,66.34],[-38.1,66.39],[-37.62,66.33],[-37.22,66.35],[-37.8,66.05],[-37.64,65.93],[-37.21,65.78],[-36.83,65.92],[-36.39,66.02],[-36.07,65.94],[-35.84,66.12],[-35.59,66.11],[-35.59,66.29],[-35.35,66.28],[-35.22,66.37],[-34.97,66.29],[-34.64,66.38],[-34.54,66.5],[-34.26,66.58],[-34.09,66.72],[-33.95,66.93],[-33.75,66.99],[-33.52,67.2],[-33.36,67.25],[-33.42,67.34],[-33.28,67.42],[-33.23,67.54],[-32.93,67.69],[-32.52,67.83],[-32.1,67.91],[-32,68.09],[-31.99,68.26],[-31.71,68.24],[-31.69,68.1],[-31.41,68.12],[-30.91,68.05],[-30.37,68.11],[-30.1,68.19],[-29.97,68.39],[-29.53,68.22],[-29.21,68.27],[-29.01,68.35],[-28.09,68.44],[-27.91,68.51],[-27.31,68.54],[-27.18,68.61],[-26.42,68.66],[-26.23,68.79],[-25.94,68.79],[-25.67,68.87],[-25.04,69.13],[-25.02,69.22],[-24.61,69.28],[-24.1,69.53],[-23.81,69.51],[-23.62,69.62],[-23.7,69.72],[-23,69.77],[-23.09,69.92],[-22.85,69.96],[-22.38,69.97],[-22.37,70.11],[-23.56,70.11],[-24.47,70.22],[-25.06,70.36],[-25.22,70.28],[-25.47,70.38],[-25.91,70.31],[-26.33,70.2],[-26.84,70.26],[-27.18,70.17],[-27.28,69.99],[-27.59,70.06],[-27.29,70.25],[-26.97,70.33],[-26.7,70.29],[-26.32,70.38],[-26.53,70.47],[-26.74,70.48],[-28.23,70.37],[-28.31,70.56],[-28.01,70.74],[-27.92,70.88],[-28.18,70.97],[-27.79,71.02],[-27.51,70.94],[-26.83,70.94],[-26.43,70.97],[-26.23,71.05],[-25.72,71.14],[-25.43,71.27],[-25.41,71.35],[-25.73,71.47],[-26.45,71.51],[-26.69,71.48],[-27.03,71.53],[-27.46,71.64],[-27.33,71.72],[-27.97,71.87],[-28.46,71.94],[-28.36,72.01],[-27.88,71.98],[-27.22,71.75],[-27.16,71.67],[-26.78,71.55],[-26.08,71.59],[-25.6,71.53],[-25.12,71.31],[-24.67,71.27],[-24.26,71.08],[-24.18,70.81],[-23.93,70.61],[-23.34,70.44],[-22.66,70.44],[-22.02,70.5],[-21.69,70.43],[-21.48,70.55],[-21.73,70.58],[-21.62,70.74],[-21.76,70.87],[-21.57,70.96],[-21.75,71.11],[-21.75,71.49],[-22.54,71.47],[-22.3,71.7],[-23.01,71.64],[-23.11,71.69],[-22.5,71.9],[-23.01,72.01],[-23.11,72.07],[-23.58,72.15],[-23.76,72.24],[-24.34,72.33],[-24.52,72.42],[-24.7,72.68],[-25.52,72.84],[-24.98,73.03],[-25.05,73.08],[-25.72,73.14],[-26.15,73.24],[-25.7,73.27],[-25.45,73.35],[-25.29,73.47],[-24.72,73.49],[-24.37,73.56],[-24.41,73.73],[-24.06,73.82],[-23.99,73.6],[-23.11,73.35],[-22.31,73.25],[-21.28,73.46],[-20.54,73.45],[-20.48,73.76],[-20.28,73.88],[-20.69,73.89],[-21.59,74.06],[-21.99,74],[-22.23,74.1],[-22.05,74.32],[-21.77,74.44],[-21.25,74.47],[-20.36,74.44],[-20.2,74.28],[-19.63,74.24],[-19.37,74.27],[-18.98,74.48],[-19.27,74.52],[-19.27,74.65],[-19.72,74.59],[-20.2,74.68],[-20.52,74.68],[-20.76,74.84],[-20.69,75.13],[-20.56,75.2],[-20.67,75.29],[-20.17,75.34],[-19.88,75.15],[-19.59,75.14],[-19.39,75.28],[-19.38,75.54],[-19.59,75.67],[-19.48,75.74],[-19.75,75.89],[-20.27,75.99],[-19.67,76.13],[-19.94,76.26],[-20.49,76.22],[-20.89,76.31],[-21.55,76.22],[-21.67,76.53],[-22.14,76.65],[-22.43,76.55],[-22.65,76.75],[-21.95,76.77],[-21.5,76.69],[-20.51,76.95],[-19.89,76.93],[-19.39,76.83],[-19.06,76.84],[-18.5,76.75],[-18.27,76.92],[-18.32,77.21],[-18.57,77.29],[-19.08,77.32],[-19.11,77.22],[-19.73,77.34],[-20.23,77.37],[-20.54,77.48],[-20.34,77.56],[-20.77,77.62],[-20.02,77.69],[-19.41,77.54],[-18.98,77.62],[-19.36,77.73],[-19.96,77.79],[-20.76,77.97],[-20.96,77.97],[-21.37,77.78],[-21.33,77.68],[-21.97,77.68],[-21.63,78],[-21.32,78.08],[-21.3,78.27],[-20.89,78.56],[-20.98,78.77],[-20.64,78.83],[-19.93,78.83],[-19.91,79.02],[-19.55,79.11],[-18.95,79.15],[-18.94,79.26],[-19.47,79.31],[-19.57,79.39],[-19.21,79.71],[-19.49,79.77],[-19.98,79.7],[-20.11,79.82],[-20.42,79.84],[-19.97,80.08],[-19.47,80.26],[-17.87,80.16],[-16.45,80.22],[-15.79,80.41],[-16.45,80.48],[-16.9,80.58],[-17.31,80.51],[-18.05,80.49],[-18.59,80.57],[-17.06,80.66],[-16.25,80.64],[-15.42,80.65],[-15.32,80.72],[-14.29,80.78],[-14.2,80.91],[-12.54,81.19],[-12.17,81.33],[-11.64,81.39],[-11.68,81.5],[-12.03,81.64],[-13.06,81.72],[-13.92,81.81],[-15.21,81.82],[-16.48,81.75],[-16.45,81.64],[-17.15,81.41],[-19.25,81.56],[-19.39,81.64],[-20.69,81.36],[-20.95,81.24],[-21.36,81.2],[-21.96,81.02],[-23.11,80.92],[-22.56,81.12],[-22.27,81.15],[-21.26,81.52],[-21.03,81.77],[-21.12,81.98],[-21.39,82.08],[-23.19,82.02],[-23.31,81.79],[-24.53,81.65],[-25.62,81.56],[-26.39,81.43],[-26.31,81.62],[-24.71,81.78],[-24.62,81.99],[-27.76,82.06],[-29.04,82],[-30.8,81.86],[-31.68,81.83],[-32.11,81.74],[-32.72,81.69],[-32.78,81.84],[-31.77,81.96],[-29.94,82.09],[-29.85,82.14],[-27.37,82.2],[-23.89,82.28],[-22.44,82.34],[-22.31,82.43],[-21.4,82.56],[-21.34,82.63],[-22.56,82.8],[-23.38,82.85],[-25.09,82.91],[-24.75,83],[-25.22,83.17],[-26.55,83.09],[-27.38,83.06],[-30.1,83.13],[-31.55,82.99],[-32.16,83.06],[-30.74,83.14],[-26.07,83.21],[-25.65,83.3],[-30.65,83.6],[-31.63,83.59],[-32.49,83.63],[-34.01,83.59],[-34.7,83.61],[-35.24,83.54],[-36.74,83.54],[-38.69,83.43],[-38.86,83.26],[-37.63,83.15],[-38.78,83.07],[-39.44,82.96],[-40.69,82.99],[-41.74,83.2],[-42.67,83.28],[-43.04,83.21],[-44,83.2],[-46.43,83.06],[-46.84,82.98],[-46.56,82.89],[-42.84,82.82],[-40.98,82.77],[-39.95,82.69],[-39.96,82.54],[-40.63,82.58],[-41.26,82.71],[-41.82,82.75],[-44.96,82.77],[-45.66,82.73],[-43.73,82.41],[-43.83,82.34],[-44.7,82.26],[-44.4,82.11],[-44.88,81.98],[-44.3,81.81],[-45.16,81.79],[-45.93,81.95],[-46.01,82.04],[-47.23,82.17],[-48.73,82.36],[-49.01,82.46],[-51.11,82.51],[-50.58,82.15],[-49.46,81.95],[-49.83,81.87],[-50.89,81.88],[-53.02,82.01],[-53.58,82.13],[-54.09,82.32],[-54.44,82.37],[-57.03,82.19],[-58.61,82.11],[-59.47,82],[-58.47,81.87],[-58.14,81.67],[-58.68,81.68],[-58.84,81.86],[-60.07,81.95],[-61.28,81.82],[-61.45,81.75],[-60.79,81.51],[-61.3,81.37],[-60.94,81.19],[-61.5,81.11],[-62.2,81.2],[-62.98,81.23],[-63.83,81.11],[-63.93,81.06],[-64.75,81],[-65.12,80.78],[-66.76,80.55],[-66.79,80.46],[-67.45,80.34],[-67.46,80.19],[-67.05,80.06],[-66.17,80.07],[-65.86,80.01],[-65.31,80.1],[-64.93,80.07],[-65.13,79.85],[-64.86,79.51],[-65.15,79.38],[-66.12,79.1],[-66.79,79.14],[-68.04,79.08],[-69.03,78.98],[-69.44,78.81],[-70.75,78.69],[-70.81,78.62],[-71.56,78.64],[-71.94,78.56],[-72.59,78.52],[-72.68,78.25],[-72.9,78.17],[-72.24,77.94],[-71.63,77.86],[-71.31,77.77],[-70.68,77.78],[-70.68,77.68],[-69.72,77.66],[-70.25,77.56],[-69.22,77.45],[-68.64,77.51],[-67.59,77.52],[-67.25,77.58],[-67.14,77.67],[-66.61,77.67],[-66.28,77.62],[-66.05,77.49],[-66.2,77.43],[-66.77,77.36],[-67.44,77.38],[-68.37,77.38],[-69.06,77.26],[-70.9,77.19],[-71.34,77.07],[-71.35,76.99],[-70.66,76.8],[-70.1,76.8],[-69.92,76.75],[-68.91,76.67],[-67.99,76.68],[-68.03,76.58],[-68.73,76.59],[-68.9,76.52],[-69.58,76.44],[-69.64,76.38],[-69.1,76.28],[-68.43,76.08],[-66.49,75.95],[-67.03,76.06],[-67.05,76.27],[-66.41,76.09],[-66.22,76.22],[-65.74,76.28],[-65.89,76.1],[-65.35,76.03],[-65.36,76.14],[-64.98,76.14],[-64.38,76.26],[-64.15,76.17],[-63.81,76.16],[-63.52,76.31],[-63.17,76.36],[-62.85,76.3],[-62.3,76.29],[-61.85,76.2],[-60.87,76.16],[-60.83,76.03],[-60.12,76.03],[-59.99,75.97],[-59.27,75.88],[-59.04,75.7],[-58.56,75.65],[-58.17,75.5],[-58.66,75.38],[-58.24,75.21],[-58.13,75.11],[-57.29,74.91],[-57.08,74.92],[-56.85,74.81],[-56.88,74.71],[-56.24,74.5],[-56.61,74.45],[-56.5,74.37],[-56.7,74.2],[-57.16,74.18],[-57.3,74.1],[-56.17,74.19],[-56.36,74.08],[-56.11,73.97],[-55.75,73.72],[-56.03,73.64],[-55.66,73.58],[-55.27,73.39],[-55.46,73.26],[-55.47,73.07],[-54.98,73],[-54.69,72.9],[-54.67,72.73],[-55,72.57],[-55.51,72.52],[-54.95,72.28],[-55.55,72.04],[-55.27,71.93],[-55.37,71.83],[-55.85,71.72],[-55.51,71.45],[-55.29,71.38],[-54.98,71.44],[-54.82,71.36],[-54.2,71.39],[-53.88,71.47],[-53.68,71.74],[-52.85,71.87],[-53.27,71.71],[-52.56,71.68],[-52.26,71.58],[-52.7,71.53],[-52.99,71.42],[-52.26,71.37],[-52.05,71.25],[-51.75,71.36],[-51.54,71.31],[-52.24,71.14],[-52.03,71.1],[-51.76,71.14],[-51.2,71.02],[-51.21,70.96],[-51.83,71.07],[-51.91,71.02],[-51.46,70.91],[-51.19,70.89],[-51.4,70.7],[-50.99,70.61],[-51.35,70.57],[-50.99,70.43],[-50.77,70.42],[-50.66,70.33],[-51.55,70.43],[-52.27,70.64],[-52.79,70.76],[-53.43,70.75],[-53.98,70.83],[-54.33,70.8],[-54.59,70.68],[-54.18,70.48],[-53.84,70.38],[-53.23,70.35],[-52.61,70.22],[-52.33,70.05],[-51.62,70.02],[-51.26,69.96],[-50.94,69.96],[-50.33,69.89],[-50.25,69.78],[-50.59,69.79],[-50.85,69.63],[-50.91,69.34],[-51.11,69.21],[-50.89,69.17],[-50.24,69.2],[-50.52,69.03],[-50.79,69.13],[-51.08,69.13],[-51.1,68.87],[-50.93,68.67],[-51.15,68.58],[-51.57,68.52],[-51.86,68.52],[-52.19,68.57],[-52.62,68.53],[-52.77,68.42],[-53.09,68.32],[-52.81,68.22],[-52.44,68.18],[-51.65,68.28],[-51.22,68.28],[-51.23,68.16],[-50.93,68.05],[-50.7,68.04],[-50.57,67.91],[-51.22,68.07],[-51.93,68.05],[-52.58,68.19],[-53.14,68.11],[-53.2,67.97],[-53.69,67.81],[-53.54,67.72],[-53.75,67.6],[-53.58,67.52],[-53.33,67.6],[-53.06,67.74],[-52.82,67.8],[-52.48,67.82],[-52.23,67.77],[-51.86,67.75],[-51.4,67.77],[-51.12,67.66],[-51.75,67.63],[-52.41,67.77],[-53.05,67.7],[-53.38,67.53],[-53.78,67.43],[-53.88,67.26],[-53.77,67.21],[-53.51,67.27],[-53.11,67.28],[-52.15,67.41],[-52.15,67.37],[-53.07,67.26],[-53.41,67.2],[-53.84,67.18],[-53.77,66.96],[-53.65,66.91],[-53.1,66.93],[-52.49,66.86],[-52.99,66.76],[-53.05,66.67],[-53.29,66.69],[-53.43,66.65],[-53.4,66.53],[-53.62,66.51],[-53.69,66.36],[-53.56,66.25],[-53.66,66.14],[-53.35,66.11],[-53.45,65.96],[-53.26,65.94],[-53.11,65.75],[-52.76,65.67],[-52.79,65.54],[-52.27,65.45],[-52.57,65.32],[-52.16,65.2],[-52.28,65.08],[-52.03,64.99],[-52.22,64.91],[-51.98,64.74],[-52.16,64.68],[-52.09,64.61],[-52.19,64.47],[-52.11,64.39],[-52.14,64.22],[-51.79,64.24],[-51.43,64.55],[-51.28,64.75],[-51.07,64.67],[-50.91,64.69],[-50.65,64.82],[-50.54,64.77],[-50.28,64.76],[-50.08,64.67],[-50.06,64.53],[-49.68,64.42],[-49.65,64.34],[-50.15,64.49],[-50.3,64.68],[-50.48,64.71],[-50.74,64.65],[-50.64,64.52],[-50.69,64.44],[-50.9,64.41],[-51.13,64.21],[-51.73,64.21],[-51.63,64.11],[-51.44,64.08],[-50.81,64.18],[-50.88,64.1],[-51.58,64.04],[-51.41,63.93],[-51.4,63.81],[-51.54,63.69],[-51.4,63.58],[-51.13,63.5],[-51.09,63.3],[-51,63.17],[-50.59,63.23],[-50.4,63.19],[-50.61,63.04],[-50.42,62.95],[-50.18,62.77],[-50.32,62.51],[-49.89,62.29],[-49.58,62.23],[-49.5,62.15],[-49.69,62.02],[-49.39,61.95],[-49.43,61.85],[-49.26,61.73],[-49.24,61.61],[-49.11,61.5],[-48.85,61.4],[-48.55,61.38],[-48.51,61.3],[-48.62,61.21],[-47.75,60.97],[-48.02,60.92],[-47.93,60.84],[-47.44,60.83],[-47.03,60.98],[-47.06,60.86],[-46.86,60.8],[-46.72,60.86],[-46.73,60.94],[-46.54,61.03],[-46.27,61.05],[-46.03,60.91],[-46.2,60.75],[-45.9,60.77],[-45.72,60.74],[-45.77,60.65],[-45.98,60.58],[-45.51,60.55],[-45.21,60.44],[-44.94,60.48],[-44.93,60.33],[-45.19,60.21],[-45.06,60.16],[-44.97,60.04],[-44.59,59.99],[-44.48,60.12],[-44.43,60.16],[-44.29,60.17],[-43.99,60.19],[-43.39,60.11],[-43.09,60.1],[-43.11,60.24],[-43.21,60.39],[-43.2,60.55],[-42.98,60.55],[-42.83,60.61],[-42.77,60.74],[-42.88,60.85],[-42.8,60.95],[-42.78,61.11],[-42.58,61.2],[-42.71,61.29],[-42.51,61.37],[-42.53,61.53],[-42.32,61.62],[-42.42,61.7],[-42.22,61.84],[-42.12,62.01],[-42.42,62.01],[-42.31,62.1],[-42.26,62.32],[-42.59,62.33],[-42.76,62.43],[-42.4,62.43],[-42.38,62.57],[-42.61,62.63],[-42.46,62.84],[-42.02,62.8],[-41.84,62.83],[-41.61,62.95],[-41.47,63.23],[-41.91,63.46],[-41.77,63.51],[-41.67,63.51],[-41.12,63.39],[-40.76,63.56],[-40.88,63.66],[-40.51,63.73],[-40.61,63.81],[-40.56,64.11],[-40.77,64.17],[-41.09,64.15],[-41.39,64.18],[-41.52,64.33],[-41.08,64.31],[-40.84,64.38],[-40.36,64.36],[-40.56,64.52],[-40.7,64.73],[-41.07,64.89],[-41.08,65.07],[-40.88,65.1]]],[[[-44.35,59.99],[-44.21,60.04],[-44.25,60.11],[-44.42,60.15],[-44.45,60.01],[-44.35,59.99]]],[[[-45.15,60.38],[-45.36,60.37],[-45.4,60.19],[-45.18,60.27],[-45.15,60.38]]],[[[-46.55,60.8],[-46.17,60.9],[-46.2,60.95],[-46.69,60.83],[-46.55,60.8]]],[[[-51.3,64.38],[-51.09,64.57],[-51.26,64.56],[-51.45,64.41],[-51.3,64.38]]],[[[-43.71,59.9],[-43.96,59.98],[-44.07,59.91],[-44.05,59.81],[-43.79,59.82],[-43.71,59.9]]],[[[-44.01,59.99],[-44.2,60.03],[-44.37,59.92],[-44.28,59.88],[-44.01,59.99]]],[[[-43.17,60.07],[-44.07,60.18],[-44.11,60.11],[-43.9,59.99],[-43.56,59.93],[-43.48,60.05],[-43.19,60],[-43.17,60.07]]],[[[-47.72,60.76],[-47.93,60.84],[-48.24,60.8],[-48.04,60.7],[-47.72,60.76]]],[[[-42.03,62.77],[-42.36,62.81],[-42.39,62.69],[-42.16,62.71],[-42.03,62.77]]],[[[-41.15,63.28],[-41.58,63.43],[-41.7,63.5],[-41.86,63.47],[-41.44,63.24],[-41.26,63.22],[-41.15,63.28]]],[[[-40.14,64.49],[-40.51,64.7],[-40.5,64.83],[-40.72,64.93],[-40.87,64.91],[-40.58,64.69],[-40.5,64.5],[-40.14,64.49]]],[[[-37.45,65.79],[-37.64,65.91],[-37.95,65.8],[-37.95,65.62],[-37.74,65.57],[-37.38,65.64],[-37.45,65.79]]],[[[-51.22,69.91],[-51.18,69.82],[-51.34,69.74],[-51.24,69.54],[-50.95,69.56],[-50.97,69.72],[-50.67,69.83],[-51.01,69.93],[-51.22,69.91]]],[[[-52.9,69.35],[-52.14,69.48],[-51.84,69.63],[-52,69.81],[-52.73,69.93],[-53.03,70.12],[-53.27,70.2],[-53.9,70.29],[-54.45,70.31],[-54.83,70.2],[-54.77,69.97],[-54.93,69.87],[-54.86,69.75],[-54.99,69.7],[-54.74,69.59],[-54.13,69.55],[-53.88,69.56],[-53.8,69.43],[-54.2,69.45],[-54.15,69.34],[-53.84,69.27],[-53.51,69.25],[-52.9,69.35]]],[[[-53.9,71.08],[-53.45,71.06],[-53.39,71.16],[-53.61,71.32],[-53.95,71.17],[-53.9,71.08]]],[[[-52.48,71.26],[-52.41,71.35],[-52.97,71.39],[-53.17,71.35],[-53.12,71.21],[-52.96,71.15],[-52.66,71.17],[-52.48,71.26]]],[[[-53.29,71.54],[-53.11,71.54],[-52.78,71.67],[-53.4,71.67],[-53.29,71.54]]],[[[-55.05,72.32],[-55.2,72.33],[-55.64,72.23],[-55.34,72.18],[-55.05,72.32]]],[[[-55.74,72.61],[-55.53,72.56],[-55.09,72.74],[-55.2,72.85],[-55.61,72.76],[-55.74,72.61]]],[[[-56.13,73.83],[-56.59,73.91],[-56.62,73.82],[-56.13,73.83]]],[[[-71.58,77.39],[-72.34,77.46],[-72.53,77.39],[-72.13,77.32],[-71.7,77.32],[-71.58,77.39]]],[[[-53.27,82.17],[-53.19,82.11],[-52.1,82],[-51.23,82.01],[-52.46,82.2],[-52.79,82.32],[-53.34,82.26],[-53.27,82.17]]],[[[-44.53,82.41],[-45.32,82.57],[-46.32,82.68],[-47.7,82.64],[-46.88,82.36],[-44.73,82.1],[-45.07,82.22],[-44.53,82.41]]],[[[-27.72,70.74],[-27.41,70.81],[-27.24,70.89],[-27.68,70.9],[-27.72,70.74]]],[[[-25.32,70.75],[-25.41,70.93],[-25.68,70.98],[-25.7,71.09],[-26.66,70.9],[-27.07,70.89],[-27.68,70.65],[-27.93,70.64],[-28.07,70.43],[-26.57,70.52],[-26.19,70.59],[-25.82,70.6],[-25.3,70.66],[-25.32,70.75]]],[[[-21.95,72.43],[-21.95,72.49],[-22.72,72.64],[-23.14,72.84],[-23.63,72.84],[-23.93,72.88],[-24.48,72.83],[-24.35,72.59],[-23.91,72.47],[-23.06,72.31],[-22.95,72.24],[-22.52,72.14],[-22.25,72.12],[-22.04,72.27],[-22.67,72.36],[-22.36,72.43],[-21.95,72.43]]],[[[-24.8,72.92],[-25.29,72.83],[-24.94,72.78],[-24.8,72.92]]],[[[-21.93,72.74],[-22.16,72.8],[-21.89,72.9],[-22.25,72.98],[-23.24,73.08],[-23.78,73.02],[-24.54,72.99],[-24.53,72.9],[-23.83,72.91],[-23.62,72.87],[-23.16,72.88],[-22.82,72.82],[-22.65,72.7],[-21.93,72.74]]],[[[-24.52,73.05],[-24.47,73.04],[-22.98,73.11],[-23.23,73.25],[-24.46,73.43],[-25.24,73.41],[-25.31,73.32],[-25.7,73.18],[-25.43,73.12],[-25.06,73.12],[-24.52,73.05]]],[[[-20.35,74.25],[-20.55,74.41],[-21.25,74.46],[-21.84,74.35],[-21.93,74.21],[-21.02,74.1],[-20.16,74.17],[-20.35,74.25]]],[[[-19.81,74.89],[-20.17,74.94],[-20.34,75.05],[-20.61,74.99],[-20.68,74.82],[-20.14,74.7],[-19.73,74.86],[-19.81,74.89]]],[[[-17.32,75.14],[-17.81,75.09],[-18.2,75.24],[-17.8,75.31],[-17.96,75.4],[-18.39,75.31],[-18.85,75.3],[-18.82,75.01],[-18.45,74.99],[-18.1,75.04],[-17.61,75],[-17.35,75.03],[-17.32,75.14]]],[[[-18.55,76.05],[-18.65,76.18],[-18.73,76.69],[-18.98,76.63],[-19.11,76.47],[-18.87,76.19],[-18.55,76.05]]],[[[-19.32,77.88],[-19.75,77.89],[-19.98,78],[-20.47,77.95],[-19.31,77.8],[-19.32,77.88]]],[[[-19.12,78.71],[-19.15,78.93],[-19.61,78.77],[-19.12,78.71]]],[[[-18.76,79.97],[-19.36,79.87],[-19.09,79.78],[-18.48,79.69],[-17.84,79.74],[-17.28,80.01],[-17.74,80.09],[-18.76,79.97]]],[[[-19.52,80.03],[-18.77,80.11],[-19.21,80.21],[-19.6,80.15],[-19.52,80.03]]]]},"properties":{"iso_a2":"GL","name":"Greenland"}},{"type":"Feature","geometry":{"type":"MultiPolygon","coordinates":[[[[-180,-16.96],[-179.82,-16.78],[-179.92,-16.69],[-180,-16.79],[-180,-16.96]]],[[[180,-16.78],[179.9,-16.94],[180,-16.96],[180,-16.78]]],[[[180,-16.15],[179.86,-16.23],[179.76,-16.18],[179.55,-16.27],[179.49,-16.26],[179.4,-16.41],[179.24,-16.4],[178.92,-16.47],[178.7,-16.67],[178.53,-16.63],[178.51,-16.81],[178.6,-16.78],[178.69,-16.99],[178.76,-17],[178.88,-16.86],[179.03,-16.92],[179.04,-16.82],[179.17,-16.72],[179.27,-16.69],[179.3,-16.81],[179.6,-16.79],[179.64,-16.75],[179.9,-16.72],[179.85,-16.51],[179.55,-16.77],[179.49,-16.71],[179.6,-16.54],[179.74,-16.46],[179.85,-16.29],[180,-16.17],[180,-16.15]]],[[[178.71,-17.99],[178.6,-17.93],[178.64,-17.85],[178.57,-17.75],[178.57,-17.62],[178.38,-17.5],[178.26,-17.34],[178.04,-17.36],[177.93,-17.41],[177.83,-17.37],[177.62,-17.45],[177.39,-17.64],[177.43,-17.75],[177.28,-17.85],[177.25,-17.95],[177.34,-18.11],[177.83,-18.23],[177.86,-18.27],[178.17,-18.25],[178.28,-18.15],[178.4,-18.1],[178.66,-18.09],[178.71,-17.99]]]]},"properties":{"iso_a2":"FJ","name":"Fiji"}},{"type":"Feature","geometry":{"type":"MultiPolygon","coordinates":[[[[-176.38,-43.9],[-176.28,-43.77],[-176.6,-43.71],[-176.64,-43.76],[-176.52,-43.92],[-176.66,-44.01],[-176.61,-44.11],[-176.4,-44.06],[-176.39,-43.94],[-176.5,-43.86],[-176.51,-43.75],[-176.35,-43.79],[-176.38,-43.9]]],[[[-172.49,-8.56],[-172.48,-8.56],[-172.49,-8.55],[-172.49,-8.56]]],[[[168.2,-47.05],[168.18,-46.86],[167.92,-46.68],[167.79,-46.7],[167.76,-46.81],[167.82,-46.9],[167.65,-47.05],[167.52,-47.27],[167.67,-47.26],[167.79,-47.17],[167.9,-47.19],[168,-47.12],[168.19,-47.1],[168.2,-47.05]]],[[[172.75,-43.28],[172.81,-43.17],[172.95,-43.09],[173.08,-43.07],[173.28,-42.96],[173.56,-42.49],[173.71,-42.4],[173.89,-42.24],[174,-42.03],[174.2,-41.88],[174.29,-41.75],[174.23,-41.72],[174.17,-41.58],[174.06,-41.42],[174.22,-41.19],[174.22,-41.01],[174.02,-40.97],[173.93,-41.05],[173.74,-41.05],[173.44,-41.14],[173.21,-41.3],[173.13,-41.31],[173.03,-41.15],[173.07,-40.89],[173.02,-40.8],[172.86,-40.84],[172.69,-40.73],[172.72,-40.55],[172.64,-40.51],[172.36,-40.72],[172.19,-40.8],[172.11,-40.89],[172.11,-41.25],[172.07,-41.41],[171.99,-41.45],[171.9,-41.61],[171.49,-41.83],[171.33,-42.15],[171.31,-42.29],[171.12,-42.59],[170.94,-42.73],[170.86,-42.84],[170.7,-42.95],[170.51,-43.01],[170.36,-43.1],[170.24,-43.24],[170.11,-43.26],[170.03,-43.35],[169.85,-43.43],[169.73,-43.57],[169.58,-43.6],[169.19,-43.76],[168.86,-43.97],[168.66,-43.97],[168.41,-44.03],[168.34,-44.12],[167.84,-44.5],[167.75,-44.6],[167.45,-44.82],[167.2,-44.95],[167.01,-45.15],[167.05,-45.27],[166.88,-45.28],[166.81,-45.35],[166.7,-45.54],[166.8,-45.72],[166.89,-45.78],[166.49,-45.81],[166.47,-45.98],[166.63,-45.96],[166.62,-46.09],[166.76,-46.22],[167.09,-46.24],[167.3,-46.27],[167.41,-46.25],[167.46,-46.15],[167.7,-46.19],[167.85,-46.4],[168.07,-46.35],[168.22,-46.35],[168.37,-46.54],[168.59,-46.61],[168.85,-46.56],[168.88,-46.64],[169.04,-46.68],[169.64,-46.58],[169.85,-46.47],[169.87,-46.38],[170.24,-46.15],[170.33,-45.98],[170.49,-45.92],[170.7,-45.91],[170.79,-45.86],[170.7,-45.68],[170.91,-45.4],[170.88,-45.36],[170.98,-45.15],[171.09,-45.07],[171.2,-44.91],[171.2,-44.57],[171.35,-44.28],[171.55,-44.17],[172.06,-43.96],[172.39,-43.85],[172.4,-43.75],[172.5,-43.72],[172.72,-43.8],[172.88,-43.9],[173.03,-43.88],[173.11,-43.8],[173.05,-43.65],[172.8,-43.61],[172.73,-43.41],[172.75,-43.28]]],[[[175.54,-36.28],[175.53,-36.18],[175.39,-36.12],[175.36,-36.24],[175.54,-36.28]]],[[[176.95,-39.61],[176.91,-39.45],[176.94,-39.34],[177.07,-39.2],[177.39,-39.08],[177.76,-39.08],[177.87,-39.29],[178,-39.13],[177.91,-39.04],[177.94,-38.82],[178.3,-38.54],[178.36,-38.32],[178.32,-38.27],[178.35,-38.01],[178.43,-37.87],[178.56,-37.72],[178.51,-37.65],[178.34,-37.62],[178.28,-37.56],[178.03,-37.55],[177.88,-37.65],[177.74,-37.68],[177.56,-37.91],[177.44,-37.98],[177.15,-38.02],[176.95,-37.93],[176.72,-37.88],[176.52,-37.76],[176.23,-37.67],[176.13,-37.69],[176,-37.63],[175.94,-37.28],[175.9,-37.23],[175.92,-37.08],[175.88,-36.93],[175.78,-36.71],[175.64,-36.77],[175.56,-36.55],[175.44,-36.47],[175.36,-36.53],[175.5,-36.65],[175.52,-36.8],[175.45,-36.87],[175.53,-36.96],[175.6,-37.21],[175.4,-37.22],[175.32,-37.13],[175.33,-37.02],[175.23,-36.94],[175.11,-36.97],[175.08,-36.88],[174.82,-36.82],[174.72,-36.59],[174.76,-36.24],[174.5,-35.99],[174.52,-35.72],[174.57,-35.59],[174.39,-35.42],[174.33,-35.29],[174.2,-35.34],[174.09,-35.27],[173.97,-35.08],[173.89,-35.01],[173.77,-35.01],[173.59,-34.93],[173.55,-34.99],[173.3,-34.91],[173.12,-34.81],[173.05,-34.6],[172.92,-34.55],[173.01,-34.42],[172.74,-34.43],[172.8,-34.55],[173.14,-34.93],[173.2,-35.06],[173.18,-35.16],[173.1,-35.22],[173.86,-36.07],[174.02,-36.27],[174.08,-36.4],[174.28,-36.37],[174.44,-36.41],[174.46,-36.63],[174.36,-36.63],[174.49,-37.01],[174.7,-36.94],[174.83,-36.94],[174.86,-37.08],[174.7,-37.18],[174.64,-37.06],[174.57,-37.09],[174.69,-37.33],[174.85,-37.76],[174.78,-37.97],[174.9,-38.1],[174.71,-38.12],[174.7,-38.33],[174.64,-38.46],[174.64,-38.63],[174.58,-38.84],[174.37,-38.98],[174.21,-38.97],[173.85,-39.13],[173.78,-39.21],[173.78,-39.39],[173.99,-39.54],[174.32,-39.61],[174.57,-39.83],[174.84,-39.86],[174.97,-39.92],[175.16,-40.08],[175.24,-40.34],[175.19,-40.57],[174.93,-40.99],[174.84,-41.04],[174.61,-41.29],[174.74,-41.35],[174.81,-41.23],[174.89,-41.22],[174.87,-41.42],[175.01,-41.39],[175.18,-41.42],[175.22,-41.61],[175.33,-41.61],[175.78,-41.37],[175.97,-41.25],[176.07,-41.14],[176.12,-41.01],[176.22,-40.93],[176.35,-40.7],[176.54,-40.49],[176.61,-40.48],[176.7,-40.29],[176.89,-40.09],[177.01,-39.85],[177.04,-39.66],[176.95,-39.61]]]]},"properties":{"iso_a2":"NZ","name":"New Zealand"}},{"type":"Feature","geometry":{"type":"MultiPolygon","coordinates":[[[[168.14,-21.43],[168.04,-21.46],[167.84,-21.37],[167.88,-21.57],[168.04,-21.66],[168.13,-21.62],[168.14,-21.43]]],[[[167.43,-21.03],[167.39,-20.94],[167.29,-20.9],[167.31,-20.73],[167.16,-20.71],[167.18,-20.83],[167.08,-20.92],[167.07,-21],[167.15,-21.07],[167.27,-21.09],[167.33,-21.16],[167.42,-21.15],[167.43,-21.03]]],[[[167.03,-22.24],[166.94,-22.08],[166.78,-22.01],[166.57,-21.87],[166.43,-21.71],[166.22,-21.6],[166.02,-21.45],[165.75,-21.3],[165.62,-21.27],[165.6,-21.18],[165.41,-21.05],[165.41,-20.95],[165.27,-20.87],[165.22,-20.76],[165.06,-20.73],[164.83,-20.58],[164.73,-20.47],[164.58,-20.39],[164.5,-20.3],[164.32,-20.23],[164.2,-20.26],[164.05,-20.11],[164.04,-20.3],[164.17,-20.34],[164.19,-20.53],[164.29,-20.58],[164.37,-20.76],[164.52,-20.89],[164.66,-20.95],[164.73,-21.06],[164.81,-21.08],[164.83,-21.18],[164.92,-21.28],[165.12,-21.4],[165.29,-21.58],[165.68,-21.76],[165.73,-21.74],[166,-21.96],[166.14,-21.98],[166.11,-22.09],[166.32,-22.17],[166.45,-22.29],[166.51,-22.23],[166.63,-22.28],[166.78,-22.39],[166.88,-22.34],[167.01,-22.33],[167.03,-22.24]]]]},"properties":{"iso_a2":"NC","name":"New Caledonia"}},{"type":"Feature","geometry":{"type":"MultiPolygon","coordinates":[[[[44.26,-20.38],[44.13,-20.5],[44.04,-20.73],[43.97,-20.77],[43.9,-20.88],[43.81,-21.22],[43.74,-21.28],[43.59,-21.27],[43.47,-21.4],[43.47,-21.67],[43.34,-21.77],[43.26,-21.96],[43.22,-22.25],[43.28,-22.43],[43.29,-22.61],[43.36,-22.83],[43.49,-23],[43.58,-23.08],[43.63,-23.34],[43.76,-23.45],[43.73,-23.59],[43.64,-23.64],[43.63,-23.76],[43.66,-23.87],[43.66,-24.18],[43.71,-24.41],[43.84,-24.51],[43.93,-24.65],[43.93,-24.77],[44,-24.86],[44.03,-25],[44.19,-25.07],[44.37,-25.26],[44.73,-25.3],[44.84,-25.34],[44.98,-25.47],[45.09,-25.51],[45.14,-25.58],[45.49,-25.57],[45.67,-25.49],[45.77,-25.41],[46.24,-25.2],[46.39,-25.16],[46.65,-25.18],[46.77,-25.15],[47.09,-24.97],[47.14,-24.81],[47.19,-24.78],[47.31,-24.49],[47.34,-24.32],[47.46,-24.06],[47.57,-23.85],[47.62,-23.59],[47.74,-23.25],[47.76,-23.11],[47.83,-22.9],[47.9,-22.48],[47.95,-22.35],[48.2,-21.8],[48.46,-21.01],[48.46,-20.93],[48.56,-20.58],[48.7,-20.2],[48.82,-19.9],[48.86,-19.68],[48.99,-19.38],[49.08,-19.07],[49.19,-18.84],[49.24,-18.66],[49.36,-18.42],[49.38,-18.23],[49.44,-18.15],[49.41,-18.07],[49.5,-17.8],[49.5,-17.66],[49.43,-17.28],[49.53,-17.04],[49.63,-16.89],[49.78,-16.86],[49.72,-16.71],[49.85,-16.55],[49.83,-16.41],[49.85,-16.21],[49.7,-16.11],[49.68,-16.05],[49.73,-15.91],[49.64,-15.54],[49.75,-15.44],[49.9,-15.42],[49.91,-15.56],[49.98,-15.63],[49.97,-15.72],[50.04,-15.86],[50.17,-15.98],[50.24,-15.96],[50.34,-15.81],[50.43,-15.6],[50.5,-15.32],[50.48,-15.19],[50.36,-15.03],[50.28,-14.88],[50.21,-14.61],[50.19,-14.44],[50.21,-14.29],[50.16,-14.22],[50.17,-14.06],[50.14,-13.78],[50.04,-13.5],[50.03,-13.36],[49.97,-13.33],[49.94,-13.17],[49.94,-13.03],[49.81,-12.8],[49.56,-12.62],[49.59,-12.5],[49.54,-12.38],[49.46,-12.36],[49.35,-12.15],[49.32,-12],[49.26,-11.94],[49.2,-12.05],[49.2,-12.15],[49.12,-12.24],[48.99,-12.33],[48.96,-12.47],[48.85,-12.41],[48.77,-12.45],[48.89,-12.56],[48.87,-12.64],[48.95,-12.8],[48.94,-12.93],[48.84,-13.08],[48.84,-13.26],[48.75,-13.41],[48.6,-13.44],[48.53,-13.51],[48.43,-13.52],[48.33,-13.66],[48.33,-13.78],[48.18,-13.75],[48.14,-13.59],[48.03,-13.52],[47.9,-13.6],[47.88,-13.78],[47.94,-14],[48.05,-14.08],[47.95,-14.16],[47.94,-14.24],[47.81,-14.22],[47.71,-14.37],[47.75,-14.6],[47.69,-14.69],[47.48,-15.08],[47.42,-14.97],[47.5,-14.85],[47.5,-14.71],[47.45,-14.67],[47.29,-14.85],[47.29,-14.92],[47.21,-15.05],[47.09,-15.13],[47.06,-15.22],[47.23,-15.43],[46.97,-15.49],[47.08,-15.34],[46.97,-15.2],[46.88,-15.22],[46.33,-15.63],[46.35,-15.75],[46.3,-15.82],[46.44,-15.88],[46.37,-15.96],[46.29,-15.94],[46.21,-15.82],[46.22,-15.71],[46.07,-15.73],[46.05,-15.83],[45.91,-15.77],[45.8,-15.82],[45.69,-15.78],[45.62,-15.85],[45.64,-15.94],[45.38,-15.97],[45.41,-16.05],[45.33,-16.11],[45.27,-15.92],[45.14,-15.99],[45.04,-16.12],[44.84,-16.22],[44.54,-16.18],[44.45,-16.19],[44.4,-16.37],[44.46,-16.48],[44.42,-16.55],[44.43,-16.7],[44.24,-16.97],[44.18,-17.09],[43.94,-17.46],[43.93,-17.6],[44.04,-17.77],[44,-17.94],[44.04,-18.2],[44.05,-18.43],[44.19,-18.61],[44.26,-18.8],[44.23,-19.05],[44.46,-19.42],[44.48,-19.52],[44.41,-19.61],[44.38,-19.76],[44.48,-19.91],[44.47,-19.99],[44.33,-20.17],[44.26,-20.38]]],[[[48.33,-13.36],[48.33,-13.21],[48.2,-13.27],[48.21,-13.38],[48.33,-13.36]]]]},"properties":{"iso_a2":"MG","name":"Madagascar"}},{"type":"Feature","geometry":{"type":"MultiPolygon","coordinates":[[[[125.79,6.95],[125.78,7.14],[125.71,7.19],[125.67,7.07],[125.79,6.95]]],[[[122.97,7.38],[122.92,7.43],[122.79,7.38],[122.82,7.3],[122.97,7.38]]],[[[126.57,7.3],[126.61,7.47],[126.57,7.63],[126.58,7.72],[126.49,7.75],[126.41,7.83],[126.4,7.93],[126.46,8.23],[126.39,8.29],[126.36,8.53],[126.22,8.56],[126.14,8.65],[126.3,8.77],[126.35,8.85],[126.31,8.96],[126.18,9.09],[126.22,9.31],[126.08,9.24],[126.01,9.29],[125.93,9.49],[125.62,9.63],[125.57,9.76],[125.46,9.81],[125.4,9.68],[125.54,9.19],[125.53,9.03],[125.44,8.98],[125.31,8.99],[125.22,9.09],[125.18,9],[125.19,8.88],[125.12,8.83],[124.9,9],[124.78,8.95],[124.79,8.73],[124.74,8.49],[124.64,8.48],[124.54,8.56],[124.41,8.61],[124.32,8.52],[124.23,8.21],[124.04,8.19],[123.87,8.11],[123.87,8.36],[123.76,8.61],[123.63,8.65],[123.59,8.59],[123.48,8.7],[123.36,8.62],[123.33,8.55],[123.08,8.52],[122.99,8.4],[122.93,8.15],[122.65,8.12],[122.44,8.07],[122.29,8.01],[122.13,7.82],[122.11,7.6],[122.05,7.44],[122.05,7.3],[121.93,7.22],[121.9,7.06],[121.94,6.98],[122.04,6.92],[122.15,6.93],[122.24,7.1],[122.27,7.25],[122.38,7.39],[122.35,7.45],[122.49,7.58],[122.44,7.61],[122.6,7.76],[122.7,7.79],[122.82,7.74],[122.8,7.65],[122.84,7.46],[122.92,7.55],[123,7.47],[123.05,7.66],[123.11,7.73],[123.23,7.52],[123.42,7.37],[123.45,7.45],[123.35,7.57],[123.49,7.66],[123.45,7.8],[123.61,7.84],[123.72,7.8],[123.78,7.72],[123.91,7.7],[124.07,7.6],[124.23,7.37],[124.18,7.23],[124.03,7.12],[123.98,6.97],[123.97,6.82],[124.06,6.65],[124.03,6.54],[124.1,6.37],[124.25,6.19],[124.42,6.11],[124.73,5.94],[124.94,5.86],[125.09,5.89],[125.17,6.11],[125.25,6.09],[125.26,5.95],[125.18,5.8],[125.3,5.67],[125.3,5.59],[125.42,5.6],[125.67,5.95],[125.71,6.15],[125.57,6.52],[125.38,6.67],[125.4,6.81],[125.48,6.91],[125.51,7.02],[125.66,7.13],[125.67,7.26],[125.81,7.35],[125.98,6.94],[126.08,6.84],[126.1,6.51],[126.14,6.39],[126.21,6.39],[126.27,6.89],[126.35,7],[126.47,7],[126.48,7.07],[126.61,7.26],[126.57,7.3]]],[[[125.3,9.97],[125.22,10.13],[125.15,10.07],[125.3,9.97]]],[[[124.6,11.56],[124.54,11.68],[124.37,11.68],[124.46,11.49],[124.59,11.48],[124.6,11.56]]],[[[122.3,18.4],[122.24,18.52],[122.15,18.52],[122.11,18.39],[121.98,18.29],[121.85,18.29],[121.55,18.4],[121.11,18.64],[120.93,18.57],[120.85,18.64],[120.77,18.56],[120.61,18.54],[120.56,18.47],[120.59,18.36],[120.47,18.09],[120.35,17.68],[120.33,17.56],[120.44,17.42],[120.4,17.22],[120.43,16.96],[120.31,16.78],[120.28,16.61],[120.31,16.55],[120.34,16.29],[120.4,16.17],[120.31,16.05],[120.19,16.03],[120.11,16.07],[120.09,16.15],[119.9,16.25],[119.93,16.35],[119.85,16.38],[119.78,16.32],[119.76,15.95],[119.88,15.92],[119.92,15.69],[119.9,15.6],[119.96,15.51],[119.89,15.43],[120.01,15.27],[120.05,15.06],[120.05,14.93],[120.09,14.79],[120.24,14.73],[120.37,14.62],[120.4,14.46],[120.57,14.44],[120.6,14.51],[120.54,14.7],[120.55,14.84],[120.64,14.79],[120.83,14.76],[120.94,14.67],[120.97,14.5],[120.88,14.46],[120.59,14.2],[120.62,14.08],[120.62,13.85],[120.72,13.86],[120.75,13.93],[120.88,13.91],[120.93,13.78],[121.04,13.76],[121.05,13.63],[121.14,13.64],[121.28,13.6],[121.46,13.7],[121.43,13.8],[121.49,13.85],[121.69,13.93],[121.83,13.9],[122.06,13.81],[122.21,13.61],[122.32,13.59],[122.5,13.37],[122.51,13.24],[122.59,13.17],[122.69,13.23],[122.67,13.38],[122.6,13.51],[122.62,13.55],[122.5,13.65],[122.52,13.93],[122.74,13.82],[122.86,13.7],[122.82,13.65],[122.97,13.53],[123.17,13.45],[123.19,13.36],[123.3,13.24],[123.28,13.12],[123.31,13.01],[123.44,13.04],[123.6,12.9],[123.73,12.85],[123.82,12.88],[123.88,12.97],[124.01,12.96],[124.02,12.89],[123.82,12.83],[123.88,12.65],[123.98,12.55],[124.1,12.56],[124.14,12.8],[124.07,13.02],[123.99,13.09],[123.77,13.22],[123.67,13.49],[123.53,13.63],[123.59,13.73],[123.8,13.69],[123.9,13.79],[123.77,13.86],[123.44,13.94],[123.31,14.05],[123.28,13.94],[123.32,13.82],[123.27,13.75],[123.11,13.72],[123.05,13.78],[123.08,13.99],[123.01,14.11],[122.85,14.28],[122.75,14.33],[122.68,14.3],[122.53,14.35],[122.38,14.29],[122.27,14.13],[122.29,14.02],[122.2,14],[122.23,13.91],[121.94,14],[121.73,14.19],[121.74,14.33],[121.66,14.42],[121.61,14.61],[121.65,14.71],[121.73,14.72],[121.51,15.06],[121.48,15.18],[121.38,15.31],[121.64,15.72],[121.56,15.83],[121.57,15.92],[121.75,16.08],[121.96,16.14],[122.2,16.26],[122.21,16.42],[122.3,16.57],[122.47,16.9],[122.53,17.09],[122.42,17.15],[122.42,17.32],[122.25,17.36],[122.16,17.62],[122.14,17.8],[122.18,17.98],[122.17,18.11],[122.31,18.25],[122.3,18.4]]],[[[120.25,5.27],[120.2,5.35],[120.09,5.26],[119.97,5.22],[119.83,5.14],[119.82,5.06],[119.95,5.08],[120.11,5.2],[120.23,5.13],[120.25,5.27]]],[[[122.3,6.63],[122.07,6.74],[121.94,6.68],[121.84,6.67],[121.88,6.5],[121.96,6.41],[122.19,6.45],[122.3,6.63]]],[[[117.09,8.06],[117.01,8.06],[116.96,7.93],[117,7.82],[117.09,7.92],[117.09,8.06]]],[[[124.78,9.2],[124.65,9.22],[124.67,9.13],[124.8,9.1],[124.78,9.2]]],[[[123.7,9.16],[123.66,9.29],[123.48,9.17],[123.64,9.1],[123.7,9.16]]],[[[126.17,9.83],[126.08,10.06],[125.98,9.9],[126.03,9.77],[126.12,9.76],[126.17,9.83]]],[[[124.57,9.87],[124.59,10.02],[124.33,10.16],[124.16,10.13],[124.05,9.98],[123.89,9.91],[123.81,9.8],[123.89,9.63],[124.07,9.6],[124.29,9.61],[124.41,9.66],[124.57,9.87]]],[[[125.72,9.91],[125.71,10.07],[125.66,10.26],[125.69,10.4],[125.52,10.32],[125.54,10.22],[125.5,10.1],[125.61,9.97],[125.72,9.91]]],[[[119.95,10.6],[119.85,10.65],[119.78,10.54],[119.81,10.45],[119.99,10.54],[119.95,10.6]]],[[[122.71,10.74],[122.58,10.67],[122.53,10.59],[122.53,10.43],[122.63,10.44],[122.74,10.64],[122.71,10.74]]],[[[123.57,10.83],[123.54,10.91],[123.21,11],[122.97,10.88],[122.97,10.72],[122.91,10.6],[122.82,10.53],[122.87,10.35],[122.88,10.14],[122.71,9.99],[122.46,9.97],[122.4,9.84],[122.4,9.7],[122.6,9.43],[122.87,9.32],[122.93,9.12],[123.03,9.04],[123.23,9.11],[123.3,9.22],[123.32,9.34],[123.19,9.53],[123.14,9.55],[123.17,9.7],[123.16,9.87],[123.29,10.09],[123.38,10.42],[123.49,10.55],[123.57,10.83]]],[[[124.05,10.83],[124.04,11.13],[123.92,11.03],[123.92,10.94],[123.85,10.75],[123.77,10.64],[123.71,10.46],[123.6,10.32],[123.51,10.12],[123.38,9.94],[123.31,9.51],[123.37,9.43],[123.49,9.57],[123.51,9.65],[123.64,9.96],[123.64,10.04],[123.81,10.24],[123.97,10.33],[124.04,10.48],[124.05,10.63],[124.02,10.75],[124.05,10.83]]],[[[119.67,10.55],[119.65,10.68],[119.6,10.72],[119.59,10.84],[119.52,10.84],[119.52,11.12],[119.57,11.3],[119.52,11.36],[119.42,11.3],[119.39,11.17],[119.42,11.06],[119.32,11],[119.22,10.85],[119.35,10.72],[119.28,10.51],[119.15,10.4],[119.07,10.39],[118.95,10.22],[118.82,10.2],[118.53,9.77],[118.35,9.64],[118.28,9.52],[118.15,9.4],[118.13,9.34],[117.99,9.26],[117.9,9.26],[117.8,9.16],[117.75,9.07],[117.66,9.06],[117.45,8.79],[117.29,8.64],[117.22,8.5],[117.22,8.36],[117.38,8.49],[117.51,8.51],[117.59,8.67],[117.77,8.7],[118.06,8.95],[118.13,9.13],[118.37,9.19],[118.5,9.31],[118.73,9.65],[118.79,9.79],[118.75,9.89],[118.88,9.97],[119.07,10.01],[119.2,10.06],[119.24,10.18],[119.36,10.33],[119.45,10.37],[119.56,10.37],[119.71,10.5],[119.67,10.55]]],[[[125.27,10.32],[125.2,10.43],[125.19,10.6],[125.01,10.8],[125.05,10.97],[125.03,11.18],[124.97,11.29],[124.98,11.38],[124.85,11.43],[124.74,11.33],[124.63,11.3],[124.55,11.41],[124.48,11.39],[124.34,11.55],[124.31,11.47],[124.4,11.3],[124.42,11.12],[124.39,11.07],[124.44,10.94],[124.51,10.87],[124.62,11],[124.78,10.82],[124.8,10.66],[124.74,10.4],[124.79,10.3],[124.78,10.15],[124.88,10.14],[125.02,10.03],[125,10.2],[125.27,10.32]]],[[[123.17,11.48],[123.12,11.55],[122.9,11.44],[122.86,11.59],[122.73,11.59],[122.62,11.51],[122.39,11.73],[122.12,11.82],[121.96,11.93],[121.9,11.89],[121.88,11.76],[122.08,11.73],[122.11,11.66],[122.05,11.23],[122.05,11.02],[121.94,10.78],[121.99,10.63],[121.93,10.51],[122.04,10.47],[122.1,10.57],[122.23,10.64],[122.59,10.7],[122.63,10.77],[122.76,10.81],[122.78,10.96],[122.84,11.02],[123.02,11.09],[123.11,11.27],[123.17,11.48]]],[[[120.03,11.89],[119.93,11.96],[119.85,11.95],[119.96,11.74],[120.01,11.68],[120.08,11.79],[120.03,11.89]]],[[[120.35,12.03],[120.29,12.14],[120.17,12.13],[120.01,12.26],[119.87,12.23],[120,12.01],[120.14,12.03],[120.24,11.99],[120.35,12.03]]],[[[122.69,12.4],[122.65,12.47],[122.48,12.49],[122.51,12.38],[122.63,12.28],[122.69,12.4]]],[[[125.71,11.15],[125.6,11.19],[125.57,11.27],[125.64,11.37],[125.56,11.43],[125.47,11.61],[125.5,11.68],[125.45,11.91],[125.52,12.05],[125.47,12.14],[125.5,12.25],[125.36,12.29],[125.35,12.4],[125.17,12.58],[125.05,12.53],[124.97,12.58],[124.87,12.53],[124.68,12.52],[124.41,12.56],[124.28,12.53],[124.39,12.22],[124.49,12.1],[124.68,12.03],[124.79,11.86],[124.93,11.74],[125.04,11.76],[124.95,11.57],[124.83,11.51],[125,11.42],[125,11.29],[125.13,11.28],[125.2,11.23],[125.21,11.13],[125.32,11.15],[125.4,11.11],[125.54,11.15],[125.71,11.15]]],[[[124.06,11.8],[124.04,11.99],[123.88,12.21],[123.77,12.21],[123.7,12.32],[123.55,12.46],[123.34,12.56],[123.23,12.58],[123.27,12.42],[123.22,12.27],[123.28,12.16],[123.21,12.12],[123.18,11.93],[123.36,12.1],[123.42,12.2],[123.54,12.19],[123.62,12.08],[123.84,11.91],[124.06,11.8]]],[[[122.12,12.67],[121.99,12.57],[121.99,12.44],[121.92,12.3],[122,12.21],[122.08,12.32],[122.14,12.56],[122.12,12.67]]],[[[123.79,12.38],[123.7,12.63],[123.58,12.62],[123.73,12.41],[123.79,12.38]]],[[[123.28,12.87],[123.16,12.94],[123.02,13.14],[122.94,13.1],[123.19,12.86],[123.28,12.87]]],[[[121.53,12.7],[121.49,12.77],[121.48,13.02],[121.55,13.09],[121.45,13.14],[121.43,13.22],[121.22,13.4],[121.04,13.41],[120.95,13.53],[120.74,13.47],[120.71,13.49],[120.4,13.53],[120.32,13.49],[120.34,13.39],[120.44,13.43],[120.5,13.27],[120.64,13.18],[120.76,13],[120.8,12.73],[120.91,12.64],[120.92,12.51],[121.09,12.32],[121.13,12.24],[121.27,12.27],[121.43,12.38],[121.44,12.52],[121.55,12.64],[121.53,12.7]]],[[[122.1,13.42],[122.1,13.48],[121.91,13.52],[121.81,13.45],[121.82,13.34],[121.99,13.2],[122.12,13.36],[122.1,13.42]]],[[[124.42,13.87],[124.28,13.96],[124.2,14.09],[124.13,14.05],[124.12,13.78],[124.03,13.67],[124.17,13.53],[124.29,13.6],[124.39,13.71],[124.42,13.87]]],[[[122.01,15.01],[121.84,15.05],[121.82,14.95],[121.93,14.77],[122.03,14.74],[121.97,14.91],[122.01,15.01]]],[[[121.53,19.32],[121.53,19.38],[121.4,19.4],[121.4,19.3],[121.53,19.32]]],[[[121.38,6.01],[121.04,6.1],[120.91,6.02],[120.93,5.89],[121.08,5.89],[121.19,5.94],[121.3,5.87],[121.39,5.91],[121.38,6.01]]]]},"properties":{"iso_a2":"PH","name":"Philippines"}},{"type":"Feature","geometry":{"type":"Polygon","coordinates":[[[81.88,7.09],[81.88,7.33],[81.86,7.41],[81.76,7.51],[81.76,7.62],[81.64,7.73],[81.57,7.99],[81.45,8.13],[81.37,8.48],[81.21,8.47],[81.23,8.65],[81.09,8.85],[80.93,9.02],[80.83,9.24],[80.74,9.36],[80.41,9.62],[80.23,9.83],[79.99,9.82],[79.91,9.77],[79.95,9.69],[80.11,9.61],[80.17,9.65],[80.43,9.5],[80.29,9.45],[80.19,9.49],[80.05,9.39],[80.12,9.23],[80.05,9.03],[79.95,8.95],[79.93,8.8],[79.94,8.64],[79.87,8.54],[79.82,8.27],[79.83,8.14],[79.76,7.99],[79.76,7.87],[79.8,7.66],[79.79,7.59],[79.83,7.23],[79.81,7.18],[79.86,7.01],[79.86,6.81],[79.97,6.54],[80.03,6.27],[80.09,6.14],[80.19,6.04],[80.47,5.94],[80.59,5.92],[80.71,5.96],[80.81,6.04],[81.11,6.12],[81.36,6.23],[81.68,6.46],[81.78,6.61],[81.89,6.98],[81.88,7.09]]]},"properties":{"iso_a2":"LK","name":"Sri Lanka"}},{"type":"Feature","geometry":{"type":"Polygon","coordinates":[[[-68.78,12.1],[-68.83,12.17],[-68.96,12.2],[-69.06,12.32],[-69.16,12.29],[-68.94,12.11],[-68.79,12.04],[-68.78,12.1]]]},"properties":{"iso_a2":"CW","name":"Curaçao"}},{"type":"Feature","geometry":{"type":"Polygon","coordinates":[[[-70,12.58],[-70.06,12.55],[-69.96,12.46],[-69.94,12.53],[-70,12.58]]]},"properties":{"iso_a2":"AW","name":"Aruba"}},{"type":"Feature","geometry":{"type":"MultiPolygon","coordinates":[[[[-73.14,22.36],[-72.88,22.36],[-73.13,22.46],[-73.14,22.36]]],[[[-73.65,21.06],[-73.68,20.94],[-73.49,20.92],[-73.35,20.96],[-73.23,20.95],[-73.13,20.99],[-73.03,21.16],[-73.01,21.29],[-73.05,21.33],[-73.16,21.17],[-73.25,21.14],[-73.43,21.19],[-73.51,21.19],[-73.65,21.06]]],[[[-74,22.66],[-73.87,22.54],[-73.91,22.48],[-74.08,22.39],[-74.01,22.33],[-73.86,22.48],[-73.84,22.72],[-74,22.66]]],[[[-75.8,23.54],[-75.98,23.68],[-75.99,23.6],[-75.87,23.53],[-75.8,23.54]]],[[[-77.53,23.93],[-77.55,24.13],[-77.68,24.1],[-77.74,24.16],[-77.64,24.24],[-77.67,24.3],[-77.84,24.21],[-77.94,24.1],[-77.86,24.06],[-77.81,23.88],[-77.7,23.79],[-77.57,23.74],[-77.53,23.93]]],[[[-78.35,24.66],[-78.44,24.62],[-78.35,24.53],[-78.18,24.47],[-78.08,24.38],[-78.05,24.29],[-77.91,24.35],[-77.72,24.5],[-77.75,24.72],[-77.87,24.84],[-77.99,25.01],[-77.98,25.14],[-78.04,25.18],[-78.21,25.19],[-78.16,25],[-78.21,24.86],[-78.29,24.78],[-78.2,24.62],[-78.25,24.57],[-78.35,24.66]]],[[[-78.59,26.54],[-78.54,26.57],[-77.9,26.68],[-77.96,26.74],[-78.29,26.69],[-78.58,26.7],[-78.71,26.57],[-78.59,26.54]]],[[[-77.81,26.91],[-77.49,26.82],[-77.43,26.7],[-77.31,26.6],[-77.16,26.56],[-77.25,26.31],[-77.23,26.15],[-77.39,26.01],[-77.19,25.92],[-77.17,26.25],[-77.01,26.32],[-77.06,26.53],[-77.24,26.61],[-77.51,26.87],[-77.77,26.93],[-77.81,26.91]]]]},"properties":{"iso_a2":"BS","name":"Bahamas"}},{"type":"Feature","geometry":{"type":"Polygon","coordinates":[[[-71.8,21.79],[-71.74,21.8],[-71.63,21.77],[-71.68,21.84],[-71.81,21.84],[-71.8,21.79]]]},"properties":{"iso_a2":"TC","name":"Turks & Caicos Is"}},{"type":"Feature","geometry":{"type":"Polygon","coordinates":[[[121.91,24.95],[121.89,25.11],[121.72,25.15],[121.6,25.27],[121.44,25.24],[121.37,25.16],[121.06,25.05],[120.93,24.89],[120.85,24.71],[120.7,24.61],[120.65,24.48],[120.57,24.41],[120.41,24.1],[120.19,23.78],[120.12,23.52],[120.13,23.36],[120.06,23.15],[120.17,23.01],[120.16,22.95],[120.24,22.66],[120.33,22.52],[120.51,22.43],[120.62,22.3],[120.7,22.11],[120.7,21.98],[120.84,21.93],[120.88,22.06],[120.88,22.29],[120.95,22.53],[121.02,22.65],[121.19,22.79],[121.4,23.15],[121.46,23.34],[121.52,23.66],[121.63,24.03],[121.66,24.19],[121.77,24.31],[121.78,24.43],[121.86,24.55],[121.82,24.64],[121.82,24.86],[121.91,24.95]]]},"properties":{"iso_a2":"TW","name":"Taiwan"}},{"type":"Feature","geometry":{"type":"MultiPolygon","coordinates":[[[[131.66,32.48],[131.71,32.59],[131.98,32.8],[132.03,32.92],[131.9,32.98],[131.93,33.07],[131.81,33.13],[131.87,33.2],[131.71,33.27],[131.51,33.27],[131.7,33.41],[131.73,33.58],[131.67,33.67],[131.52,33.68],[131.42,33.58],[131.28,33.58],[131.06,33.65],[131.01,33.75],[130.99,33.9],[130.83,33.94],[130.68,33.93],[130.45,33.81],[130.39,33.6],[130.16,33.53],[130.02,33.45],[129.85,33.53],[129.79,33.46],[129.81,33.35],[129.58,33.37],[129.55,33.23],[129.68,33.09],[129.64,32.93],[129.77,32.81],[129.9,32.66],[129.96,32.74],[130.09,32.8],[130.21,32.73],[130.13,32.64],[130.18,32.59],[130.34,32.67],[130.37,32.74],[130.34,32.86],[130.24,32.88],[130.22,32.98],[130.13,33.1],[130.22,33.16],[130.37,33.14],[130.42,33.09],[130.43,32.94],[130.59,32.82],[130.57,32.69],[130.64,32.65],[130.57,32.56],[130.56,32.43],[130.48,32.35],[130.33,32.13],[130.18,32.09],[130.22,31.93],[130.17,31.79],[130.34,31.63],[130.29,31.45],[130.2,31.35],[130.22,31.25],[130.45,31.25],[130.54,31.16],[130.64,31.19],[130.66,31.26],[130.57,31.32],[130.52,31.45],[130.61,31.68],[130.69,31.73],[130.81,31.69],[130.8,31.61],[130.7,31.55],[130.7,31.46],[130.79,31.34],[130.74,31.12],[130.79,31.08],[130.92,31.11],[131.06,31.23],[131.1,31.33],[131.07,31.45],[131.21,31.46],[131.35,31.4],[131.48,31.76],[131.45,31.88],[131.66,32.48]]],[[[134.69,33.83],[134.7,33.95],[134.6,34.01],[134.63,34.23],[134.44,34.21],[134.26,34.29],[134.15,34.39],[134.08,34.35],[133.96,34.37],[133.67,34.22],[133.62,34.05],[133.51,33.97],[133.32,33.99],[133.13,33.93],[132.94,34.14],[132.92,34.07],[132.77,34],[132.71,33.91],[132.68,33.72],[132.5,33.63],[132.38,33.47],[132.42,33.3],[132.54,33.24],[132.46,33.07],[132.47,32.93],[132.71,32.91],[132.62,32.8],[132.81,32.74],[132.92,32.78],[133.02,33.02],[133.1,33.05],[133.25,33.22],[133.27,33.35],[133.42,33.39],[133.47,33.45],[133.74,33.54],[133.93,33.49],[134.19,33.25],[134.27,33.51],[134.39,33.62],[134.69,33.83]]],[[[133.42,34.45],[133.47,34.42],[133.7,34.53],[133.82,34.46],[133.94,34.45],[133.98,34.53],[134.18,34.61],[134.25,34.72],[134.33,34.7],[134.52,34.76],[134.74,34.77],[134.96,34.64],[135.05,34.63],[135.34,34.71],[135.41,34.56],[135.32,34.43],[135.21,34.34],[135.1,34.32],[135.19,34.14],[135.09,34.07],[135.08,33.91],[135.2,33.82],[135.39,33.71],[135.33,33.67],[135.45,33.55],[135.77,33.48],[135.96,33.59],[136.1,33.89],[136.27,33.97],[136.24,34.06],[136.3,34.15],[136.52,34.27],[136.85,34.31],[136.92,34.38],[136.86,34.48],[136.57,34.6],[136.54,34.77],[136.62,34.85],[136.66,34.98],[136.73,35.03],[136.82,34.96],[136.83,34.87],[136.92,34.78],[137.28,34.81],[137.31,34.74],[137.17,34.66],[137.14,34.59],[137.43,34.67],[137.68,34.67],[137.79,34.64],[138.05,34.66],[138.19,34.6],[138.22,34.71],[138.34,34.83],[138.37,34.92],[138.51,34.98],[138.55,35.1],[138.7,35.14],[138.8,35.12],[138.74,34.73],[138.84,34.6],[138.94,34.66],[139.14,34.87],[139.09,35],[139.09,35.11],[139.15,35.24],[139.23,35.28],[139.42,35.32],[139.53,35.3],[139.66,35.38],[139.78,35.5],[139.81,35.64],[139.95,35.67],[140.08,35.6],[140.01,35.47],[139.85,35.38],[139.82,35.2],[139.87,35.01],[139.99,35.02],[140.14,35.12],[140.32,35.13],[140.39,35.2],[140.39,35.38],[140.48,35.57],[140.66,35.69],[140.84,35.74],[140.65,36.01],[140.58,36.16],[140.56,36.28],[140.62,36.34],[140.64,36.54],[140.69,36.62],[140.8,36.89],[140.96,36.97],[141.01,37.13],[141.04,37.38],[141.02,37.73],[140.93,37.89],[140.93,38.05],[141.02,38.24],[141.2,38.39],[141.47,38.44],[141.55,38.52],[141.47,38.57],[141.57,38.72],[141.52,38.77],[141.64,38.89],[141.64,38.99],[141.81,39.03],[141.91,39.11],[141.91,39.33],[142.07,39.54],[141.98,39.65],[142.01,39.75],[141.94,39.92],[141.85,40.06],[141.88,40.14],[141.74,40.38],[141.44,40.67],[141.39,40.93],[141.39,41.16],[141.45,41.37],[141.28,41.35],[141.11,41.46],[140.91,41.5],[140.84,41.42],[140.77,41.15],[140.98,41.2],[141.06,41.18],[141.21,41.27],[141.27,41.19],[141.19,40.91],[141.11,40.87],[140.98,40.94],[140.8,40.84],[140.67,40.9],[140.59,41.22],[140.48,41.18],[140.33,41.24],[140.32,41.03],[140.27,40.81],[140.11,40.74],[140.05,40.77],[139.86,40.61],[139.94,40.55],[139.95,40.42],[140.02,40.35],[139.98,40.13],[139.82,39.96],[139.88,39.89],[140.03,39.83],[140.06,39.73],[140.05,39.51],[140,39.33],[139.93,39.29],[139.77,38.82],[139.6,38.65],[139.46,38.38],[139.43,38.17],[139.31,38.04],[139.06,37.95],[138.86,37.83],[138.77,37.64],[138.55,37.38],[138.25,37.18],[138.1,37.17],[137.9,37.06],[137.43,36.92],[137.33,36.76],[137.16,36.76],[137.01,36.84],[137.05,37.08],[136.88,37.07],[136.93,37.22],[137.01,37.19],[137.11,37.28],[137.23,37.29],[137.3,37.53],[137.11,37.49],[136.94,37.4],[136.75,37.36],[136.67,37.15],[136.77,36.98],[136.76,36.87],[136.64,36.66],[136.43,36.43],[136.14,36.23],[135.96,35.97],[136.1,35.78],[135.96,35.73],[135.95,35.63],[135.71,35.56],[135.72,35.49],[135.51,35.5],[135.45,35.57],[135.35,35.49],[135.19,35.57],[135.3,35.69],[135.23,35.77],[135.08,35.74],[134.93,35.64],[134.54,35.67],[134.24,35.55],[133.73,35.5],[133.58,35.53],[133.42,35.46],[133.27,35.55],[133.1,35.6],[132.97,35.52],[132.87,35.51],[132.64,35.44],[132.62,35.28],[132.41,35.17],[132.32,35.06],[132.24,35.03],[131.75,34.67],[131.6,34.66],[131.46,34.52],[131.41,34.42],[131.24,34.38],[131.07,34.42],[130.96,34.4],[130.87,34.28],[130.92,34.18],[130.87,34.13],[130.93,33.95],[131.04,34.05],[131.18,33.93],[131.27,33.93],[131.38,34.03],[131.74,34.06],[132.06,33.9],[132.21,33.99],[132.22,34.24],[132.38,34.37],[132.5,34.36],[132.56,34.22],[132.66,34.2],[132.84,34.31],[133.07,34.32],[133.17,34.29],[133.25,34.43],[133.34,34.35],[133.42,34.45]]],[[[145.77,43.39],[145.68,43.38],[145.47,43.25],[145.32,43.28],[145.2,43.62],[145.07,43.78],[145.17,43.99],[145.35,44.21],[145.2,44.21],[145.05,44.12],[144.83,43.94],[144.74,43.92],[144.38,43.96],[144.22,44.11],[144,44.13],[143.78,44.1],[143.68,44.18],[143.41,44.32],[142.98,44.59],[142.71,44.81],[142.54,45.02],[142.22,45.3],[142.06,45.4],[141.96,45.51],[141.82,45.42],[141.69,45.4],[141.58,45.25],[141.59,45.16],[141.72,44.96],[141.78,44.77],[141.79,44.6],[141.75,44.42],[141.66,44.28],[141.67,44.07],[141.64,43.94],[141.53,43.84],[141.4,43.8],[141.34,43.71],[141.39,43.58],[141.37,43.5],[141.44,43.36],[141.37,43.25],[141.23,43.15],[141.02,43.18],[140.99,43.23],[140.81,43.19],[140.49,43.37],[140.36,43.33],[140.34,43.21],[140.53,43.02],[140.26,42.76],[140.18,42.81],[140.05,42.69],[139.88,42.66],[139.85,42.47],[139.77,42.31],[139.79,42.25],[140.06,42.08],[140.14,41.97],[140.13,41.82],[140.02,41.7],[139.98,41.56],[140.04,41.44],[140.21,41.4],[140.28,41.48],[140.4,41.51],[140.45,41.68],[140.6,41.74],[140.69,41.83],[140.78,41.77],[141.01,41.71],[141.19,41.79],[141.11,41.87],[140.97,41.91],[140.71,42.13],[140.55,42.11],[140.29,42.26],[140.29,42.35],[140.38,42.51],[140.53,42.58],[140.73,42.56],[141.02,42.32],[141.09,42.39],[141.43,42.56],[141.73,42.62],[141.93,42.56],[142.06,42.47],[142.17,42.46],[142.46,42.27],[142.76,42.16],[142.96,42.11],[143.23,41.93],[143.34,42.15],[143.35,42.32],[143.64,42.66],[143.89,42.84],[144.04,42.93],[144.32,43],[144.5,42.93],[144.74,42.92],[144.75,43.01],[145,42.99],[145.13,43.12],[145.3,43.17],[145.52,43.18],[145.63,43.31],[145.77,43.39]]],[[[123.82,24.39],[123.68,24.29],[123.87,24.26],[123.94,24.34],[123.82,24.39]]],[[[124.33,24.58],[124.14,24.34],[124.24,24.36],[124.33,24.58]]],[[[125.39,24.78],[125.28,24.86],[125.26,24.73],[125.39,24.78]]],[[[128.34,26.8],[128.23,26.8],[128.01,26.64],[127.88,26.69],[127.94,26.53],[127.73,26.44],[127.74,26.32],[127.64,26.19],[127.65,26.08],[127.8,26.14],[127.78,26.23],[127.94,26.45],[128.16,26.62],[128.24,26.63],[128.34,26.8]]],[[[129.71,28.46],[129.69,28.51],[129.23,28.31],[129.24,28.21],[129.34,28.15],[129.42,28.25],[129.55,28.33],[129.71,28.46]]],[[[130.68,30.38],[130.5,30.47],[130.39,30.34],[130.44,30.24],[130.58,30.24],[130.68,30.38]]],[[[131.05,30.84],[130.94,30.67],[130.93,30.54],[130.85,30.47],[130.89,30.34],[131.04,30.56],[131.08,30.7],[131.05,30.84]]],[[[130.16,32.55],[130.04,32.52],[129.98,32.35],[130.13,32.27],[130.21,32.35],[130.16,32.55]]],[[[128.88,32.67],[128.81,32.77],[128.7,32.74],[128.6,32.61],[128.74,32.6],[128.88,32.67]]],[[[129.31,34.28],[129.2,34.32],[129.17,34.15],[129.28,34.13],[129.31,34.28]]],[[[135,34.61],[134.8,34.45],[134.66,34.29],[134.73,34.19],[134.96,34.27],[134.9,34.42],[135.03,34.58],[135,34.61]]],[[[129.45,34.62],[129.32,34.65],[129.27,34.36],[129.45,34.52],[129.45,34.62]]],[[[133.37,36.27],[133.29,36.34],[133.19,36.22],[133.33,36.16],[133.37,36.27]]],[[[138.46,38.07],[138.52,38.31],[138.31,38.17],[138.24,38.07],[138.29,37.91],[138.26,37.8],[138.49,37.89],[138.57,38.07],[138.46,38.07]]],[[[134.37,34.55],[134.2,34.51],[134.26,34.42],[134.35,34.43],[134.37,34.55]]]]},"properties":{"iso_a2":"JP","name":"Japan"}},{"type":"Feature","geometry":{"type":"Polygon","coordinates":[[[-56.27,46.9],[-56.31,46.98],[-56.25,47.05],[-56.4,47.1],[-56.27,46.9]]]},"properties":{"iso_a2":"PM","name":"St Pierre & Miquelon"}},{"type":"Feature","geometry":{"type":"Polygon","coordinates":[[[-14.56,66.39],[-14.92,66.39],[-15.11,66.28],[-15.3,66.27],[-15.36,66.16],[-15.77,66.29],[-15.74,66.41],[-15.92,66.42],[-16.02,66.54],[-16.54,66.51],[-16.42,66.29],[-16.49,66.19],[-16.92,66.12],[-16.99,66.2],[-17.22,66.19],[-17.42,65.99],[-17.59,65.99],[-17.91,66.15],[-18.3,66.18],[-18.33,66.1],[-18.23,65.94],[-18.54,65.97],[-18.55,66.08],[-18.85,66.21],[-19.16,66.1],[-19.36,66.09],[-19.5,65.98],[-19.4,65.84],[-19.63,65.75],[-19.71,65.87],[-19.88,65.91],[-20.11,66.12],[-20.41,66.09],[-20.45,66.03],[-20.27,65.77],[-20.29,65.67],[-20.53,65.51],[-20.74,65.67],[-20.92,65.6],[-21.19,65.41],[-21.37,65.49],[-21.3,65.56],[-21.44,65.64],[-21.28,65.86],[-21.32,65.99],[-21.72,66.08],[-21.75,66.19],[-21.98,66.28],[-22.21,66.29],[-22.27,66.38],[-22.57,66.47],[-22.85,66.47],[-23.02,66.39],[-22.7,66.29],[-22.98,66.23],[-22.87,66.16],[-22.45,66.08],[-22.98,66.03],[-23.02,66.1],[-23.46,66.2],[-23.79,66.07],[-23.87,65.88],[-24.05,65.8],[-24.09,65.65],[-24.28,65.64],[-24.48,65.49],[-24.2,65.5],[-23.9,65.41],[-23.66,65.46],[-22.93,65.57],[-22.78,65.51],[-22.59,65.54],[-22.01,65.38],[-22.31,65.3],[-22.56,65.17],[-22.03,65.11],[-21.74,65.16],[-21.83,65.04],[-22.15,65.03],[-22.76,65.07],[-22.84,65.01],[-23.21,65.02],[-23.22,64.95],[-23.85,64.93],[-24.06,64.89],[-23.83,64.73],[-23.46,64.79],[-22.78,64.79],[-22.53,64.81],[-22.18,64.46],[-21.96,64.3],[-21.79,64.22],[-22.04,64.05],[-22.69,63.95],[-22.72,63.83],[-22.34,63.86],[-22.07,63.84],[-21.79,63.87],[-21.66,63.83],[-21.17,63.88],[-20.47,63.7],[-20.19,63.54],[-19.77,63.53],[-19.3,63.44],[-18.73,63.4],[-18.13,63.48],[-17.96,63.52],[-17.82,63.67],[-17.86,63.74],[-16.9,63.81],[-16.61,63.87],[-16.35,63.97],[-15.99,64.14],[-15.46,64.25],[-14.95,64.32],[-14.7,64.43],[-14.51,64.44],[-14.49,64.66],[-14.05,64.72],[-13.87,64.8],[-13.53,65.06],[-13.52,65.16],[-13.69,65.31],[-13.61,65.51],[-13.82,65.54],[-14.38,65.71],[-14.69,65.75],[-14.82,65.82],[-14.6,65.95],[-14.68,66.06],[-15.08,66.05],[-15.18,66.11],[-14.96,66.19],[-14.96,66.3],[-14.56,66.39]]]},"properties":{"iso_a2":"IS","name":"Iceland"}},{"type":"Feature","geometry":{"type":"Polygon","coordinates":[[[-128.33,-24.32],[-128.35,-24.34],[-128.32,-24.4],[-128.29,-24.4],[-128.3,-24.33],[-128.33,-24.32]]]},"properties":{"iso_a2":"PN","name":"Pitcairn"}},{"type":"Feature","geometry":{"type":"MultiPolygon","coordinates":[[[[-149.18,-17.73],[-149.3,-17.71],[-149.35,-17.54],[-149.43,-17.5],[-149.6,-17.53],[-149.64,-17.6],[-149.59,-17.73],[-149.45,-17.76],[-149.34,-17.73],[-149.28,-17.84],[-149.19,-17.87],[-149.18,-17.73]]],[[[-151.48,-16.74],[-151.46,-16.9],[-151.35,-16.86],[-151.48,-16.74]]],[[[-138.84,-9.74],[-139.05,-9.7],[-139.05,-9.81],[-138.92,-9.81],[-138.84,-9.74]]],[[[-140.05,-8.82],[-140.22,-8.78],[-140.23,-8.93],[-140.1,-8.92],[-140.05,-8.82]]]]},"properties":{"iso_a2":"PF","name":"French Polynesia"}},{"type":"Feature","geometry":{"type":"MultiPolygon","coordinates":[[[[69.19,-48.99],[69.31,-49.07],[69.39,-48.96],[69.34,-48.88],[69.19,-48.99]]],[[[70.55,-49.18],[70.52,-49.1],[70.27,-49.08],[69.85,-49.21],[69.71,-49.31],[69.5,-49.24],[69.47,-49.15],[69.64,-49.12],[69.52,-48.99],[69.22,-49.12],[69.08,-48.97],[69.16,-48.85],[69.12,-48.73],[68.96,-48.67],[68.9,-48.82],[68.8,-48.86],[68.76,-49.05],[68.85,-49.15],[68.79,-49.25],[68.9,-49.43],[68.78,-49.59],[68.79,-49.71],[69.07,-49.69],[69.11,-49.6],[69.37,-49.57],[69.47,-49.63],[70.12,-49.71],[70.3,-49.53],[70.14,-49.51],[70.07,-49.57],[69.81,-49.53],[70.14,-49.34],[70.31,-49.38],[70.46,-49.36],[70.56,-49.27],[70.55,-49.18]]]]},"properties":{"iso_a2":"TF","name":"French S. Terr."}},{"type":"Feature","geometry":{"type":"Polygon","coordinates":[[[55.4,-4.66],[55.45,-4.68],[55.52,-4.75],[55.53,-4.68],[55.46,-4.62],[55.4,-4.66]]]},"properties":{"iso_a2":"SC","name":"Seychelles"}},{"type":"Feature","geometry":{"type":"Polygon","coordinates":[[[-157.19,1.76],[-157.38,1.9],[-157.45,1.8],[-157.29,1.75],[-157.19,1.76]]]},"properties":{"iso_a2":"KI","name":"Kiribati"}},{"type":"Feature","geometry":{"type":"Polygon","coordinates":[[[171.39,7.11],[171.23,7.08],[171.26,7.07],[171.29,7.08],[171.37,7.09],[171.39,7.11]]]},"properties":{"iso_a2":"MH","name":"Marshall Islands"}},{"type":"Feature","geometry":{"type":"MultiPolygon","coordinates":[[[[-61,10.7],[-60.95,10.85],[-61.18,10.8],[-61.37,10.8],[-61.4,10.77],[-61.6,10.75],[-61.47,10.6],[-61.49,10.43],[-61.46,10.3],[-61.51,10.24],[-61.61,10.25],[-61.79,10.08],[-61.64,10.06],[-61.54,10.08],[-61.19,10.07],[-61,10.14],[-61,10.36],[-61.04,10.51],[-61,10.7]]],[[[-60.53,11.35],[-60.67,11.3],[-60.79,11.22],[-60.8,11.14],[-60.58,11.26],[-60.53,11.35]]]]},"properties":{"iso_a2":"TT","name":"Trinidad and Tobago"}},{"type":"Feature","geometry":{"type":"Polygon","coordinates":[[[-61.61,12.21],[-61.67,12.24],[-61.76,12.09],[-61.69,12],[-61.61,12.08],[-61.61,12.21]]]},"properties":{"iso_a2":"GD","name":"Grenada"}},{"type":"Feature","geometry":{"type":"Polygon","coordinates":[[[-61.17,13.15],[-61.12,13.31],[-61.21,13.37],[-61.27,13.19],[-61.17,13.15]]]},"properties":{"iso_a2":"VC","name":"Saint Vincent and the Grenadines"}},{"type":"Feature","geometry":{"type":"Polygon","coordinates":[[[-59.43,13.16],[-59.65,13.3],[-59.62,13.09],[-59.51,13.06],[-59.43,13.16]]]},"properties":{"iso_a2":"BB","name":"Barbados"}},{"type":"Feature","geometry":{"type":"Polygon","coordinates":[[[-60.89,14.01],[-60.95,14.1],[-61.06,13.93],[-61.08,13.81],[-60.94,13.72],[-60.89,13.83],[-60.89,14.01]]]},"properties":{"iso_a2":"LC","name":"Saint Lucia"}},{"type":"Feature","geometry":{"type":"Polygon","coordinates":[[[-61.36,15.2],[-61.26,15.29],[-61.27,15.51],[-61.31,15.58],[-61.47,15.63],[-61.49,15.54],[-61.42,15.42],[-61.36,15.2]]]},"properties":{"iso_a2":"DM","name":"Dominica"}},{"type":"Feature","geometry":{"type":"Polygon","coordinates":[[[166.62,19.28],[166.64,19.28],[166.64,19.29],[166.62,19.28]]]},"properties":{"iso_a2":"UM","name":"US minor outlying islands"}},{"type":"Feature","geometry":{"type":"Polygon","coordinates":[[[-62.15,16.74],[-62.2,16.82],[-62.22,16.69],[-62.15,16.74]]]},"properties":{"iso_a2":"MS","name":"Montserrat"}},{"type":"Feature","geometry":{"type":"Polygon","coordinates":[[[-61.88,17.05],[-61.73,17.04],[-61.77,17.13],[-61.88,17.05]]]},"properties":{"iso_a2":"AG","name":"Antigua and Barbuda"}},{"type":"Feature","geometry":{"type":"Polygon","coordinates":[[[-62.65,17.27],[-62.72,17.36],[-62.82,17.42],[-62.86,17.36],[-62.65,17.27]]]},"properties":{"iso_a2":"KN","name":"Saint Kitts and Nevis"}},{"type":"Feature","geometry":{"type":"Polygon","coordinates":[[[-64.56,17.75],[-64.69,17.75],[-64.77,17.79],[-64.89,17.76],[-64.88,17.69],[-64.56,17.75]]]},"properties":{"iso_a2":"VI","name":"US Virgin Islands"}},{"type":"Feature","geometry":{"type":"Polygon","coordinates":[[[-62.84,17.88],[-62.79,17.92],[-62.86,17.93],[-62.84,17.88]]]},"properties":{"iso_a2":"BL","name":"St Barthelemy"}},{"type":"Feature","geometry":{"type":"Polygon","coordinates":[[[-65.63,18.28],[-65.66,18.37],[-65.85,18.44],[-65.99,18.46],[-66.12,18.44],[-66.26,18.48],[-66.47,18.48],[-66.64,18.5],[-66.91,18.49],[-67.1,18.52],[-67.16,18.42],[-67.27,18.37],[-67.15,18.2],[-67.21,17.97],[-66.86,17.95],[-66.77,17.98],[-66.59,17.96],[-66.47,17.99],[-66.42,17.95],[-66.16,17.93],[-65.83,18.03],[-65.74,18.18],[-65.63,18.28]]]},"properties":{"iso_a2":"PR","name":"Puerto Rico"}},{"type":"Feature","geometry":{"type":"Polygon","coordinates":[[[-63.01,18.27],[-63.04,18.27],[-63.11,18.19],[-63.01,18.22],[-63.01,18.27]]]},"properties":{"iso_a2":"AI","name":"Anguilla"}},{"type":"Feature","geometry":{"type":"Polygon","coordinates":[[[-64.64,18.41],[-64.58,18.42],[-64.56,18.45],[-64.66,18.44],[-64.64,18.41]]]},"properties":{"iso_a2":"VG","name":"UK Virgin Islands"}},{"type":"Feature","geometry":{"type":"Polygon","coordinates":[[[-76.26,18.01],[-76.35,18.16],[-76.79,18.28],[-76.92,18.41],[-77.14,18.41],[-77.32,18.47],[-77.9,18.52],[-77.98,18.44],[-78.19,18.45],[-78.35,18.34],[-78.34,18.22],[-78.23,18.19],[-78.07,18.2],[-77.96,18.03],[-77.85,18.02],[-77.84,17.95],[-77.72,17.85],[-77.44,17.86],[-77.32,17.81],[-77.22,17.72],[-77.14,17.88],[-77.09,17.9],[-76.95,17.83],[-76.85,17.99],[-76.65,17.93],[-76.52,17.86],[-76.31,17.87],[-76.19,17.92],[-76.26,18.01]]]},"properties":{"iso_a2":"JM","name":"Jamaica"}},{"type":"Feature","geometry":{"type":"Polygon","coordinates":[[[-81.14,19.36],[-81.29,19.37],[-81.3,19.31],[-81.14,19.29],[-81.14,19.36]]]},"properties":{"iso_a2":"KY","name":"Cayman Islands"}},{"type":"Feature","geometry":{"type":"Polygon","coordinates":[[[-64.68,32.39],[-64.71,32.36],[-64.72,32.32],[-64.74,32.32],[-64.75,32.29],[-64.68,32.34],[-64.7,32.34],[-64.68,32.39]]]},"properties":{"iso_a2":"BM","name":"Bermuda"}},{"type":"Feature","geometry":{"type":"Polygon","coordinates":[[[-5.72,-15.91],[-5.76,-16.02],[-5.66,-15.98],[-5.72,-15.91]]]},"properties":{"iso_a2":"SH","name":"St Helena"}},{"type":"Feature","geometry":{"type":"Polygon","coordinates":[[[57.8,-20.22],[57.67,-19.99],[57.53,-20.02],[57.49,-20.14],[57.41,-20.19],[57.37,-20.29],[57.4,-20.5],[57.5,-20.52],[57.67,-20.48],[57.78,-20.32],[57.8,-20.22]]]},"properties":{"iso_a2":"MU","name":"Mauritius"}},{"type":"Feature","geometry":{"type":"MultiPolygon","coordinates":[[[[44.53,-12.23],[44.48,-12.09],[44.33,-12.24],[44.53,-12.35],[44.53,-12.23]]],[[[43.47,-11.82],[43.38,-11.6],[43.4,-11.42],[43.28,-11.38],[43.24,-11.67],[43.26,-11.82],[43.37,-11.86],[43.47,-11.82]]]]},"properties":{"iso_a2":"KM","name":"Comoros"}},{"type":"Feature","geometry":{"type":"MultiPolygon","coordinates":[[[[6.68,0.41],[6.53,0.35],[6.46,0.22],[6.52,0.03],[6.66,0.11],[6.74,0.22],[6.75,0.34],[6.68,0.41]]],[[[7.46,1.68],[7.4,1.7],[7.33,1.57],[7.43,1.56],[7.46,1.68]]]]},"properties":{"iso_a2":"ST","name":"São Tomé and Príncipe"}},{"type":"Feature","geometry":{"type":"MultiPolygon","coordinates":[[[[-24.3,14.92],[-24.34,15.04],[-24.49,14.99],[-24.53,14.93],[-24.38,14.82],[-24.3,14.92]]],[[[-23.46,15.02],[-23.51,15.11],[-23.7,15.27],[-23.79,15.18],[-23.77,15.04],[-23.68,14.94],[-23.49,14.92],[-23.46,15.02]]],[[[-23.13,15.31],[-23.25,15.27],[-23.26,15.18],[-23.2,15.12],[-23.11,15.2],[-23.13,15.31]]],[[[-22.68,16.11],[-22.71,16.21],[-22.92,16.21],[-22.95,16.02],[-22.81,15.99],[-22.68,16.06],[-22.68,16.11]]],[[[-24.07,16.61],[-24.36,16.68],[-24.42,16.66],[-24.31,16.52],[-24.23,16.6],[-24.11,16.56],[-24.07,16.61]]],[[[-22.93,16.59],[-22.88,16.69],[-22.9,16.83],[-22.99,16.82],[-22.93,16.59]]],[[[-24.92,16.9],[-24.97,16.92],[-25.09,16.85],[-24.99,16.79],[-24.87,16.83],[-24.92,16.9]]],[[[-25.05,17.04],[-24.97,17.11],[-25.1,17.2],[-25.36,17.07],[-25.3,16.92],[-25.19,16.93],[-25.05,17.04]]]]},"properties":{"iso_a2":"CV","name":"Cape Verde"}},{"type":"Feature","geometry":{"type":"Polygon","coordinates":[[[14.55,35.89],[14.43,35.97],[14.34,35.88],[14.51,35.81],[14.55,35.89]]]},"properties":{"iso_a2":"MT","name":"Malta"}},{"type":"Feature","geometry":{"type":"Polygon","coordinates":[[[-2.08,49.26],[-2.24,49.25],[-2.02,49.17],[-2.08,49.26]]]},"properties":{"iso_a2":"JE","name":"Jersey"}},{"type":"Feature","geometry":{"type":"Polygon","coordinates":[[[-2.58,49.49],[-2.67,49.43],[-2.53,49.44],[-2.58,49.49]]]},"properties":{"iso_a2":"GG","name":"Guernsey"}},{"type":"Feature","geometry":{"type":"Polygon","coordinates":[[[-4.61,54.06],[-4.39,54.2],[-4.32,54.31],[-4.44,54.4],[-4.71,54.22],[-4.77,54.1],[-4.61,54.06]]]},"properties":{"iso_a2":"IM","name":"Isle of Man"}},{"type":"Feature","geometry":{"type":"Polygon","coordinates":[[[20.21,60.23],[20.09,60.36],[19.93,60.28],[19.65,60.27],[19.75,60.1],[20.01,60.09],[20.21,60.23]]]},"properties":{"iso_a2":"AX","name":"Åland Islands"}},{"type":"Feature","geometry":{"type":"MultiPolygon","coordinates":[[[[-7.38,62.1],[-7.18,62.03],[-7.04,62.09],[-7.29,62.16],[-7.38,62.1]]],[[[-7.22,62.17],[-7.03,62.12],[-6.86,62],[-6.72,62.03],[-7,62.18],[-7.22,62.17]]],[[[-7.05,62.29],[-6.96,62.19],[-6.69,62.07],[-6.6,62.15],[-6.74,62.26],[-6.93,62.34],[-7.05,62.29]]]]},"properties":{"iso_a2":"FO","name":"Faroe Islands"}},{"type":"Feature","geometry":{"type":"Polygon","coordinates":[[[72.47,-7.38],[72.43,-7.42],[72.44,-7.34],[72.43,-7.32],[72.37,-7.27],[72.38,-7.3],[72.43,-7.32],[72.43,-7.35],[72.43,-7.4],[72.43,-7.43],[72.48,-7.39],[72.47,-7.38]]]},"properties":{"iso_a2":"IO","name":"British Indian Ocean Territory"}},{"type":"Feature","geometry":{"type":"Polygon","coordinates":[[[103.96,1.39],[103.81,1.45],[103.68,1.41],[103.65,1.31],[103.84,1.27],[103.95,1.32],[103.96,1.39]]]},"properties":{"iso_a2":"SG","name":"Singapore"}},{"type":"Feature","geometry":{"type":"Polygon","coordinates":[[[167.98,-29.02],[167.93,-29],[167.92,-29.04],[167.96,-29.07],[167.98,-29.02]]]},"properties":{"iso_a2":"NF","name":"Norfolk Island"}},{"type":"Feature","geometry":{"type":"Polygon","coordinates":[[[-159.8,-21.19],[-159.83,-21.24],[-159.74,-21.25],[-159.74,-21.2],[-159.8,-21.19]]]},"properties":{"iso_a2":"CK","name":"Cook Islands"}},{"type":"Feature","geometry":{"type":"Polygon","coordinates":[[[-175.07,-21.12],[-175.15,-21.17],[-175.25,-21.11],[-175.33,-21.17],[-175.15,-21.27],[-175.07,-21.12]]]},"properties":{"iso_a2":"TO","name":"Tonga"}},{"type":"Feature","geometry":{"type":"Polygon","coordinates":[[[-178.14,-14.24],[-178.19,-14.25],[-178.16,-14.3],[-178.11,-14.28],[-178.14,-14.24]]]},"properties":{"iso_a2":"WF","name":"Wallis & Futuna"}},{"type":"Feature","geometry":{"type":"MultiPolygon","coordinates":[[[[-172.2,-13.59],[-172.28,-13.49],[-172.37,-13.46],[-172.53,-13.48],[-172.75,-13.58],[-172.6,-13.7],[-172.52,-13.8],[-172.32,-13.77],[-172.22,-13.8],[-172.18,-13.7],[-172.2,-13.59]]],[[[-171.56,-13.95],[-171.56,-13.91],[-171.79,-13.82],[-171.88,-13.8],[-172.04,-13.85],[-172.06,-13.91],[-171.94,-13.99],[-171.77,-14.03],[-171.47,-14.05],[-171.56,-13.95]]]]},"properties":{"iso_a2":"WS","name":"Samoa"}},{"type":"Feature","geometry":{"type":"MultiPolygon","coordinates":[[[[160.5,-11.74],[160.09,-11.49],[159.96,-11.52],[160.02,-11.6],[160.17,-11.65],[160.27,-11.63],[160.39,-11.78],[160.48,-11.84],[160.5,-11.74]]],[[[162.38,-10.82],[162.27,-10.81],[162.28,-10.68],[162.23,-10.64],[162.11,-10.46],[161.84,-10.45],[161.74,-10.4],[161.5,-10.25],[161.4,-10.2],[161.29,-10.23],[161.28,-10.31],[161.51,-10.36],[161.49,-10.42],[161.61,-10.61],[161.89,-10.77],[162.01,-10.77],[162.1,-10.82],[162.38,-10.82]]],[[[161.4,-9.41],[161.4,-9.65],[161.57,-9.75],[161.55,-9.62],[161.4,-9.41]]],[[[160.83,-9.84],[160.79,-9.73],[160.67,-9.7],[160.65,-9.61],[160.5,-9.54],[160.37,-9.41],[159.94,-9.43],[159.78,-9.28],[159.71,-9.25],[159.62,-9.29],[159.6,-9.51],[159.72,-9.71],[159.84,-9.79],[160.12,-9.82],[160.32,-9.81],[160.43,-9.89],[160.65,-9.94],[160.8,-9.88],[160.83,-9.84]]],[[[160.1,-9.06],[160.26,-9.12],[160.26,-9.01],[160.1,-9.06]]],[[[158.06,-8.53],[157.96,-8.52],[157.9,-8.58],[157.88,-8.68],[157.95,-8.75],[158.04,-8.76],[158.11,-8.69],[158.14,-8.57],[158.06,-8.53]]],[[[157.36,-8.58],[157.41,-8.5],[157.35,-8.41],[157.2,-8.57],[157.33,-8.65],[157.36,-8.58]]],[[[159.69,-8.51],[159.64,-8.38],[159.54,-8.46],[159.69,-8.51]]],[[[161.36,-9.62],[161.38,-9.51],[161.33,-9.44],[161.25,-9.2],[161.2,-9.14],[161.15,-8.95],[160.95,-8.81],[160.94,-8.69],[161,-8.6],[160.75,-8.31],[160.6,-8.4],[160.72,-8.55],[160.65,-8.6],[160.76,-8.95],[160.87,-9.15],[161.23,-9.43],[161.36,-9.62]]],[[[157.8,-8.56],[157.89,-8.58],[157.91,-8.49],[157.78,-8.25],[157.67,-8.24],[157.61,-8.17],[157.61,-8.07],[157.5,-7.96],[157.43,-7.99],[157.22,-8.22],[157.23,-8.32],[157.48,-8.26],[157.57,-8.28],[157.68,-8.51],[157.8,-8.56]]],[[[157.1,-8.12],[157.2,-8.05],[157.19,-7.95],[157.09,-7.85],[157,-7.87],[156.95,-7.98],[157,-8.09],[157.1,-8.12]]],[[[156.81,-7.72],[156.69,-7.67],[156.57,-7.57],[156.5,-7.63],[156.52,-7.72],[156.66,-7.88],[156.76,-7.82],[156.81,-7.72]]],[[[155.82,-7.02],[155.75,-6.97],[155.67,-7.09],[155.74,-7.12],[155.86,-7.09],[155.82,-7.02]]],[[[166.92,-11.64],[166.87,-11.59],[166.77,-11.63],[166.84,-11.71],[166.92,-11.64]]],[[[166.15,-10.69],[166.03,-10.65],[165.88,-10.66],[165.76,-10.81],[165.86,-10.87],[165.93,-10.78],[166.06,-10.77],[166.15,-10.69]]],[[[159.86,-8.51],[159.8,-8.39],[159.84,-8.33],[159.43,-8.03],[159.4,-7.98],[159.13,-7.92],[158.81,-7.66],[158.65,-7.56],[158.61,-7.59],[158.58,-7.74],[158.95,-8.05],[159.12,-8.12],[159.54,-8.34],[159.63,-8.36],[159.83,-8.54],[159.86,-8.51]]],[[[157.53,-7.33],[157.3,-7.26],[157.15,-7.12],[157.11,-6.97],[157.04,-6.9],[156.74,-6.75],[156.64,-6.65],[156.49,-6.6],[156.46,-6.73],[156.69,-6.9],[156.93,-7.21],[157.06,-7.27],[157.1,-7.33],[157.2,-7.34],[157.41,-7.41],[157.53,-7.33]]]]},"properties":{"iso_a2":"SB","name":"Solomon Islands"}},{"type":"Feature","geometry":{"type":"Polygon","coordinates":[[[179.19,-8.54],[179.22,-8.52],[179.2,-8.52],[179.19,-8.54]]]},"properties":{"iso_a2":"TV","name":"Tuvalu"}},{"type":"Feature","geometry":{"type":"Polygon","coordinates":[[[73.55,4.24],[73.51,4.19],[73.54,4.18],[73.55,4.24]]]},"properties":{"iso_a2":"MV","name":"Maldives"}},{"type":"Feature","geometry":{"type":"Polygon","coordinates":[[[166.94,-0.49],[166.91,-0.5],[166.92,-0.55],[166.96,-0.52],[166.94,-0.49]]]},"properties":{"iso_a2":"NR","name":"Nauru"}},{"type":"Feature","geometry":{"type":"Polygon","coordinates":[[[158.29,6.94],[158.14,6.95],[158.16,6.83],[158.29,6.8],[158.29,6.94]]]},"properties":{"iso_a2":"FM","name":"Micronesia"}},{"type":"Feature","geometry":{"type":"Polygon","coordinates":[[[-35.91,-54.69],[-36.02,-54.49],[-36.24,-54.37],[-36.26,-54.28],[-36.39,-54.24],[-36.68,-54.25],[-36.65,-54.11],[-37.01,-54.05],[-37.61,-54.04],[-37.72,-54.13],[-37.63,-54.17],[-37.44,-54.13],[-37.33,-54.23],[-37.15,-54.26],[-37,-54.35],[-36.88,-54.34],[-36.81,-54.44],[-36.46,-54.54],[-36.3,-54.74],[-36.07,-54.89],[-35.89,-54.78],[-35.91,-54.69]]]},"properties":{"iso_a2":"GS","name":"South Georgia & the South Sandwich Islands"}},{"type":"Feature","geometry":{"type":"MultiPolygon","coordinates":[[[[-60.95,-51.95],[-60.88,-51.86],[-61.11,-51.82],[-61.12,-51.89],[-60.95,-51.95]]],[[[-59.63,-51.74],[-59.52,-51.62],[-59.39,-51.59],[-59.26,-51.46],[-59.56,-51.42],[-60.03,-51.39],[-60.15,-51.49],[-60.32,-51.45],[-60.57,-51.36],[-60.49,-51.53],[-60.32,-51.57],[-60.22,-51.65],[-60.61,-51.74],[-60.45,-51.8],[-60.4,-51.92],[-60.51,-51.98],[-60.69,-51.98],[-60.89,-52.04],[-60.87,-52.11],[-60.59,-52.24],[-60.26,-52.07],[-60.26,-51.98],[-59.99,-51.99],[-59.87,-51.95],[-59.63,-51.74]]],[[[-57.82,-51.69],[-57.78,-51.62],[-58.03,-51.59],[-58.01,-51.51],[-57.8,-51.55],[-57.91,-51.38],[-58.23,-51.39],[-58.48,-51.3],[-58.73,-51.33],[-59.1,-51.41],[-59.01,-51.49],[-59.1,-51.62],[-59.36,-51.82],[-59.58,-51.91],[-59.57,-52.06],[-59.69,-52.13],[-59.47,-52.3],[-59.39,-52.11],[-59.22,-52.21],[-59.05,-52.21],[-59.18,-52.06],[-59.14,-51.98],[-58.95,-52.06],[-58.73,-52.05],[-58.6,-52],[-58.76,-51.89],[-58.42,-51.89],[-58.2,-51.82],[-58.14,-51.76],[-57.82,-51.69]]]]},"properties":{"iso_a2":"FK","name":"Falkland Islands"}},{"type":"Feature","geometry":{"type":"MultiPolygon","coordinates":[[[[169.43,-19.49],[169.37,-19.47],[169.35,-19.33],[169.26,-19.33],[169.21,-19.48],[169.28,-19.58],[169.44,-19.66],[169.5,-19.54],[169.43,-19.49]]],[[[169.34,-18.93],[169.22,-18.82],[169.15,-18.64],[169.04,-18.63],[168.99,-18.69],[168.99,-18.88],[169.26,-18.98],[169.34,-18.93]]],[[[168.55,-17.69],[168.45,-17.55],[168.32,-17.53],[168.18,-17.66],[168.29,-17.71],[168.39,-17.82],[168.54,-17.8],[168.55,-17.69]]],[[[168.19,-16.81],[168.37,-16.8],[168.31,-16.69],[168.24,-16.68],[168.15,-16.58],[168.12,-16.71],[168.19,-16.81]]],[[[168.18,-16.35],[168.29,-16.34],[168.17,-16.08],[168.07,-16.18],[167.92,-16.26],[168.14,-16.36],[168.18,-16.35]]],[[[167.81,-16.42],[167.75,-16.34],[167.4,-16.09],[167.34,-15.91],[167.19,-15.89],[167.15,-16.08],[167.23,-16.17],[167.32,-16.11],[167.38,-16.19],[167.39,-16.37],[167.46,-16.57],[167.52,-16.58],[167.62,-16.49],[167.73,-16.52],[167.81,-16.42]]],[[[167.21,-15.75],[167.23,-15.64],[167.13,-15.62],[167.09,-15.7],[167.21,-15.75]]],[[[168.19,-15.52],[168.12,-15.66],[168.19,-15.99],[168.27,-15.95],[168.26,-15.86],[168.19,-15.52]]],[[[167.94,-15.39],[167.98,-15.28],[167.8,-15.32],[167.68,-15.43],[167.84,-15.48],[167.94,-15.39]]],[[[167.14,-15.54],[167.25,-15.5],[167.19,-15.42],[167.19,-15.31],[167.14,-15.15],[167.09,-15.14],[167.06,-14.95],[166.97,-14.98],[166.92,-15.16],[166.8,-15.15],[166.74,-14.83],[166.61,-14.63],[166.56,-14.65],[166.52,-14.83],[166.57,-14.96],[166.65,-15.26],[166.62,-15.38],[166.77,-15.58],[166.79,-15.66],[166.91,-15.59],[167.1,-15.58],[167.14,-15.54]]],[[[167.52,-14.14],[167.41,-14.19],[167.43,-14.32],[167.53,-14.32],[167.6,-14.19],[167.52,-14.14]]],[[[167.45,-13.92],[167.55,-13.87],[167.49,-13.71],[167.39,-13.8],[167.45,-13.92]]]]},"properties":{"iso_a2":"VU","name":"Vanuatu"}},{"type":"Feature","geometry":{"type":"Polygon","coordinates":[[[-169.85,-18.96],[-169.95,-19.07],[-169.9,-19.14],[-169.78,-19.07],[-169.85,-18.96]]]},"properties":{"iso_a2":"NU","name":"Niue"}},{"type":"Feature","geometry":{"type":"Polygon","coordinates":[[[-170.59,-14.26],[-170.66,-14.25],[-170.83,-14.32],[-170.75,-14.37],[-170.59,-14.26]]]},"properties":{"iso_a2":"AS","name":"American Samoa"}},{"type":"Feature","geometry":{"type":"Polygon","coordinates":[[[134.65,7.72],[134.49,7.48],[134.59,7.42],[134.66,7.59],[134.65,7.72]]]},"properties":{"iso_a2":"PW","name":"Palau"}},{"type":"Feature","geometry":{"type":"Polygon","coordinates":[[[144.89,13.64],[144.78,13.52],[144.64,13.42],[144.68,13.25],[144.76,13.29],[144.81,13.45],[144.94,13.56],[144.89,13.64]]]},"properties":{"iso_a2":"GU","name":"Guam"}},{"type":"Feature","geometry":{"type":"Polygon","coordinates":[[[145.79,15.27],[145.7,15.2],[145.74,15.12],[145.79,15.27]]]},"properties":{"iso_a2":"MP","name":"Northern Mariana Islands"}},{"type":"Feature","geometry":{"type":"Polygon","coordinates":[[[50.55,26.19],[50.45,26.15],[50.46,25.99],[50.6,25.86],[50.62,26.11],[50.55,26.19]]]},"properties":{"iso_a2":"BH","name":"Bahrain"}},{"type":"Feature","geometry":{"type":"Polygon","coordinates":[[[113.56,22.16],[113.53,22.16],[113.55,22.11],[113.59,22.13],[113.56,22.16]]]},"properties":{"iso_a2":"MO","name":"Macau"}},{"type":"Feature","geometry":{"type":"Polygon","coordinates":[[[-54.61,2.33],[-54.48,2.21],[-54.32,2.16],[-54.19,2.16],[-53.95,2.22],[-53.87,2.31],[-53.75,2.32],[-53.53,2.25],[-53.34,2.35],[-53.23,2.25],[-52.98,2.17],[-52.88,2.26],[-52.71,2.36],[-52.55,2.57],[-52.53,2.69],[-52.35,3.06],[-52.36,3.13],[-52.23,3.26],[-52.01,3.62],[-51.99,3.71],[-51.83,3.87],[-51.78,3.98],[-51.68,4.04],[-51.65,4.19],[-51.72,4.33],[-51.8,4.61],[-51.9,4.67],[-51.93,4.59],[-52.3,4.95],[-52.4,4.97],[-52.75,5.27],[-52.78,5.32],[-52.99,5.46],[-53.26,5.55],[-53.52,5.58],[-53.81,5.73],[-53.94,5.75],[-54.06,5.44],[-54.17,5.35],[-54.27,5.27],[-54.43,5.05],[-54.49,4.9],[-54.48,4.76],[-54.43,4.71],[-54.42,4.56],[-54.45,4.48],[-54.39,4.24],[-54.33,4.13],[-54.34,4.03],[-54.24,3.88],[-54.09,3.75],[-54.05,3.64],[-53.99,3.61],[-54,3.46],[-54.07,3.33],[-54.18,3.2],[-54.16,2.96],[-54.21,2.78],[-54.28,2.68],[-54.36,2.51],[-54.52,2.35],[-54.61,2.33]]]},"properties":{"iso_a2":"GF","name":"French Guiana"}},{"type":"Feature","geometry":{"type":"Polygon","coordinates":[[[-7.25,55.07],[-7.4,55],[-7.56,54.74],[-7.91,54.66],[-7.75,54.6],[-8,54.54],[-8.16,54.44],[-7.89,54.29],[-7.84,54.2],[-7.61,54.14],[-7.31,54.12],[-7.21,54.29],[-7.05,54.41],[-6.88,54.34],[-6.82,54.23],[-6.63,54.15],[-6.62,54.04],[-6.27,54.1],[-6.04,54.04],[-5.88,54.12],[-5.86,54.23],[-5.64,54.24],[-5.46,54.39],[-5.43,54.47],[-5.54,54.66],[-5.75,54.68],[-5.7,54.83],[-5.82,54.88],[-6.04,55.17],[-6.48,55.25],[-6.75,55.18],[-6.95,55.2],[-7.02,55.07],[-7.25,55.07]]]},"properties":{"iso_a2":"GB-NIR","name":"Northern Ireland"}},{"type":"Feature","geometry":{"type":"MultiPolygon","coordinates":[[[[-3.08,53.26],[-3.33,53.35],[-3.56,53.29],[-3.77,53.32],[-4.07,53.23],[-4.15,53.23],[-4.34,53.11],[-4.36,53.03],[-4.6,52.93],[-4.41,52.89],[-4.13,52.89],[-4.05,52.72],[-4.12,52.63],[-4.05,52.54],[-4.1,52.39],[-4.2,52.28],[-4.51,52.14],[-4.74,52.1],[-4.83,52.02],[-5.08,52.02],[-5.29,51.92],[-5.13,51.86],[-5.11,51.78],[-4.94,51.6],[-4.71,51.65],[-4.64,51.73],[-4.46,51.74],[-4.29,51.67],[-4.27,51.56],[-3.97,51.56],[-3.85,51.62],[-3.72,51.48],[-3.54,51.4],[-3.18,51.4],[-3.11,51.5],[-2.86,51.55],[-2.66,51.62],[-2.66,51.82],[-2.87,51.93],[-2.96,51.91],[-3.12,52.08],[-3.05,52.23],[-2.97,52.26],[-3.21,52.42],[-3.03,52.5],[-3.12,52.57],[-2.96,52.73],[-3.14,52.8],[-3,52.95],[-2.72,52.92],[-3.08,53.26]]],[[[-4.1,53.31],[-4.2,53.3],[-4.28,53.4],[-4.55,53.4],[-4.57,53.28],[-4.5,53.18],[-4.34,53.13],[-4.23,53.18],[-4.2,53.22],[-4.1,53.25],[-4.1,53.31]]]]},"properties":{"iso_a2":"GB-WLS","name":"Wales"}},{"type":"Feature","geometry":{"type":"MultiPolygon","coordinates":[[[[-2.66,51.62],[-2.7,51.51],[-2.82,51.47],[-3.01,51.31],[-3,51.22],[-3.38,51.19],[-3.77,51.25],[-4.15,51.21],[-4.21,51.08],[-4.34,51],[-4.53,51.02],[-4.55,50.81],[-4.79,50.6],[-5.03,50.52],[-5.05,50.43],[-5.44,50.19],[-5.68,50.16],[-5.7,50.05],[-5.58,50.06],[-5.5,50.13],[-5.29,50.07],[-5.24,49.99],[-5.06,50.06],[-5.05,50.2],[-4.8,50.23],[-4.75,50.33],[-4.49,50.33],[-4.17,50.38],[-4.04,50.3],[-3.95,50.32],[-3.83,50.23],[-3.65,50.23],[-3.54,50.34],[-3.47,50.59],[-3.26,50.68],[-2.86,50.73],[-2.69,50.69],[-2.48,50.59],[-2.44,50.64],[-1.98,50.6],[-1.95,50.71],[-1.67,50.74],[-1.32,50.8],[-1.06,50.78],[-0.94,50.84],[-0.81,50.74],[-0.57,50.8],[-0.17,50.83],[0.27,50.75],[0.37,50.82],[0.66,50.87],[0.97,50.98],[1.09,51.07],[1.36,51.13],[1.41,51.22],[1.42,51.39],[0.98,51.35],[0.56,51.41],[0.92,51.59],[0.99,51.83],[1.14,51.78],[1.29,51.86],[1.33,51.94],[1.58,52.08],[1.63,52.27],[1.77,52.49],[1.75,52.63],[1.64,52.78],[1.27,52.93],[0.69,52.99],[0.52,52.96],[0.38,52.79],[0.25,52.8],[0.02,52.91],[0.33,53.09],[0.34,53.23],[0.15,53.48],[-0.19,53.62],[0.13,53.64],[-0.15,53.9],[-0.22,54.02],[-0.11,54.13],[-0.23,54.16],[-0.4,54.27],[-0.56,54.48],[-0.79,54.56],[-1.12,54.63],[-1.27,54.75],[-1.52,55.17],[-1.63,55.59],[-1.82,55.64],[-2.02,55.81],[-2.33,55.62],[-2.18,55.47],[-2.38,55.36],[-2.55,55.31],[-2.7,55.18],[-2.82,55.14],[-3.05,54.98],[-3.28,54.94],[-3.39,54.88],[-3.63,54.51],[-3.4,54.32],[-3.24,54.11],[-3.12,54.11],[-2.85,54.19],[-2.8,54.13],[-3.04,53.92],[-3.05,53.77],[-2.95,53.71],[-3.09,53.59],[-3.06,53.44],[-3.19,53.39],[-3.08,53.26],[-2.72,52.92],[-3,52.95],[-3.14,52.8],[-2.96,52.73],[-3.12,52.57],[-3.03,52.5],[-3.21,52.42],[-2.97,52.26],[-3.05,52.23],[-3.12,52.08],[-2.96,51.91],[-2.87,51.93],[-2.66,51.82],[-2.66,51.62]]],[[[-1.08,50.71],[-1.3,50.77],[-1.51,50.71],[-1.32,50.59],[-1.17,50.6],[-1.08,50.71]]]]},"properties":{"iso_a2":"GB-ENG","name":"England"}},{"type":"Feature","geometry":{"type":"MultiPolygon","coordinates":[[[[-2.02,55.81],[-2.14,55.92],[-2.31,55.94],[-2.63,56.06],[-2.8,56.07],[-2.94,55.97],[-3.3,55.98],[-3.13,56.12],[-2.96,56.21],[-2.78,56.19],[-2.58,56.28],[-2.82,56.38],[-2.76,56.48],[-2.53,56.58],[-2.44,56.74],[-2.22,56.87],[-1.98,57.32],[-1.76,57.47],[-1.83,57.61],[-2,57.7],[-2.43,57.67],[-2.92,57.7],[-3.08,57.67],[-3.28,57.72],[-3.49,57.71],[-3.84,57.59],[-4.2,57.68],[-3.91,57.81],[-4.14,57.85],[-3.99,57.96],[-3.51,58.17],[-3.38,58.27],[-3.22,58.31],[-3.09,58.41],[-3.13,58.51],[-3.02,58.64],[-3.2,58.66],[-3.81,58.57],[-4.61,58.53],[-4.99,58.63],[-5.1,58.51],[-5.17,58.35],[-5.1,58.28],[-5.39,58.25],[-5.28,58.09],[-5.29,57.98],[-5.49,57.86],[-5.81,57.83],[-5.76,57.63],[-5.87,57.48],[-5.81,57.36],[-5.62,57.25],[-5.79,57.06],[-5.91,56.76],[-6,56.62],[-5.67,56.5],[-5.41,56.55],[-5.39,56.47],[-5.51,56.4],[-5.6,56.26],[-5.52,56.17],[-5.59,56.01],[-5.7,55.92],[-5.58,55.76],[-5.72,55.57],[-5.75,55.3],[-5.59,55.31],[-5.45,55.59],[-5.45,55.7],[-5.32,55.77],[-5.41,55.87],[-5.43,56.01],[-5.31,56.01],[-4.98,55.87],[-4.86,55.76],[-4.92,55.71],[-4.67,55.58],[-4.62,55.5],[-4.83,55.33],[-4.88,55.22],[-5.01,55.14],[-5.05,55.02],[-5.17,55.01],[-5.13,54.85],[-4.95,54.81],[-4.86,54.87],[-4.6,54.78],[-4.51,54.71],[-4.35,54.7],[-4.34,54.8],[-3.96,54.77],[-3.84,54.87],[-3.6,54.88],[-3.58,54.97],[-3.05,54.98],[-2.82,55.14],[-2.7,55.18],[-2.55,55.31],[-2.38,55.36],[-2.18,55.47],[-2.33,55.62],[-2.02,55.81]]],[[[-5.07,55.51],[-5.16,55.68],[-5.26,55.72],[-5.39,55.65],[-5.35,55.48],[-5.16,55.44],[-5.07,55.51]]],[[[-6.03,55.73],[-6.12,55.93],[-6.41,55.86],[-6.49,55.74],[-6.32,55.73],[-6.1,55.64],[-6.03,55.73]]],[[[-5.8,56.11],[-5.95,56.04],[-6.07,55.92],[-5.96,55.81],[-5.74,56.08],[-5.8,56.11]]],[[[-5.69,56.44],[-5.72,56.49],[-5.95,56.52],[-6.06,56.64],[-6.29,56.61],[-6.29,56.53],[-6.13,56.47],[-6.33,56.28],[-6.15,56.28],[-5.72,56.35],[-5.69,56.44]]],[[[-7.24,57.33],[-7.44,57.24],[-7.27,57.15],[-7.24,57.33]]],[[[-7.13,57.65],[-7.18,57.69],[-7.54,57.59],[-7.16,57.51],[-7.13,57.65]]],[[[-6.56,57.35],[-6.32,57.16],[-6.02,57.2],[-5.92,57.05],[-5.69,57.19],[-6.11,57.32],[-6.15,57.59],[-6.31,57.7],[-6.42,57.65],[-6.37,57.53],[-6.65,57.55],[-6.78,57.46],[-6.56,57.35]]],[[[-6.85,57.91],[-7.08,57.81],[-6.98,57.74],[-6.56,57.92],[-6.4,58.01],[-6.4,58.21],[-6.19,58.34],[-6.17,58.42],[-6.35,58.46],[-6.82,58.29],[-6.9,58.17],[-7.06,58.23],[-7.13,58.12],[-7.11,57.99],[-6.85,57.91]]],[[[-2.73,58.97],[-3.01,59.02],[-3.08,59.13],[-3.35,59.1],[-3.32,58.96],[-3.2,58.92],[-2.97,58.95],[-2.84,58.88],[-2.73,58.97]]],[[[-1.1,60.42],[-1.34,60.53],[-1.53,60.48],[-1.37,60.38],[-1.4,60.32],[-1.64,60.31],[-1.67,60.24],[-1.26,60.12],[-1.14,60.19],[-1.1,60.42]]]]},"properties":{"iso_a2":"GB-SCT","name":"Scotland"}},{"type":"Feature","geometry":{"type":"Polygon","coordinates":[[[-68.21,12.23],[-68.4,12.3],[-68.42,12.26],[-68.3,12.2],[-68.21,12.23]]]},"properties":{"iso_a2":"BQ","name":"Caribbean NL"}},{"type":"Feature","geometry":{"type":"Polygon","coordinates":[[[-60.81,14.46],[-60.85,14.6],[-61,14.81],[-61.17,14.88],[-61.23,14.82],[-61.16,14.67],[-61.05,14.56],[-61.07,14.47],[-60.81,14.46]]]},"properties":{"iso_a2":"MQ","name":"Martinique"}},{"type":"Feature","geometry":{"type":"MultiPolygon","coordinates":[[[[-61.55,16.29],[-61.77,16.35],[-61.8,16.25],[-61.77,16.09],[-61.69,15.95],[-61.6,16],[-61.56,16.09],[-61.55,16.29]]],[[[-61.54,16.29],[-61.46,16.2],[-61.19,16.26],[-61.38,16.36],[-61.46,16.51],[-61.53,16.45],[-61.54,16.29]]]]},"properties":{"iso_a2":"GP","name":"Guadeloupe"}},{"type":"Feature","geometry":{"type":"Polygon","coordinates":[[[55.79,-21.1],[55.7,-20.95],[55.58,-20.87],[55.41,-20.86],[55.3,-20.9],[55.23,-21.05],[55.36,-21.27],[55.55,-21.36],[55.71,-21.37],[55.82,-21.32],[55.86,-21.16],[55.79,-21.1]]]},"properties":{"iso_a2":"RE","name":"Réunion"}},{"type":"Feature","geometry":{"type":"Polygon","coordinates":[[[45.2,-12.72],[45.09,-12.76],[45.13,-12.89],[45.21,-12.85],[45.2,-12.72]]]},"properties":{"iso_a2":"YT","name":"Mayotte"}},{"type":"Feature","geometry":{"type":"Polygon","coordinates":[[[96.86,-12.18],[96.85,-12.19],[96.85,-12.2],[96.87,-12.19],[96.86,-12.18]]]},"properties":{"iso_a2":"CC","name":"Cocos (Keeling) Islands"}},{"type":"Feature","geometry":{"type":"Polygon","coordinates":[[[105.7,-10.43],[105.66,-10.47],[105.7,-10.56],[105.7,-10.43]]]},"properties":{"iso_a2":"CX","name":"Christmas Island"}},{"type":"Feature","geometry":{"type":"Polygon","coordinates":[[[-172.49,-8.56],[-172.48,-8.56],[-172.49,-8.55],[-172.49,-8.56]]]},"properties":{"iso_a2":"TK","name":"Tokelau"}},{"type":"Feature","geometry":{"type":"MultiPolygon","coordinates":[[[[-7.96,71.18],[-8.33,71.15],[-8.52,71.01],[-9.12,70.88],[-8.96,70.82],[-8.7,70.94],[-8.01,71.03],[-7.96,71.18]]],[[[19.16,74.53],[18.79,74.48],[19.07,74.35],[19.3,74.48],[19.16,74.53]]],[[[24.43,77.83],[23.63,77.87],[23.12,77.99],[23.07,78.07],[23.47,78.15],[22.97,78.26],[22.4,78.2],[21.7,78.21],[20.99,78.14],[20.88,78.08],[21.58,77.94],[21.26,77.73],[21.19,77.6],[20.87,77.57],[20.92,77.44],[22.19,77.5],[22.44,77.44],[22.43,77.26],[23.24,77.26],[23.35,77.38],[23.89,77.51],[24.43,77.83]]],[[[21.02,78.22],[22.27,78.27],[22.24,78.49],[21.98,78.57],[21.18,78.62],[20.87,78.56],[20.18,78.5],[20.66,78.39],[21.02,78.22]]],[[[12.14,78.24],[11.76,78.45],[11.27,78.57],[11.18,78.73],[10.84,78.88],[10.53,78.79],[10.78,78.69],[11.12,78.44],[11.31,78.45],[12.14,78.24]]],[[[20.1,79.12],[20.41,79],[20.83,79.06],[20.1,79.12]]],[[[20.21,78.64],[21.1,78.64],[21.55,78.78],[21.52,78.85],[20.45,78.95],[19.91,79.01],[19.79,79.17],[18.95,79.16],[18.78,79.28],[18.91,79.39],[18.73,79.54],[18.35,79.63],[17.56,79.9],[16.62,79.99],[16.26,80.06],[15.65,79.85],[15.96,79.31],[15.5,79.33],[15.3,79.6],[14.86,79.77],[14.55,79.81],[13.88,79.54],[13.92,79.36],[13.01,79.69],[13.74,79.71],[13.97,79.78],[13.8,79.88],[12.77,79.77],[11.82,79.85],[11.2,79.72],[10.71,79.56],[10.84,79.37],[11.28,79.1],[11.86,78.86],[11.64,78.75],[12.02,78.61],[12.35,78.6],[12.36,78.49],[12.86,78.36],[12.91,78.25],[13.86,78.21],[14.28,78.31],[14.38,78.5],[14.8,78.64],[15.21,78.66],[15.44,78.46],[16,78.48],[16.94,78.35],[15.8,78.34],[15.04,78.12],[13.87,78.1],[13.59,78.06],[13.72,77.77],[14.46,77.76],[15.09,77.79],[15.56,77.88],[15.79,77.83],[16.68,77.87],[16.87,77.81],[15.12,77.7],[14.97,77.62],[15.85,77.58],[15.85,77.53],[14.6,77.53],[14.44,77.59],[13.91,77.53],[13.96,77.43],[14.32,77.28],[14.37,77.2],[15.04,77.14],[15.35,77.01],[15.73,76.93],[15.68,76.85],[16.28,76.71],[16.34,76.62],[16.81,76.57],[17.19,76.7],[16.94,76.78],[17.32,76.98],[17.48,77.31],[17.81,77.49],[18.19,77.49],[18.45,77.76],[18.33,77.91],[18.58,78.06],[19.06,78.09],[18.92,78.18],[19.07,78.38],[18.99,78.47],[19.68,78.52],[19.76,78.62],[20.21,78.64]]],[[[33.1,80.23],[31.5,80.12],[31.61,80.07],[32.83,80.13],[33.1,80.23]]],[[[27.17,80.07],[26.81,80.17],[25.94,80.19],[25.23,80.25],[23.74,80.3],[23.81,80.19],[23.01,80.17],[23.31,80.29],[23.27,80.45],[22.76,80.5],[22.33,80.36],[22.56,80.31],[22.37,80.11],[21.76,80.15],[21.85,80.27],[20.88,80.21],[20.39,80.42],[19.8,80.49],[19.11,80.26],[18.96,80.16],[18.01,80.19],[18.66,79.97],[18.23,79.89],[18.78,79.72],[19.49,79.72],[20.17,79.79],[21.89,79.82],[21.85,79.71],[20.48,79.69],[19.63,79.61],[20.2,79.47],[20.73,79.46],[20.82,79.38],[21.71,79.37],[22.42,79.41],[22.93,79.22],[24.05,79.19],[24.29,79.31],[24.77,79.37],[25.18,79.34],[25.83,79.44],[25.83,79.63],[26.5,79.72],[27.15,79.86],[27.17,80.07]]]]},"properties":{"iso_a2":"SJ","name":"Svalbard & Jan Mayen"}}]}